file,result,llm_result,result_2ls,result_irank_complex,result_irank_simple,path
960521-1_1_true-valid-memsafety.c,YES,YES,YES,NO,MAYBE,TPDB_Y2024_filtered_VBS\SV-COMP_Mixed_Categories
Addition01_true-unreach-call_true-termination.c,YES,YES,YES,Failed,Failed,TPDB_Y2024_filtered_VBS\SV-COMP_Mixed_Categories
afterrec_2calls_false-unreach-call.c,YES,NO,Maybe,Failed,Failed,TPDB_Y2024_filtered_VBS\SV-COMP_Mixed_Categories
BallRajamani-SPIN2000-Fig1_false-unreach-call.c,YES,NO,YES,Failed,Failed,TPDB_Y2024_filtered_VBS\SV-COMP_Mixed_Categories
bist_cell_true-unreach-call_false-termination.cil.c,NO,YES,Maybe,Failed,Failed,TPDB_Y2024_filtered_VBS\SV-COMP_Mixed_Categories
cdaudio_simpl1_false-unreach-call_true-termination.cil.c,YES,Failed,Maybe,YES,YES,TPDB_Y2024_filtered_VBS\SV-COMP_Mixed_Categories
data_structures_set_multi_proc_false-unreach-call_ground.c,YES,YES,Failed,YES,MAYBE,TPDB_Y2024_filtered_VBS\SV-COMP_Mixed_Categories
diskperf_simpl1_true-unreach-call_true-termination.cil.c,YES,Failed,Maybe,Failed,Failed,TPDB_Y2024_filtered_VBS\SV-COMP_Mixed_Categories
email_spec0_product05_true-unreach-call.cil.c,YES,Failed,Failed,Failed,Failed,TPDB_Y2024_filtered_VBS\SV-COMP_Mixed_Categories
EvenOdd01_true-unreach-call_true-termination.c,YES,YES,Failed,Failed,Failed,TPDB_Y2024_filtered_VBS\SV-COMP_Mixed_Categories
Fibonacci01_true-unreach-call.c,YES,YES,YES,Failed,Failed,TPDB_Y2024_filtered_VBS\SV-COMP_Mixed_Categories
fibo_2calls_2_false-unreach-call.c,YES,YES,Maybe,Failed,Failed,TPDB_Y2024_filtered_VBS\SV-COMP_Mixed_Categories
fibo_5_false-unreach-call.c,YES,YES,YES,Failed,Failed,TPDB_Y2024_filtered_VBS\SV-COMP_Mixed_Categories
floppy_simpl3_false-unreach-call_true-termination.cil.c,YES,YES,Maybe,Failed,Failed,TPDB_Y2024_filtered_VBS\SV-COMP_Mixed_Categories
gcd01_true-unreach-call_true-termination.c,YES,YES,YES,Failed,Failed,TPDB_Y2024_filtered_VBS\SV-COMP_Mixed_Categories
id2_b2_o3_true-unreach-call.c,NO,YES,Failed,Failed,Failed,TPDB_Y2024_filtered_VBS\SV-COMP_Mixed_Categories
id_i10_o10_false-unreach-call.c,YES,YES,YES,Failed,Failed,TPDB_Y2024_filtered_VBS\SV-COMP_Mixed_Categories
kbfiltr_simpl1_true-unreach-call_true-termination.cil.c,YES,NO,Maybe,YES,YES,TPDB_Y2024_filtered_VBS\SV-COMP_Mixed_Categories
McCarthy91_false-unreach-call_false-termination.c,YES,YES,YES,Failed,Failed,TPDB_Y2024_filtered_VBS\SV-COMP_Mixed_Categories
mem_slave_tlm.1_true-unreach-call_false-termination.cil.c,NO,NO,Maybe,Failed,Failed,TPDB_Y2024_filtered_VBS\SV-COMP_Mixed_Categories
minepump_spec1_product01_true-unreach-call.cil.c,NO,Failed,Maybe,Failed,MAYBE,TPDB_Y2024_filtered_VBS\SV-COMP_Mixed_Categories
pals_floodmax.3_false-unreach-call.1.ufo.BOUNDED-6.pals.c,NO,YES,Maybe,Failed,Failed,TPDB_Y2024_filtered_VBS\SV-COMP_Mixed_Categories
pals_lcr-var-start-time.3_false-unreach-call.1.ufo.BOUNDED-6.pals.c,NO,YES,Maybe,Failed,Failed,TPDB_Y2024_filtered_VBS\SV-COMP_Mixed_Categories
pals_lcr-var-start-time.6_false-unreach-call.1.ufo.BOUNDED-12.pals.c,NO,Failed,Maybe,Failed,Failed,TPDB_Y2024_filtered_VBS\SV-COMP_Mixed_Categories
pals_lcr.3_false-unreach-call.1.ufo.BOUNDED-6.pals.c,NO,YES,Maybe,Failed,Failed,TPDB_Y2024_filtered_VBS\SV-COMP_Mixed_Categories
pals_lcr.8_false-unreach-call.1.ufo.BOUNDED-16.pals.c,NO,YES,Maybe,Failed,Failed,TPDB_Y2024_filtered_VBS\SV-COMP_Mixed_Categories
pals_opt-floodmax.3_false-unreach-call.1.ufo.BOUNDED-6.pals.c,NO,Failed,Maybe,Failed,Failed,TPDB_Y2024_filtered_VBS\SV-COMP_Mixed_Categories
pals_STARTPALS_ActiveStandby_false-unreach-call.1.ufo.BOUNDED-10.pals.c,NO,YES,Maybe,Failed,Failed,TPDB_Y2024_filtered_VBS\SV-COMP_Mixed_Categories
pals_STARTPALS_Triplicated_false-unreach-call.1.ufo.BOUNDED-10.pals.c,NO,YES,Maybe,Failed,Failed,TPDB_Y2024_filtered_VBS\SV-COMP_Mixed_Categories
pc_sfifo_1_false-unreach-call_false-termination.cil.c,NO,NO,Maybe,Failed,Failed,TPDB_Y2024_filtered_VBS\SV-COMP_Mixed_Categories
Primes_true-unreach-call.c,NO,YES,YES,Failed,Failed,TPDB_Y2024_filtered_VBS\SV-COMP_Mixed_Categories
Problem02_label00_true-unreach-call.c,NO,NO,Maybe,Failed,Failed,TPDB_Y2024_filtered_VBS\SV-COMP_Mixed_Categories
recHanoi01_true-unreach-call_true-termination.c,YES,YES,YES,Failed,Failed,TPDB_Y2024_filtered_VBS\SV-COMP_Mixed_Categories
s3_clnt_1_false-unreach-call.cil.c,YES,NO,Failed,Failed,Failed,TPDB_Y2024_filtered_VBS\SV-COMP_Mixed_Categories
s3_srvr_14_false-unreach-call.cil.c,NO,NO,Maybe,Failed,Failed,TPDB_Y2024_filtered_VBS\SV-COMP_Mixed_Categories
s3_srvr_1_false-unreach-call.cil.c,NO,NO,Failed,Failed,Failed,TPDB_Y2024_filtered_VBS\SV-COMP_Mixed_Categories
standard_compare_true-unreach-call_ground.c,YES,YES,Failed,YES,MAYBE,TPDB_Y2024_filtered_VBS\SV-COMP_Mixed_Categories
standard_copy7_true-unreach-call_ground.c,YES,YES,Failed,YES,MAYBE,TPDB_Y2024_filtered_VBS\SV-COMP_Mixed_Categories
standard_password_true-unreach-call_ground.c,YES,YES,Failed,YES,MAYBE,TPDB_Y2024_filtered_VBS\SV-COMP_Mixed_Categories
stateful_check_false-unreach-call.c,NO,YES,Maybe,Failed,Failed,TPDB_Y2024_filtered_VBS\SV-COMP_Mixed_Categories
sum_2x3_false-unreach-call.c,YES,YES,YES,Failed,Failed,TPDB_Y2024_filtered_VBS\SV-COMP_Mixed_Categories
sum_non_eq_false-unreach-call.c,NO,NO,YES,Failed,Failed,TPDB_Y2024_filtered_VBS\SV-COMP_Mixed_Categories
test_locks_15_true-unreach-call_false-termination.c,NO,NO,Failed,Failed,Failed,TPDB_Y2024_filtered_VBS\SV-COMP_Mixed_Categories
token_ring.01_false-unreach-call_false-termination.cil.c,NO,NO,Maybe,Failed,Failed,TPDB_Y2024_filtered_VBS\SV-COMP_Mixed_Categories
token_ring.05_false-unreach-call_false-termination.cil.c,NO,NO,Maybe,Failed,Failed,TPDB_Y2024_filtered_VBS\SV-COMP_Mixed_Categories
transmitter.01_false-unreach-call_false-termination.cil.c,NO,NO,Maybe,Failed,Failed,TPDB_Y2024_filtered_VBS\SV-COMP_Mixed_Categories
transmitter.06_false-unreach-call_false-termination.cil.c,NO,NO,Maybe,Failed,Failed,TPDB_Y2024_filtered_VBS\SV-COMP_Mixed_Categories
2Nested_true-termination.c,YES,YES,Maybe,YES,MAYBE,TPDB_Y2024_filtered_VBS\Stroeder_15
4NestedWith3Variables_true-termination.c,YES,YES,Maybe,YES,MAYBE,TPDB_Y2024_filtered_VBS\Stroeder_15
aaron2_true-termination.c,YES,Failed,Maybe,YES,YES,TPDB_Y2024_filtered_VBS\Stroeder_15
aaron3_true-termination.c,YES,YES,Maybe,Failed,Failed,TPDB_Y2024_filtered_VBS\Stroeder_15
AliasDarteFeautrierGonnord-SAS2010-complex_true-termination.c,YES,YES,Maybe,YES,MAYBE,TPDB_Y2024_filtered_VBS\Stroeder_15
AliasDarteFeautrierGonnord-SAS2010-counterex1a_true-termination.c,YES,YES,Maybe,Failed,MAYBE,TPDB_Y2024_filtered_VBS\Stroeder_15
AliasDarteFeautrierGonnord-SAS2010-counterex1b_true-termination.c,YES,YES,Maybe,YES,MAYBE,TPDB_Y2024_filtered_VBS\Stroeder_15
AliasDarteFeautrierGonnord-SAS2010-cousot9_true-termination.c,YES,YES,YES,YES,MAYBE,TPDB_Y2024_filtered_VBS\Stroeder_15
AliasDarteFeautrierGonnord-SAS2010-exmini_true-termination.c,YES,YES,YES,YES,YES,TPDB_Y2024_filtered_VBS\Stroeder_15
AliasDarteFeautrierGonnord-SAS2010-Fig1_true-termination.c,YES,YES,Maybe,YES,MAYBE,TPDB_Y2024_filtered_VBS\Stroeder_15
AliasDarteFeautrierGonnord-SAS2010-Fig2a_true-termination.c,YES,YES,YES,YES,MAYBE,TPDB_Y2024_filtered_VBS\Stroeder_15
AliasDarteFeautrierGonnord-SAS2010-Fig2b_true-termination.c,YES,YES,Failed,YES,MAYBE,TPDB_Y2024_filtered_VBS\Stroeder_15
AliasDarteFeautrierGonnord-SAS2010-loops_true-termination.c,YES,YES,Maybe,YES,MAYBE,TPDB_Y2024_filtered_VBS\Stroeder_15
AliasDarteFeautrierGonnord-SAS2010-ndecr_true-termination.c,YES,YES,YES,YES,YES,TPDB_Y2024_filtered_VBS\Stroeder_15
AliasDarteFeautrierGonnord-SAS2010-nestedLoop_true-termination.c,YES,YES,Maybe,YES,MAYBE,TPDB_Y2024_filtered_VBS\Stroeder_15
AliasDarteFeautrierGonnord-SAS2010-random1d_true-termination.c,YES,YES,Maybe,YES,YES,TPDB_Y2024_filtered_VBS\Stroeder_15
AliasDarteFeautrierGonnord-SAS2010-random2d_true-termination.c,YES,YES,YES,YES,MAYBE,TPDB_Y2024_filtered_VBS\Stroeder_15
AliasDarteFeautrierGonnord-SAS2010-rsd_true-termination.c,YES,YES,Maybe,YES,MAYBE,TPDB_Y2024_filtered_VBS\Stroeder_15
AliasDarteFeautrierGonnord-SAS2010-speedFails4_true-termination.c,YES,Failed,Maybe,MAYBE,MAYBE,TPDB_Y2024_filtered_VBS\Stroeder_15
AliasDarteFeautrierGonnord-SAS2010-speedpldi2_true-termination.c,YES,YES,YES,YES,YES,TPDB_Y2024_filtered_VBS\Stroeder_15
AliasDarteFeautrierGonnord-SAS2010-speedpldi3_true-termination.c,YES,YES,YES,YES,MAYBE,TPDB_Y2024_filtered_VBS\Stroeder_15
AliasDarteFeautrierGonnord-SAS2010-speedpldi4_true-termination.c,YES,YES,YES,YES,MAYBE,TPDB_Y2024_filtered_VBS\Stroeder_15
AliasDarteFeautrierGonnord-SAS2010-terminate_true-termination.c,YES,YES,YES,YES,YES,TPDB_Y2024_filtered_VBS\Stroeder_15
AliasDarteFeautrierGonnord-SAS2010-wcet2_true-termination.c,YES,YES,YES,YES,MAYBE,TPDB_Y2024_filtered_VBS\Stroeder_15
AliasDarteFeautrierGonnord-SAS2010-while2_true-termination.c,YES,YES,YES,YES,MAYBE,TPDB_Y2024_filtered_VBS\Stroeder_15
AliasDarteFeautrierGonnord-SAS2010-wise_true-termination.c,YES,YES,YES,YES,MAYBE,TPDB_Y2024_filtered_VBS\Stroeder_15
AlternDiv.c,NO,Failed,Maybe,NO,MAYBE,TPDB_Y2024_filtered_VBS\Stroeder_15
AlternDivWide.c,NO,YES,Maybe,NO,MAYBE,TPDB_Y2024_filtered_VBS\Stroeder_15
AlternDivWidening.c,NO,YES,Maybe,MAYBE,MAYBE,TPDB_Y2024_filtered_VBS\Stroeder_15
AlternKonv.c,NO,YES,Maybe,NO,MAYBE,TPDB_Y2024_filtered_VBS\Stroeder_15
Avery-FLOPS2006-Table1_true-termination.c,YES,YES,YES,YES,YES,TPDB_Y2024_filtered_VBS\Stroeder_15
Bangalore_true-termination.c,YES,YES,YES,YES,YES,TPDB_Y2024_filtered_VBS\Stroeder_15
Ben-Amram-LMCS2010-Ex2.3_true-termination.c,YES,NO,Maybe,YES,MAYBE,TPDB_Y2024_filtered_VBS\Stroeder_15
Benghazi_true-termination.c,YES,YES,Failed,YES,MAYBE,TPDB_Y2024_filtered_VBS\Stroeder_15
BradleyMannaSipma-CAV2005-Fig1-modified_false-termination.c,NO,Failed,Maybe,NO,MAYBE,TPDB_Y2024_filtered_VBS\Stroeder_15
BradleyMannaSipma-CAV2005-Fig1_true-termination.c,YES,YES,YES,MAYBE,MAYBE,TPDB_Y2024_filtered_VBS\Stroeder_15
BradleyMannaSipma-ICALP2005-Fig1_true-termination.c,YES,YES,Maybe,YES,MAYBE,TPDB_Y2024_filtered_VBS\Stroeder_15
BrockschmidtCookFuhs-CAV2013-Fig1_true-termination.c,YES,YES,YES,YES,MAYBE,TPDB_Y2024_filtered_VBS\Stroeder_15
BrockschmidtCookFuhs-CAV2013-Fig9a_true-termination.c,YES,YES,Maybe,MAYBE,MAYBE,TPDB_Y2024_filtered_VBS\Stroeder_15
BrockschmidtCookFuhs-CAV2013-Introduction_true-termination.c,YES,YES,Maybe,YES,MAYBE,TPDB_Y2024_filtered_VBS\Stroeder_15
Cairo_true-termination.c,YES,YES,Maybe,MAYBE,MAYBE,TPDB_Y2024_filtered_VBS\Stroeder_15
ChawdharyCookGulwaniSagivYang-ESOP2008-aaron12_true-termination.c,YES,NO,Maybe,MAYBE,MAYBE,TPDB_Y2024_filtered_VBS\Stroeder_15
ChawdharyCookGulwaniSagivYang-ESOP2008-aaron1_true-termination.c,YES,YES,Maybe,Failed,MAYBE,TPDB_Y2024_filtered_VBS\Stroeder_15
ChawdharyCookGulwaniSagivYang-ESOP2008-aaron4_true-termination.c,YES,Failed,Maybe,Failed,MAYBE,TPDB_Y2024_filtered_VBS\Stroeder_15
ChawdharyCookGulwaniSagivYang-ESOP2008-aaron6_true-termination.c,YES,NO,Maybe,YES,MAYBE,TPDB_Y2024_filtered_VBS\Stroeder_15
ChawdharyCookGulwaniSagivYang-ESOP2008-random1d_true-termination.c,YES,YES,Maybe,YES,YES,TPDB_Y2024_filtered_VBS\Stroeder_15
ChawdharyCookGulwaniSagivYang-ESOP2008-random2d_true-termination.c,YES,YES,YES,YES,MAYBE,TPDB_Y2024_filtered_VBS\Stroeder_15
ChenCookFuhsNimkarOHearn-TACAS2014-Introduction_false-termination.c,NO,NO,Maybe,NO,MAYBE,TPDB_Y2024_filtered_VBS\Stroeder_15
ChenFlurMukhopadhyay-SAS2012-Ex1.01_true-termination.c,YES,YES,Maybe,MAYBE,MAYBE,TPDB_Y2024_filtered_VBS\Stroeder_15
ChenFlurMukhopadhyay-SAS2012-Ex1.02_true-termination.c,YES,YES,Maybe,YES,MAYBE,TPDB_Y2024_filtered_VBS\Stroeder_15
ChenFlurMukhopadhyay-SAS2012-Ex1.03_true-termination.c,YES,YES,Maybe,YES,YES,TPDB_Y2024_filtered_VBS\Stroeder_15
ChenFlurMukhopadhyay-SAS2012-Ex1.04_true-termination.c,YES,YES,Maybe,YES,YES,TPDB_Y2024_filtered_VBS\Stroeder_15
ChenFlurMukhopadhyay-SAS2012-Ex1.05_true-termination.c,YES,YES,Maybe,YES,YES,TPDB_Y2024_filtered_VBS\Stroeder_15
ChenFlurMukhopadhyay-SAS2012-Ex2.01_true-termination.c,YES,YES,Maybe,YES,MAYBE,TPDB_Y2024_filtered_VBS\Stroeder_15
ChenFlurMukhopadhyay-SAS2012-Ex2.02_false-termination.c,NO,NO,Maybe,NO,MAYBE,TPDB_Y2024_filtered_VBS\Stroeder_15
ChenFlurMukhopadhyay-SAS2012-Ex2.03_false-termination.c,NO,NO,Maybe,NO,MAYBE,TPDB_Y2024_filtered_VBS\Stroeder_15
ChenFlurMukhopadhyay-SAS2012-Ex2.04_false-termination.c,NO,NO,Maybe,NO,MAYBE,TPDB_Y2024_filtered_VBS\Stroeder_15
ChenFlurMukhopadhyay-SAS2012-Ex2.07_true-termination.c,YES,YES,Maybe,YES,MAYBE,TPDB_Y2024_filtered_VBS\Stroeder_15
ChenFlurMukhopadhyay-SAS2012-Ex2.08_true-termination.c,YES,YES,Maybe,YES,MAYBE,TPDB_Y2024_filtered_VBS\Stroeder_15
ChenFlurMukhopadhyay-SAS2012-Ex2.09_true-termination.c,YES,YES,Maybe,YES,MAYBE,TPDB_Y2024_filtered_VBS\Stroeder_15
ChenFlurMukhopadhyay-SAS2012-Ex2.10_true-termination.c,YES,YES,YES,YES,YES,TPDB_Y2024_filtered_VBS\Stroeder_15
ChenFlurMukhopadhyay-SAS2012-Ex2.12_false-termination.c,NO,NO,Maybe,NO,MAYBE,TPDB_Y2024_filtered_VBS\Stroeder_15
ChenFlurMukhopadhyay-SAS2012-Ex2.13_true-termination.c,YES,YES,Maybe,YES,MAYBE,TPDB_Y2024_filtered_VBS\Stroeder_15
ChenFlurMukhopadhyay-SAS2012-Ex2.14_false-termination.c,NO,NO,Maybe,NO,MAYBE,TPDB_Y2024_filtered_VBS\Stroeder_15
ChenFlurMukhopadhyay-SAS2012-Ex2.15_false-termination.c,NO,NO,Maybe,NO,MAYBE,TPDB_Y2024_filtered_VBS\Stroeder_15
ChenFlurMukhopadhyay-SAS2012-Ex2.16_true-termination.c,YES,YES,Maybe,YES,MAYBE,TPDB_Y2024_filtered_VBS\Stroeder_15
ChenFlurMukhopadhyay-SAS2012-Ex2.17_false-termination.c,NO,NO,Maybe,NO,MAYBE,TPDB_Y2024_filtered_VBS\Stroeder_15
ChenFlurMukhopadhyay-SAS2012-Ex2.18_true-termination.c,YES,YES,Maybe,YES,MAYBE,TPDB_Y2024_filtered_VBS\Stroeder_15
ChenFlurMukhopadhyay-SAS2012-Ex2.19_true-termination.c,YES,YES,Maybe,YES,MAYBE,TPDB_Y2024_filtered_VBS\Stroeder_15
ChenFlurMukhopadhyay-SAS2012-Ex2.20_true-termination.c,YES,YES,YES,YES,YES,TPDB_Y2024_filtered_VBS\Stroeder_15
ChenFlurMukhopadhyay-SAS2012-Ex2.21_true-termination.c,YES,YES,YES,YES,MAYBE,TPDB_Y2024_filtered_VBS\Stroeder_15
ChenFlurMukhopadhyay-SAS2012-Ex2.22_true-termination.c,YES,YES,YES,YES,MAYBE,TPDB_Y2024_filtered_VBS\Stroeder_15
ChenFlurMukhopadhyay-SAS2012-Ex3.01_true-termination.c,YES,NO,YES,YES,MAYBE,TPDB_Y2024_filtered_VBS\Stroeder_15
ChenFlurMukhopadhyay-SAS2012-Ex3.02_false-termination.c,NO,NO,Maybe,NO,MAYBE,TPDB_Y2024_filtered_VBS\Stroeder_15
ChenFlurMukhopadhyay-SAS2012-Ex3.03_true-termination.c,YES,YES,Maybe,YES,MAYBE,TPDB_Y2024_filtered_VBS\Stroeder_15
ChenFlurMukhopadhyay-SAS2012-Ex3.04_true-termination.c,YES,YES,Maybe,YES,MAYBE,TPDB_Y2024_filtered_VBS\Stroeder_15
ChenFlurMukhopadhyay-SAS2012-Ex3.05_true-termination.c,YES,YES,Maybe,YES,MAYBE,TPDB_Y2024_filtered_VBS\Stroeder_15
ChenFlurMukhopadhyay-SAS2012-Ex3.06_false-termination.c,NO,NO,Maybe,NO,MAYBE,TPDB_Y2024_filtered_VBS\Stroeder_15
ChenFlurMukhopadhyay-SAS2012-Ex3.07_true-termination.c,YES,YES,YES,YES,MAYBE,TPDB_Y2024_filtered_VBS\Stroeder_15
ChenFlurMukhopadhyay-SAS2012-Ex3.08_true-termination.c,YES,YES,Maybe,YES,MAYBE,TPDB_Y2024_filtered_VBS\Stroeder_15
ChenFlurMukhopadhyay-SAS2012-Ex3.09_true-termination.c,YES,YES,Maybe,YES,MAYBE,TPDB_Y2024_filtered_VBS\Stroeder_15
ChenFlurMukhopadhyay-SAS2012-Ex3.10_true-termination.c,YES,YES,YES,YES,MAYBE,TPDB_Y2024_filtered_VBS\Stroeder_15
ChenFlurMukhopadhyay-SAS2012-Ex4.01_true-termination.c,YES,YES,Maybe,YES,MAYBE,TPDB_Y2024_filtered_VBS\Stroeder_15
ChenFlurMukhopadhyay-SAS2012-Fig1_true-termination.c,YES,YES,YES,YES,MAYBE,TPDB_Y2024_filtered_VBS\Stroeder_15
Choose.c,NO,NO,Maybe,MAYBE,MAYBE,TPDB_Y2024_filtered_VBS\Stroeder_15
ChooseLife.c,NO,YES,Maybe,MAYBE,MAYBE,TPDB_Y2024_filtered_VBS\Stroeder_15
ColonSipma-TACAS2001-Fig1_true-termination.c,YES,YES,YES,YES,YES,TPDB_Y2024_filtered_VBS\Stroeder_15
ComplInterv2.c,NO,YES,Maybe,NO,MAYBE,TPDB_Y2024_filtered_VBS\Stroeder_15
ComplInterv3.c,NO,Failed,Maybe,NO,MAYBE,TPDB_Y2024_filtered_VBS\Stroeder_15
ComplxStruc.c,NO,NO,Maybe,MAYBE,MAYBE,TPDB_Y2024_filtered_VBS\Stroeder_15
ConvLower.c,NO,YES,Maybe,NO,MAYBE,TPDB_Y2024_filtered_VBS\Stroeder_15
CookSeeZuleger-TACAS2013-Fig1_true-termination.c,YES,YES,YES,YES,MAYBE,TPDB_Y2024_filtered_VBS\Stroeder_15
CookSeeZuleger-TACAS2013-Fig7a_true-termination.c,YES,YES,YES,YES,MAYBE,TPDB_Y2024_filtered_VBS\Stroeder_15
CookSeeZuleger-TACAS2013-Fig7b_true-termination.c,YES,YES,YES,YES,MAYBE,TPDB_Y2024_filtered_VBS\Stroeder_15
CookSeeZuleger-TACAS2013-Fig8a-modified_true-termination.c,YES,YES,Maybe,YES,MAYBE,TPDB_Y2024_filtered_VBS\Stroeder_15
CookSeeZuleger-TACAS2013-Fig8a_true-termination.c,YES,YES,Maybe,YES,MAYBE,TPDB_Y2024_filtered_VBS\Stroeder_15
CookSeeZuleger-TACAS2013-Fig8b_true-termination.c,YES,YES,Maybe,YES,MAYBE,TPDB_Y2024_filtered_VBS\Stroeder_15
Copenhagen_true-termination.c,YES,YES,YES,YES,YES,TPDB_Y2024_filtered_VBS\Stroeder_15
Cousot.c,NO,NO,Maybe,NO,MAYBE,TPDB_Y2024_filtered_VBS\Stroeder_15
DivMinus.c,YES,YES,YES,YES,YES,TPDB_Y2024_filtered_VBS\Stroeder_15
DivMinus2.c,YES,YES,Maybe,YES,MAYBE,TPDB_Y2024_filtered_VBS\Stroeder_15
DivWithoutMinus.c,NO,Failed,Maybe,MAYBE,MAYBE,TPDB_Y2024_filtered_VBS\Stroeder_15
easy1_true-termination.c,YES,YES,YES,YES,MAYBE,TPDB_Y2024_filtered_VBS\Stroeder_15
easy2_true-termination.c,YES,Failed,YES,YES,YES,TPDB_Y2024_filtered_VBS\Stroeder_15
Et1.c,YES,Failed,Maybe,YES,MAYBE,TPDB_Y2024_filtered_VBS\Stroeder_15
Et2.c,NO,YES,Maybe,MAYBE,MAYBE,TPDB_Y2024_filtered_VBS\Stroeder_15
Et4.c,NO,YES,Failed,MAYBE,MAYBE,TPDB_Y2024_filtered_VBS\Stroeder_15
Even.c,NO,YES,Maybe,NO,MAYBE,TPDB_Y2024_filtered_VBS\Stroeder_15
Ex01.c,NO,NO,Maybe,NO,MAYBE,TPDB_Y2024_filtered_VBS\Stroeder_15
Ex02.c,NO,NO,Maybe,NO,MAYBE,TPDB_Y2024_filtered_VBS\Stroeder_15
Ex03.c,NO,Failed,Maybe,NO,MAYBE,TPDB_Y2024_filtered_VBS\Stroeder_15
Ex04.c,NO,NO,Maybe,NO,MAYBE,TPDB_Y2024_filtered_VBS\Stroeder_15
Ex05.c,NO,NO,Maybe,NO,MAYBE,TPDB_Y2024_filtered_VBS\Stroeder_15
Ex06.c,NO,YES,Maybe,NO,MAYBE,TPDB_Y2024_filtered_VBS\Stroeder_15
Ex07.c,NO,NO,Maybe,NO,MAYBE,TPDB_Y2024_filtered_VBS\Stroeder_15
Ex08.c,NO,NO,Maybe,Failed,MAYBE,TPDB_Y2024_filtered_VBS\Stroeder_15
Fibonacci.c,NO,NO,Maybe,MAYBE,MAYBE,TPDB_Y2024_filtered_VBS\Stroeder_15
Flip.c,NO,NO,Maybe,NO,MAYBE,TPDB_Y2024_filtered_VBS\Stroeder_15
Flip2.c,NO,Failed,Maybe,MAYBE,MAYBE,TPDB_Y2024_filtered_VBS\Stroeder_15
Gauss.c,NO,YES,Maybe,NO,MAYBE,TPDB_Y2024_filtered_VBS\Stroeder_15
GCD.c,NO,YES,Maybe,NO,MAYBE,TPDB_Y2024_filtered_VBS\Stroeder_15
gcd1_true-termination.c,YES,YES,YES,YES,MAYBE,TPDB_Y2024_filtered_VBS\Stroeder_15
GCD2.c,NO,YES,Maybe,NO,MAYBE,TPDB_Y2024_filtered_VBS\Stroeder_15
GCD3.c,YES,Failed,YES,YES,YES,TPDB_Y2024_filtered_VBS\Stroeder_15
GCD4.c,YES,YES,YES,YES,YES,TPDB_Y2024_filtered_VBS\Stroeder_15
genady_true-termination.c,YES,YES,YES,YES,MAYBE,TPDB_Y2024_filtered_VBS\Stroeder_15
GopanReps-CAV2006-Fig1a_true-termination.c.c,YES,YES,Maybe,YES,MAYBE,TPDB_Y2024_filtered_VBS\Stroeder_15
Gothenburg_true-termination.c,YES,YES,Maybe,YES,MAYBE,TPDB_Y2024_filtered_VBS\Stroeder_15
GulavaniGulwani-CAV2008-Fig1a_true-termination.c,YES,YES,YES,YES,MAYBE,TPDB_Y2024_filtered_VBS\Stroeder_15
GulavaniGulwani-CAV2008-Fig1b_true-termination.c,YES,YES,YES,YES,YES,TPDB_Y2024_filtered_VBS\Stroeder_15
GulavaniGulwani-CAV2008-Fig1c_true-termination.c,YES,YES,YES,YES,YES,TPDB_Y2024_filtered_VBS\Stroeder_15
GulwaniJainKoskinen-PLDI2009-Fig1_true-termination.c,YES,YES,Maybe,YES,MAYBE,TPDB_Y2024_filtered_VBS\Stroeder_15
HeizmannHoenickeLeikePodelski-ATVA2013-Fig1_true-termination.c,YES,YES,Maybe,YES,MAYBE,TPDB_Y2024_filtered_VBS\Stroeder_15
HeizmannHoenickeLeikePodelski-ATVA2013-Fig4_true-termination.c,YES,YES,YES,YES,YES,TPDB_Y2024_filtered_VBS\Stroeder_15
HeizmannHoenickeLeikePodelski-ATVA2013-Fig6_true-termination.c,YES,YES,YES,YES,YES,TPDB_Y2024_filtered_VBS\Stroeder_15
HeizmannHoenickeLeikePodelski-ATVA2013-Fig8_true-termination.c,YES,Failed,YES,MAYBE,MAYBE,TPDB_Y2024_filtered_VBS\Stroeder_15
HeizmannHoenickeLeikePodelski-ATVA2013-Fig9_true-termination.c,YES,NO,YES,MAYBE,MAYBE,TPDB_Y2024_filtered_VBS\Stroeder_15
IntPath.c,YES,NO,Maybe,MAYBE,MAYBE,TPDB_Y2024_filtered_VBS\Stroeder_15
KroeningSharyginaTsitovichWintersteiger-CAV2010-Ex_true-termination.c,YES,YES,YES,YES,YES,TPDB_Y2024_filtered_VBS\Stroeder_15
LarrazOliverasRodriguez-CarbonellRubio-FMCAD2013-Fig1_true-termination.c,YES,YES,Maybe,YES,MAYBE,TPDB_Y2024_filtered_VBS\Stroeder_15
Lcm.c,NO,NO,Maybe,NO,MAYBE,TPDB_Y2024_filtered_VBS\Stroeder_15
LeikeHeizmann-TACAS2014-Ex1_true-termination.c,YES,YES,YES,YES,YES,TPDB_Y2024_filtered_VBS\Stroeder_15
LeikeHeizmann-TACAS2014-Ex7_true-termination.c,YES,YES,YES,YES,MAYBE,TPDB_Y2024_filtered_VBS\Stroeder_15
LeikeHeizmann-TACAS2014-Ex8_true-termination.c,YES,YES,Maybe,YES,MAYBE,TPDB_Y2024_filtered_VBS\Stroeder_15
LeikeHeizmann-TACAS2014-Ex9_true-termination.c,YES,YES,YES,YES,MAYBE,TPDB_Y2024_filtered_VBS\Stroeder_15
LeikeHeizmann-TACAS2014-Fig1_true-termination.c,YES,Failed,Maybe,YES,MAYBE,TPDB_Y2024_filtered_VBS\Stroeder_15
LeikeHeizmann-WST2014-Ex5_false-termination.c,NO,NO,Maybe,MAYBE,MAYBE,TPDB_Y2024_filtered_VBS\Stroeder_15
LeikeHeizmann-WST2014-Ex6_false-termination.c,NO,NO,Maybe,NO,MAYBE,TPDB_Y2024_filtered_VBS\Stroeder_15
Lobnya-Boolean-Reordered_true-termination.c,YES,YES,Maybe,YES,MAYBE,TPDB_Y2024_filtered_VBS\Stroeder_15
Log.c,YES,YES,YES,YES,MAYBE,TPDB_Y2024_filtered_VBS\Stroeder_15
LogAG.c,YES,YES,Maybe,YES,YES,TPDB_Y2024_filtered_VBS\Stroeder_15
Loop.c,NO,NO,Maybe,NO,MAYBE,TPDB_Y2024_filtered_VBS\Stroeder_15
Madrid_false-termination.c,NO,NO,Maybe,NO,MAYBE,TPDB_Y2024_filtered_VBS\Stroeder_15
Marbie1.c,NO,NO,Maybe,NO,MAYBE,TPDB_Y2024_filtered_VBS\Stroeder_15
Marbie2.c,NO,NO,Maybe,NO,MAYBE,TPDB_Y2024_filtered_VBS\Stroeder_15
Masse-VMCAI2014-Ex6_true-termination.c,YES,NO,YES,YES,MAYBE,TPDB_Y2024_filtered_VBS\Stroeder_15
Masse-VMCAI2014-Fig1a_true-termination.c,YES,YES,YES,YES,MAYBE,TPDB_Y2024_filtered_VBS\Stroeder_15
McCarthyIterative.c,YES,YES,YES,YES,MAYBE,TPDB_Y2024_filtered_VBS\Stroeder_15
MenloPark_true-termination.c,YES,YES,Maybe,YES,YES,TPDB_Y2024_filtered_VBS\Stroeder_15
Middle.c,NO,YES,Maybe,NO,MAYBE,TPDB_Y2024_filtered_VBS\Stroeder_15
MinusBuiltIn.c,YES,NO,Maybe,YES,YES,TPDB_Y2024_filtered_VBS\Stroeder_15
MinusMin.c,YES,YES,Failed,YES,YES,TPDB_Y2024_filtered_VBS\Stroeder_15
MinusUserDefined.c,YES,Failed,Maybe,YES,MAYBE,TPDB_Y2024_filtered_VBS\Stroeder_15
min_rf_true-termination.c,YES,YES,Maybe,YES,MAYBE,TPDB_Y2024_filtered_VBS\Stroeder_15
MirrorInterv.c,NO,Failed,Maybe,NO,MAYBE,TPDB_Y2024_filtered_VBS\Stroeder_15
MirrorIntervSim.c,NO,YES,Maybe,NO,MAYBE,TPDB_Y2024_filtered_VBS\Stroeder_15
Mysore_true-termination.c,YES,Failed,Maybe,YES,MAYBE,TPDB_Y2024_filtered_VBS\Stroeder_15
Narrowing.c,NO,NO,Maybe,Failed,MAYBE,TPDB_Y2024_filtered_VBS\Stroeder_15
NarrowKonv.c,NO,YES,Maybe,MAYBE,MAYBE,TPDB_Y2024_filtered_VBS\Stroeder_15
Nested.c,YES,YES,YES,YES,MAYBE,TPDB_Y2024_filtered_VBS\Stroeder_15
NonTermination1_false-termination.c,NO,NO,Maybe,NO,MAYBE,TPDB_Y2024_filtered_VBS\Stroeder_15
NonTermination2_false-termination.c,NO,NO,Maybe,MAYBE,MAYBE,TPDB_Y2024_filtered_VBS\Stroeder_15
NonTermination4_false-termination.c,NO,NO,Maybe,NO,MAYBE,TPDB_Y2024_filtered_VBS\Stroeder_15
NonTerminationSimple2_false-termination.c,NO,NO,Maybe,NO,MAYBE,TPDB_Y2024_filtered_VBS\Stroeder_15
NonTerminationSimple3_false-termination.c,NO,NO,Maybe,NO,MAYBE,TPDB_Y2024_filtered_VBS\Stroeder_15
NonTerminationSimple4_false-termination.c,NO,NO,Maybe,NO,MAYBE,TPDB_Y2024_filtered_VBS\Stroeder_15
NonTerminationSimple5_false-termination.c,NO,NO,Maybe,NO,MAYBE,TPDB_Y2024_filtered_VBS\Stroeder_15
NonTerminationSimple6_false-termination.c,NO,NO,Maybe,NO,MAYBE,TPDB_Y2024_filtered_VBS\Stroeder_15
NonTerminationSimple7_false-termination.c,NO,NO,Maybe,NO,MAYBE,TPDB_Y2024_filtered_VBS\Stroeder_15
NonTerminationSimple8_false-termination.c,NO,NO,Maybe,NO,MAYBE,TPDB_Y2024_filtered_VBS\Stroeder_15
NonTerminationSimple9_false-termination.c,NO,NO,Maybe,NO,MAYBE,TPDB_Y2024_filtered_VBS\Stroeder_15
NoriSharma-FSE2013-Fig7_true-termination.c,YES,YES,Maybe,YES,MAYBE,TPDB_Y2024_filtered_VBS\Stroeder_15
NoriSharma-FSE2013-Fig8_true-termination.c,YES,YES,Maybe,YES,MAYBE,TPDB_Y2024_filtered_VBS\Stroeder_15
NO_00.c,NO,NO,Maybe,NO,MAYBE,TPDB_Y2024_filtered_VBS\Stroeder_15
NO_01.c,NO,NO,Maybe,NO,MAYBE,TPDB_Y2024_filtered_VBS\Stroeder_15
NO_02.c,NO,YES,Maybe,NO,MAYBE,TPDB_Y2024_filtered_VBS\Stroeder_15
NO_03.c,NO,NO,Maybe,NO,MAYBE,TPDB_Y2024_filtered_VBS\Stroeder_15
NO_04.c,NO,YES,Maybe,NO,MAYBE,TPDB_Y2024_filtered_VBS\Stroeder_15
NO_10.c,NO,NO,YES,NO,MAYBE,TPDB_Y2024_filtered_VBS\Stroeder_15
NO_12.c,NO,NO,Failed,MAYBE,MAYBE,TPDB_Y2024_filtered_VBS\Stroeder_15
NO_13.c,NO,YES,Maybe,MAYBE,MAYBE,TPDB_Y2024_filtered_VBS\Stroeder_15
NO_21.c,NO,NO,Maybe,NO,MAYBE,TPDB_Y2024_filtered_VBS\Stroeder_15
NO_22.c,NO,Failed,Maybe,MAYBE,MAYBE,TPDB_Y2024_filtered_VBS\Stroeder_15
NO_23.c,NO,NO,Maybe,MAYBE,MAYBE,TPDB_Y2024_filtered_VBS\Stroeder_15
NO_24.c,NO,YES,Maybe,MAYBE,MAYBE,TPDB_Y2024_filtered_VBS\Stroeder_15
Nyala-2lex_true-termination.c,YES,YES,YES,YES,MAYBE,TPDB_Y2024_filtered_VBS\Stroeder_15
Overflow.c,YES,NO,Maybe,YES,YES,TPDB_Y2024_filtered_VBS\Stroeder_15
Parallel_true-termination.c,YES,YES,YES,YES,MAYBE,TPDB_Y2024_filtered_VBS\Stroeder_15
PastaA1.c,YES,YES,YES,YES,MAYBE,TPDB_Y2024_filtered_VBS\Stroeder_15
PastaA10.c,YES,YES,YES,YES,MAYBE,TPDB_Y2024_filtered_VBS\Stroeder_15
PastaA4.c,YES,NO,YES,YES,YES,TPDB_Y2024_filtered_VBS\Stroeder_15
PastaA5.c,YES,NO,Maybe,YES,YES,TPDB_Y2024_filtered_VBS\Stroeder_15
PastaA6.c,YES,YES,Maybe,YES,YES,TPDB_Y2024_filtered_VBS\Stroeder_15
PastaA7.c,YES,YES,YES,YES,YES,TPDB_Y2024_filtered_VBS\Stroeder_15
PastaA8.c,YES,NO,YES,YES,YES,TPDB_Y2024_filtered_VBS\Stroeder_15
PastaA9.c,YES,Failed,Maybe,YES,YES,TPDB_Y2024_filtered_VBS\Stroeder_15
PastaB1.c,YES,YES,YES,YES,YES,TPDB_Y2024_filtered_VBS\Stroeder_15
PastaB11.c,YES,YES,YES,YES,YES,TPDB_Y2024_filtered_VBS\Stroeder_15
PastaB14.c,YES,YES,YES,YES,MAYBE,TPDB_Y2024_filtered_VBS\Stroeder_15
PastaB15.c,YES,YES,YES,YES,MAYBE,TPDB_Y2024_filtered_VBS\Stroeder_15
PastaB16.c,YES,YES,YES,YES,MAYBE,TPDB_Y2024_filtered_VBS\Stroeder_15
PastaB17.c,YES,YES,YES,YES,MAYBE,TPDB_Y2024_filtered_VBS\Stroeder_15
PastaB2.c,YES,YES,YES,YES,YES,TPDB_Y2024_filtered_VBS\Stroeder_15
PastaB3.c,YES,NO,Maybe,YES,YES,TPDB_Y2024_filtered_VBS\Stroeder_15
PastaB4.c,YES,NO,YES,YES,YES,TPDB_Y2024_filtered_VBS\Stroeder_15
PastaB6.c,YES,YES,YES,YES,YES,TPDB_Y2024_filtered_VBS\Stroeder_15
PastaB7.c,YES,YES,YES,YES,YES,TPDB_Y2024_filtered_VBS\Stroeder_15
PastaC1.c,YES,YES,Maybe,YES,MAYBE,TPDB_Y2024_filtered_VBS\Stroeder_15
PastaC10.c,NO,YES,Maybe,MAYBE,MAYBE,TPDB_Y2024_filtered_VBS\Stroeder_15
PastaC2.c,YES,NO,Maybe,YES,MAYBE,TPDB_Y2024_filtered_VBS\Stroeder_15
PastaC3.c,YES,YES,YES,YES,MAYBE,TPDB_Y2024_filtered_VBS\Stroeder_15
PastaC7.c,YES,YES,Maybe,YES,YES,TPDB_Y2024_filtered_VBS\Stroeder_15
PastaC9.c,YES,Failed,YES,YES,MAYBE,TPDB_Y2024_filtered_VBS\Stroeder_15
Piecewise_true-termination.c,YES,YES,Maybe,YES,MAYBE,TPDB_Y2024_filtered_VBS\Stroeder_15
PlusSwap.c,YES,YES,YES,YES,MAYBE,TPDB_Y2024_filtered_VBS\Stroeder_15
PodelskiRybalchenko-LICS2004-Fig1_true-termination.c,YES,YES,Maybe,YES,MAYBE,TPDB_Y2024_filtered_VBS\Stroeder_15
PodelskiRybalchenko-LICS2004-Fig2-TACAS2011-Fig3_true-termination.c,YES,Failed,Maybe,YES,MAYBE,TPDB_Y2024_filtered_VBS\Stroeder_15
PodelskiRybalchenko-TACAS2011-Fig1_true-termination.c,YES,YES,YES,YES,YES,TPDB_Y2024_filtered_VBS\Stroeder_15
PodelskiRybalchenko-TACAS2011-Fig2_true-termination.c,YES,YES,YES,YES,MAYBE,TPDB_Y2024_filtered_VBS\Stroeder_15
PodelskiRybalchenko-TACAS2011-Fig4_true-termination.c,YES,YES,YES,YES,MAYBE,TPDB_Y2024_filtered_VBS\Stroeder_15
PodelskiRybalchenko-VMCAI2004-Ex1_true-termination.c,YES,YES,Maybe,YES,YES,TPDB_Y2024_filtered_VBS\Stroeder_15
PodelskiRybalchenko-VMCAI2004-Ex2_true-termination.c,YES,YES,Maybe,MAYBE,MAYBE,TPDB_Y2024_filtered_VBS\Stroeder_15
Pure2Phase_true-termination.c,YES,YES,Maybe,YES,MAYBE,TPDB_Y2024_filtered_VBS\Stroeder_15
Pure3Phase_true-termination.c,YES,YES,Maybe,MAYBE,MAYBE,TPDB_Y2024_filtered_VBS\Stroeder_15
Rotation180_false-termination.c,NO,NO,Maybe,NO,MAYBE,TPDB_Y2024_filtered_VBS\Stroeder_15
Sequence.c,YES,YES,YES,YES,MAYBE,TPDB_Y2024_filtered_VBS\Stroeder_15
Stockholm_true-termination.c,YES,Failed,YES,YES,YES,TPDB_Y2024_filtered_VBS\Stroeder_15
Sunset.c,NO,YES,Maybe,MAYBE,MAYBE,TPDB_Y2024_filtered_VBS\Stroeder_15
svcomp_a.01.c,YES,YES,YES,YES,MAYBE,TPDB_Y2024_filtered_VBS\Stroeder_15
svcomp_a.04.c,YES,YES,YES,YES,YES,TPDB_Y2024_filtered_VBS\Stroeder_15
svcomp_a.05.c,YES,YES,Maybe,YES,YES,TPDB_Y2024_filtered_VBS\Stroeder_15
svcomp_a.06.c,YES,YES,Failed,YES,YES,TPDB_Y2024_filtered_VBS\Stroeder_15
svcomp_a.07.c,YES,YES,YES,YES,YES,TPDB_Y2024_filtered_VBS\Stroeder_15
svcomp_a.08.c,YES,YES,YES,YES,YES,TPDB_Y2024_filtered_VBS\Stroeder_15
svcomp_a.09_assume.c,YES,Failed,Maybe,YES,YES,TPDB_Y2024_filtered_VBS\Stroeder_15
svcomp_a.10.c,YES,YES,YES,YES,MAYBE,TPDB_Y2024_filtered_VBS\Stroeder_15
svcomp_b.01.c,YES,YES,YES,YES,YES,TPDB_Y2024_filtered_VBS\Stroeder_15
svcomp_b.02.c,YES,YES,YES,YES,YES,TPDB_Y2024_filtered_VBS\Stroeder_15
svcomp_b.03-no-inv_assume.c,YES,NO,Maybe,YES,YES,TPDB_Y2024_filtered_VBS\Stroeder_15
svcomp_b.03_assume.c,YES,Failed,Maybe,YES,YES,TPDB_Y2024_filtered_VBS\Stroeder_15
svcomp_b.04.c,YES,Failed,YES,YES,YES,TPDB_Y2024_filtered_VBS\Stroeder_15
svcomp_b.05.c,YES,Failed,YES,YES,YES,TPDB_Y2024_filtered_VBS\Stroeder_15
svcomp_b.06.c,YES,YES,YES,YES,YES,TPDB_Y2024_filtered_VBS\Stroeder_15
svcomp_b.07.c,YES,YES,YES,YES,YES,TPDB_Y2024_filtered_VBS\Stroeder_15
svcomp_b.09-no-inv_assume.c,YES,YES,Maybe,MAYBE,MAYBE,TPDB_Y2024_filtered_VBS\Stroeder_15
svcomp_b.09_assume.c,YES,YES,YES,YES,YES,TPDB_Y2024_filtered_VBS\Stroeder_15
svcomp_b.10.c,YES,YES,Maybe,YES,YES,TPDB_Y2024_filtered_VBS\Stroeder_15
svcomp_b.11.c,YES,YES,YES,YES,YES,TPDB_Y2024_filtered_VBS\Stroeder_15
svcomp_b.12.c,YES,YES,YES,YES,MAYBE,TPDB_Y2024_filtered_VBS\Stroeder_15
svcomp_b.13.c,YES,YES,YES,YES,MAYBE,TPDB_Y2024_filtered_VBS\Stroeder_15
svcomp_b.14.c,YES,Failed,YES,YES,MAYBE,TPDB_Y2024_filtered_VBS\Stroeder_15
svcomp_b.15.c,YES,Failed,YES,YES,MAYBE,TPDB_Y2024_filtered_VBS\Stroeder_15
svcomp_b.16.c,YES,YES,YES,YES,MAYBE,TPDB_Y2024_filtered_VBS\Stroeder_15
svcomp_b.17.c,YES,YES,YES,YES,MAYBE,TPDB_Y2024_filtered_VBS\Stroeder_15
svcomp_b.18.c,YES,YES,YES,YES,MAYBE,TPDB_Y2024_filtered_VBS\Stroeder_15
svcomp_c.01-no-inv.c,YES,YES,Maybe,MAYBE,MAYBE,TPDB_Y2024_filtered_VBS\Stroeder_15
svcomp_c.01_assume.c,YES,YES,Maybe,YES,MAYBE,TPDB_Y2024_filtered_VBS\Stroeder_15
svcomp_c.02.c,YES,NO,YES,YES,MAYBE,TPDB_Y2024_filtered_VBS\Stroeder_15
svcomp_c.03.c,YES,Failed,YES,YES,MAYBE,TPDB_Y2024_filtered_VBS\Stroeder_15
svcomp_c.07.c,YES,YES,YES,YES,YES,TPDB_Y2024_filtered_VBS\Stroeder_15
svcomp_c.08.c,YES,YES,YES,YES,MAYBE,TPDB_Y2024_filtered_VBS\Stroeder_15
svcomp_easySum.c,YES,YES,YES,YES,YES,TPDB_Y2024_filtered_VBS\Stroeder_15
svcomp_ex1.c,YES,YES,YES,YES,YES,TPDB_Y2024_filtered_VBS\Stroeder_15
svcomp_ex2.c,YES,NO,Maybe,MAYBE,MAYBE,TPDB_Y2024_filtered_VBS\Stroeder_15
svcomp_ex3a.c,YES,Failed,YES,MAYBE,MAYBE,TPDB_Y2024_filtered_VBS\Stroeder_15
svcomp_ex3b.c,YES,Failed,Maybe,MAYBE,MAYBE,TPDB_Y2024_filtered_VBS\Stroeder_15
svcomp_fermat.c,YES,YES,YES,YES,MAYBE,TPDB_Y2024_filtered_VBS\Stroeder_15
svcomp_flag.c,YES,YES,YES,YES,MAYBE,TPDB_Y2024_filtered_VBS\Stroeder_15
svcomp_java_AG313.c,YES,YES,YES,YES,YES,TPDB_Y2024_filtered_VBS\Stroeder_15
svcomp_java_Break.c,YES,YES,YES,YES,MAYBE,TPDB_Y2024_filtered_VBS\Stroeder_15
svcomp_java_Continue1.c,YES,YES,YES,YES,MAYBE,TPDB_Y2024_filtered_VBS\Stroeder_15
svcomp_java_Nested.c,YES,YES,YES,YES,MAYBE,TPDB_Y2024_filtered_VBS\Stroeder_15
svcomp_java_Sequence.c,YES,YES,YES,YES,MAYBE,TPDB_Y2024_filtered_VBS\Stroeder_15
Swingers.c,NO,NO,Maybe,MAYBE,MAYBE,TPDB_Y2024_filtered_VBS\Stroeder_15
TelAviv-Amir-Minimum_true-termination.c,YES,YES,Maybe,Failed,MAYBE,TPDB_Y2024_filtered_VBS\Stroeder_15
Thun_true-termination.c,YES,YES,Maybe,YES,MAYBE,TPDB_Y2024_filtered_VBS\Stroeder_15
Toulouse-BranchesToLoop_true-termination.c,YES,Failed,Maybe,MAYBE,MAYBE,TPDB_Y2024_filtered_VBS\Stroeder_15
Toulouse-MultiBranchesToLoop_true-termination.c,YES,Failed,Maybe,MAYBE,MAYBE,TPDB_Y2024_filtered_VBS\Stroeder_15
TrueDiv.c,NO,NO,Maybe,NO,MAYBE,TPDB_Y2024_filtered_VBS\Stroeder_15
TwoFloatInterv.c,NO,NO,Maybe,NO,MAYBE,TPDB_Y2024_filtered_VBS\Stroeder_15
UpAndDown.c,NO,YES,Maybe,MAYBE,MAYBE,TPDB_Y2024_filtered_VBS\Stroeder_15
UpAndDownIneq.c,NO,Failed,Maybe,MAYBE,MAYBE,TPDB_Y2024_filtered_VBS\Stroeder_15
Urban-WST2013-Fig1_false-termination.c,NO,NO,Maybe,NO,MAYBE,TPDB_Y2024_filtered_VBS\Stroeder_15
Urban-WST2013-Fig2-modified1000_true-termination.c,YES,YES,YES,YES,MAYBE,TPDB_Y2024_filtered_VBS\Stroeder_15
Urban-WST2013-Fig2_true-termination.c,YES,YES,YES,YES,MAYBE,TPDB_Y2024_filtered_VBS\Stroeder_15
UrbanMine-ESOP2014-Fig3_true-termination.c,YES,YES,Maybe,Failed,MAYBE,TPDB_Y2024_filtered_VBS\Stroeder_15
Velroyen_false-termination.c,NO,YES,Maybe,NO,MAYBE,TPDB_Y2024_filtered_VBS\Stroeder_15
Waldkirch_true-termination.c,YES,YES,YES,YES,YES,TPDB_Y2024_filtered_VBS\Stroeder_15
WhileDecr.c,YES,YES,YES,YES,YES,TPDB_Y2024_filtered_VBS\Stroeder_15
WhileFalse_true-termination.c,YES,YES,Maybe,YES,YES,TPDB_Y2024_filtered_VBS\Stroeder_15
WhileIncr.c,NO,NO,Maybe,NO,MAYBE,TPDB_Y2024_filtered_VBS\Stroeder_15
WhileIncrPart.c,NO,NO,Maybe,NO,MAYBE,TPDB_Y2024_filtered_VBS\Stroeder_15
WhileNested.c,NO,NO,Maybe,NO,MAYBE,TPDB_Y2024_filtered_VBS\Stroeder_15
WhileNestedOffset.c,NO,NO,Maybe,NO,MAYBE,TPDB_Y2024_filtered_VBS\Stroeder_15
WhilePart.c,NO,NO,Maybe,NO,MAYBE,TPDB_Y2024_filtered_VBS\Stroeder_15
WhileSingle.c,NO,NO,Maybe,NO,MAYBE,TPDB_Y2024_filtered_VBS\Stroeder_15
WhileTrue.c,NO,NO,Maybe,NO,MAYBE,TPDB_Y2024_filtered_VBS\Stroeder_15
WhileTrue_false-termination.c,NO,NO,Maybe,NO,MAYBE,TPDB_Y2024_filtered_VBS\Stroeder_15
asc_ll_search_last.c,YES,YES,Maybe,Failed,Failed,TPDB_Y2024_filtered_VBS\Hensel_22
desc_ll_search-ptrdiff_existing.c,YES,YES,Failed,Failed,Failed,TPDB_Y2024_filtered_VBS\Hensel_22
desc_ll_search_existing.c,YES,YES,Maybe,Failed,Failed,TPDB_Y2024_filtered_VBS\Hensel_22
desc_ll_search_last.c,YES,Failed,Maybe,Failed,Failed,TPDB_Y2024_filtered_VBS\Hensel_22
desc_ll_search_mod.c,YES,YES,Maybe,Failed,Failed,TPDB_Y2024_filtered_VBS\Hensel_22
desc_ll_with_offset_search.c,YES,NO,Maybe,Failed,Failed,TPDB_Y2024_filtered_VBS\Hensel_22
nondet_ll_delete.c,YES,YES,Maybe,Failed,Failed,TPDB_Y2024_filtered_VBS\Hensel_22
nondet_ll_init.c,YES,YES,YES,Failed,Failed,TPDB_Y2024_filtered_VBS\Hensel_22
nondet_ll_init_rec.c,YES,YES,YES,Failed,Failed,TPDB_Y2024_filtered_VBS\Hensel_22
nondet_ll_insert.c,YES,YES,Maybe,Failed,Failed,TPDB_Y2024_filtered_VBS\Hensel_22
nondet_ll_search_last_n.c,YES,NO,Maybe,Failed,Failed,TPDB_Y2024_filtered_VBS\Hensel_22
nondet_ll_search_last_zero.c,YES,NO,Maybe,Failed,Failed,TPDB_Y2024_filtered_VBS\Hensel_22
nondet_ll_search_zero.c,YES,YES,Maybe,Failed,Failed,TPDB_Y2024_filtered_VBS\Hensel_22
nondet_ll_skip.c,YES,YES,Maybe,Failed,Failed,TPDB_Y2024_filtered_VBS\Hensel_22
nondet_ll_traverse-ptrdiff.c,YES,Failed,Maybe,Failed,Failed,TPDB_Y2024_filtered_VBS\Hensel_22
nondet_ll_traverse.c,YES,YES,Maybe,Failed,Failed,TPDB_Y2024_filtered_VBS\Hensel_22
nondet_ll_traverse_rec.c,YES,YES,YES,Failed,Failed,TPDB_Y2024_filtered_VBS\Hensel_22
svcomp_a.01-alloca.c,YES,YES,Failed,Failed,Failed,TPDB_Y2024_filtered_VBS\AProVE_memory_alloca
svcomp_a.04-alloca.c,YES,YES,Failed,Failed,Failed,TPDB_Y2024_filtered_VBS\AProVE_memory_alloca
svcomp_a.05-alloca.c,YES,Failed,Failed,Failed,Failed,TPDB_Y2024_filtered_VBS\AProVE_memory_alloca
svcomp_a.06-alloca.c,YES,Failed,Failed,Failed,Failed,TPDB_Y2024_filtered_VBS\AProVE_memory_alloca
svcomp_a.07-alloca.c,YES,YES,Failed,Failed,Failed,TPDB_Y2024_filtered_VBS\AProVE_memory_alloca
svcomp_a.08-alloca.c,YES,NO,Failed,Failed,Failed,TPDB_Y2024_filtered_VBS\AProVE_memory_alloca
svcomp_a.09_assume-alloca.c,YES,NO,Failed,Failed,Failed,TPDB_Y2024_filtered_VBS\AProVE_memory_alloca
svcomp_a.10-alloca.c,YES,YES,Failed,Failed,Failed,TPDB_Y2024_filtered_VBS\AProVE_memory_alloca
svcomp_array01_alloca.c,YES,YES,Failed,Failed,Failed,TPDB_Y2024_filtered_VBS\AProVE_memory_alloca
svcomp_array02_alloca.c,YES,YES,Failed,Failed,Failed,TPDB_Y2024_filtered_VBS\AProVE_memory_alloca
svcomp_array03_alloca.c,YES,YES,Failed,Failed,Failed,TPDB_Y2024_filtered_VBS\AProVE_memory_alloca
svcomp_Avery-2006FLOPS-Tabel1_true-alloca.c,YES,YES,Failed,Failed,Failed,TPDB_Y2024_filtered_VBS\AProVE_memory_alloca
svcomp_aviad_true-alloca.c,YES,YES,Failed,Failed,Failed,TPDB_Y2024_filtered_VBS\AProVE_memory_alloca
svcomp_b.01-alloca.c,YES,YES,Failed,Failed,Failed,TPDB_Y2024_filtered_VBS\AProVE_memory_alloca
svcomp_b.02-alloca.c,YES,YES,Failed,Failed,Failed,TPDB_Y2024_filtered_VBS\AProVE_memory_alloca
svcomp_b.03-no-inv_assume-alloca.c,YES,NO,Failed,Failed,Failed,TPDB_Y2024_filtered_VBS\AProVE_memory_alloca
svcomp_b.03_assume-alloca.c,YES,NO,Failed,Failed,Failed,TPDB_Y2024_filtered_VBS\AProVE_memory_alloca
svcomp_b.04-alloca.c,YES,YES,Failed,Failed,Failed,TPDB_Y2024_filtered_VBS\AProVE_memory_alloca
svcomp_b.05-alloca.c,YES,Failed,Failed,Failed,Failed,TPDB_Y2024_filtered_VBS\AProVE_memory_alloca
svcomp_b.06-alloca.c,YES,YES,Failed,Failed,Failed,TPDB_Y2024_filtered_VBS\AProVE_memory_alloca
svcomp_b.07-alloca.c,YES,YES,Failed,Failed,Failed,TPDB_Y2024_filtered_VBS\AProVE_memory_alloca
svcomp_b.09-no-inv_assume-alloca.c,YES,YES,Failed,Failed,Failed,TPDB_Y2024_filtered_VBS\AProVE_memory_alloca
svcomp_b.09_assume-alloca.c,YES,YES,Failed,Failed,Failed,TPDB_Y2024_filtered_VBS\AProVE_memory_alloca
svcomp_b.10-alloca.c,YES,YES,Failed,Failed,Failed,TPDB_Y2024_filtered_VBS\AProVE_memory_alloca
svcomp_b.11-alloca.c,YES,YES,Failed,Failed,Failed,TPDB_Y2024_filtered_VBS\AProVE_memory_alloca
svcomp_b.12-alloca.c,YES,YES,Failed,Failed,Failed,TPDB_Y2024_filtered_VBS\AProVE_memory_alloca
svcomp_b.13-alloca.c,YES,YES,Failed,Failed,Failed,TPDB_Y2024_filtered_VBS\AProVE_memory_alloca
svcomp_b.14-alloca.c,YES,YES,Failed,Failed,Failed,TPDB_Y2024_filtered_VBS\AProVE_memory_alloca
svcomp_b.15-alloca.c,YES,YES,Failed,Failed,Failed,TPDB_Y2024_filtered_VBS\AProVE_memory_alloca
svcomp_b.16-alloca.c,YES,YES,Failed,Failed,Failed,TPDB_Y2024_filtered_VBS\AProVE_memory_alloca
svcomp_b.17-alloca.c,YES,YES,Failed,Failed,Failed,TPDB_Y2024_filtered_VBS\AProVE_memory_alloca
svcomp_b.18-alloca.c,YES,YES,Failed,Failed,Failed,TPDB_Y2024_filtered_VBS\AProVE_memory_alloca
svcomp_Ben-Amram-2010LMCS-Ex2.3_true-alloca.c,YES,YES,Failed,Failed,Failed,TPDB_Y2024_filtered_VBS\AProVE_memory_alloca
svcomp_BradleyMannaSipma-2005CAV-Fig1-modified_false-termination.c,NO,NO,Failed,Failed,Failed,TPDB_Y2024_filtered_VBS\AProVE_memory_alloca
svcomp_BradleyMannaSipma-2005ICALP-Fig1_true-alloca.c,NO,YES,Failed,Failed,Failed,TPDB_Y2024_filtered_VBS\AProVE_memory_alloca
svcomp_BrockschmidtCookFuhs-2013CAV-Fig1_true-alloca.c,YES,YES,Failed,Failed,Failed,TPDB_Y2024_filtered_VBS\AProVE_memory_alloca
svcomp_BrockschmidtCookFuhs-2013CAV-Introduction_true-alloca.c,YES,NO,Failed,Failed,Failed,TPDB_Y2024_filtered_VBS\AProVE_memory_alloca
svcomp_bubblesort_alloca.c,YES,YES,Failed,Failed,Failed,TPDB_Y2024_filtered_VBS\AProVE_memory_alloca
svcomp_c.01-no-inv-alloca.c,YES,YES,Failed,Failed,Failed,TPDB_Y2024_filtered_VBS\AProVE_memory_alloca
svcomp_c.01_assume-alloca.c,YES,YES,Failed,Failed,Failed,TPDB_Y2024_filtered_VBS\AProVE_memory_alloca
svcomp_c.02-alloca.c,YES,NO,Failed,Failed,Failed,TPDB_Y2024_filtered_VBS\AProVE_memory_alloca
svcomp_c.03-alloca.c,YES,YES,Failed,Failed,Failed,TPDB_Y2024_filtered_VBS\AProVE_memory_alloca
svcomp_c.07-alloca.c,YES,Failed,Failed,Failed,Failed,TPDB_Y2024_filtered_VBS\AProVE_memory_alloca
svcomp_c.08-alloca.c,YES,YES,Failed,Failed,Failed,TPDB_Y2024_filtered_VBS\AProVE_memory_alloca
svcomp_ChenFlurMukhopadhyay-2012SAS-Fig1_true-alloca.c,YES,NO,Failed,Failed,Failed,TPDB_Y2024_filtered_VBS\AProVE_memory_alloca
svcomp_CookSeeZuleger-2013TACAS-Fig3_true-alloca.c,YES,Failed,Failed,Failed,Failed,TPDB_Y2024_filtered_VBS\AProVE_memory_alloca
svcomp_CookSeeZuleger-2013TACAS-Fig7a_true-alloca.c,YES,Failed,Failed,Failed,Failed,TPDB_Y2024_filtered_VBS\AProVE_memory_alloca
svcomp_CookSeeZuleger-2013TACAS-Fig7b_true-alloca.c,YES,Failed,Failed,Failed,Failed,TPDB_Y2024_filtered_VBS\AProVE_memory_alloca
svcomp_count_down_alloca.c,YES,YES,Failed,Failed,Failed,TPDB_Y2024_filtered_VBS\AProVE_memory_alloca
svcomp_cstrchr_true_alloca.c,YES,YES,Failed,Failed,Failed,TPDB_Y2024_filtered_VBS\AProVE_memory_alloca
svcomp_cstrcmp_true_alloca.c,YES,YES,Failed,Failed,Failed,TPDB_Y2024_filtered_VBS\AProVE_memory_alloca
svcomp_cstrcpy_alloca.c,YES,YES,Failed,Failed,Failed,TPDB_Y2024_filtered_VBS\AProVE_memory_alloca
svcomp_cstrcspn_true_alloca.c,YES,YES,Failed,Failed,Failed,TPDB_Y2024_filtered_VBS\AProVE_memory_alloca
svcomp_cstrlen_true_alloca.c,YES,YES,Failed,Failed,Failed,TPDB_Y2024_filtered_VBS\AProVE_memory_alloca
svcomp_cstrncmp_true_alloca.c,YES,YES,Failed,Failed,Failed,TPDB_Y2024_filtered_VBS\AProVE_memory_alloca
svcomp_cstrncpy_alloca.c,YES,YES,Failed,Failed,Failed,TPDB_Y2024_filtered_VBS\AProVE_memory_alloca
svcomp_cstrpbrk_true_alloca.c,YES,YES,Failed,Failed,Failed,TPDB_Y2024_filtered_VBS\AProVE_memory_alloca
svcomp_cstrspn_true_alloca.c,YES,YES,Failed,Failed,Failed,TPDB_Y2024_filtered_VBS\AProVE_memory_alloca
svcomp_diff_alloca.c,YES,YES,Failed,Failed,Failed,TPDB_Y2024_filtered_VBS\AProVE_memory_alloca
svcomp_easySum-alloca.c,YES,YES,Failed,Failed,Failed,TPDB_Y2024_filtered_VBS\AProVE_memory_alloca
svcomp_ex1-alloca.c,YES,YES,Failed,Failed,Failed,TPDB_Y2024_filtered_VBS\AProVE_memory_alloca
svcomp_ex3a-alloca.c,YES,YES,Failed,Failed,Failed,TPDB_Y2024_filtered_VBS\AProVE_memory_alloca
svcomp_ex3b-alloca.c,YES,Failed,Failed,Failed,Failed,TPDB_Y2024_filtered_VBS\AProVE_memory_alloca
svcomp_fermat-alloca.c,YES,YES,Failed,Failed,Failed,TPDB_Y2024_filtered_VBS\AProVE_memory_alloca
svcomp_flag-alloca.c,YES,NO,Failed,Failed,Failed,TPDB_Y2024_filtered_VBS\AProVE_memory_alloca
svcomp_gcd1_true-alloca.c,YES,YES,Failed,Failed,Failed,TPDB_Y2024_filtered_VBS\AProVE_memory_alloca
svcomp_genady_true-alloca.c,YES,Failed,Failed,Failed,Failed,TPDB_Y2024_filtered_VBS\AProVE_memory_alloca
svcomp_GulwaniJainKoskinen-2009PLDI-Fig1_true-alloca.c,YES,NO,Failed,Failed,Failed,TPDB_Y2024_filtered_VBS\AProVE_memory_alloca
svcomp_HarrisLalNoriRajamani-2010SAS-Fig1_true-alloca.c,YES,YES,Failed,Failed,Failed,TPDB_Y2024_filtered_VBS\AProVE_memory_alloca
svcomp_HarrisLalNoriRajamani-2010SAS-Fig2_false-unreach-label-termination-alloca.c,NO,NO,Failed,Failed,Failed,TPDB_Y2024_filtered_VBS\AProVE_memory_alloca
svcomp_HarrisLalNoriRajamani-2010SAS-Fig3_true-alloca.c,YES,YES,Failed,Failed,Failed,TPDB_Y2024_filtered_VBS\AProVE_memory_alloca
svcomp_insertionsort_alloca.c,YES,YES,Failed,Failed,Failed,TPDB_Y2024_filtered_VBS\AProVE_memory_alloca
svcomp_java_AG313-alloca.c,YES,YES,Failed,Failed,Failed,TPDB_Y2024_filtered_VBS\AProVE_memory_alloca
svcomp_java_Break-alloca.c,YES,YES,Failed,Failed,Failed,TPDB_Y2024_filtered_VBS\AProVE_memory_alloca
svcomp_java_BubbleSort_alloca.c,YES,YES,Failed,Failed,Failed,TPDB_Y2024_filtered_VBS\AProVE_memory_alloca
svcomp_java_Continue1-alloca.c,YES,YES,Failed,Failed,Failed,TPDB_Y2024_filtered_VBS\AProVE_memory_alloca
svcomp_java_LogBuiltIn-alloca.c,YES,YES,Failed,Failed,Failed,TPDB_Y2024_filtered_VBS\AProVE_memory_alloca
svcomp_java_Nested-alloca.c,YES,YES,Failed,Failed,Failed,TPDB_Y2024_filtered_VBS\AProVE_memory_alloca
svcomp_java_Sequence-alloca.c,YES,YES,Failed,Failed,Failed,TPDB_Y2024_filtered_VBS\AProVE_memory_alloca
svcomp_KroeningSharyginaTsitovichWintersteiger-2010CAV-Fig1_true-alloca.c,YES,YES,Failed,Failed,Failed,TPDB_Y2024_filtered_VBS\AProVE_memory_alloca
svcomp_LarrazOliverasRodriguez-CarbonellRubio-2013FMCAD-Fig1_true-alloca.c,YES,Failed,Failed,Failed,Failed,TPDB_Y2024_filtered_VBS\AProVE_memory_alloca
svcomp_lis_alloca.c,YES,YES,Failed,Failed,Failed,TPDB_Y2024_filtered_VBS\AProVE_memory_alloca
svcomp_min_rf_true-alloca.c,YES,NO,Failed,Failed,Failed,TPDB_Y2024_filtered_VBS\AProVE_memory_alloca
svcomp_mult_array_alloca.c,YES,YES,Failed,Failed,Failed,TPDB_Y2024_filtered_VBS\AProVE_memory_alloca
svcomp_NoriSharma-2013FSE-Fig7_true-alloca.c,YES,Failed,Failed,Failed,Failed,TPDB_Y2024_filtered_VBS\AProVE_memory_alloca
svcomp_NoriSharma-2013FSE-Fig8_true-alloca.c,YES,NO,Failed,Failed,Failed,TPDB_Y2024_filtered_VBS\AProVE_memory_alloca
svcomp_openbsd_cbzero_alloca.c,YES,YES,Failed,Failed,Failed,TPDB_Y2024_filtered_VBS\AProVE_memory_alloca
svcomp_openbsd_cmemchr_alloca.c,YES,YES,Failed,Failed,Failed,TPDB_Y2024_filtered_VBS\AProVE_memory_alloca
svcomp_openbsd_cmemset_alloca.c,YES,YES,Failed,Failed,Failed,TPDB_Y2024_filtered_VBS\AProVE_memory_alloca
svcomp_openbsd_cstpcpy_alloca.c,YES,YES,Failed,Failed,Failed,TPDB_Y2024_filtered_VBS\AProVE_memory_alloca
svcomp_openbsd_cstpncpy_alloca.c,YES,YES,Failed,Failed,Failed,TPDB_Y2024_filtered_VBS\AProVE_memory_alloca
svcomp_openbsd_cstrcmp_alloca.c,YES,YES,Failed,Failed,Failed,TPDB_Y2024_filtered_VBS\AProVE_memory_alloca
svcomp_openbsd_cstrcpy_alloca.c,YES,YES,Failed,Failed,Failed,TPDB_Y2024_filtered_VBS\AProVE_memory_alloca
svcomp_openbsd_cstrlcpy_alloca.c,YES,YES,Failed,Failed,Failed,TPDB_Y2024_filtered_VBS\AProVE_memory_alloca
svcomp_openbsd_cstrlen_alloca.c,YES,YES,Failed,Failed,Failed,TPDB_Y2024_filtered_VBS\AProVE_memory_alloca
svcomp_openbsd_cstrncmp_alloca.c,YES,YES,Failed,Failed,Failed,TPDB_Y2024_filtered_VBS\AProVE_memory_alloca
svcomp_openbsd_cstrncpy_alloca.c,YES,YES,Failed,Failed,Failed,TPDB_Y2024_filtered_VBS\AProVE_memory_alloca
svcomp_openbsd_cstrnlen_alloca.c,YES,YES,Failed,Failed,Failed,TPDB_Y2024_filtered_VBS\AProVE_memory_alloca
svcomp_openbsd_cstrpbrk_alloca.c,YES,YES,Failed,Failed,Failed,TPDB_Y2024_filtered_VBS\AProVE_memory_alloca
svcomp_openbsd_cstrspn_alloca.c,YES,YES,Failed,Failed,Failed,TPDB_Y2024_filtered_VBS\AProVE_memory_alloca
svcomp_openbsd_cstrstr_alloca.c,YES,YES,Failed,Failed,Failed,TPDB_Y2024_filtered_VBS\AProVE_memory_alloca
svcomp_PodelskiRybalchenko-2004VMCAI-Ex2_true-alloca.c,NO,NO,Failed,Failed,Failed,TPDB_Y2024_filtered_VBS\AProVE_memory_alloca
svcomp_selectionsort_alloca.c,YES,YES,Failed,Failed,Failed,TPDB_Y2024_filtered_VBS\AProVE_memory_alloca
svcomp_stroeder1_alloca.c,YES,YES,Failed,Failed,Failed,TPDB_Y2024_filtered_VBS\AProVE_memory_alloca
svcomp_stroeder2_alloca.c,YES,Failed,Failed,Failed,Failed,TPDB_Y2024_filtered_VBS\AProVE_memory_alloca
svcomp_strreplace_alloca.c,YES,YES,Failed,Failed,Failed,TPDB_Y2024_filtered_VBS\AProVE_memory_alloca
svcomp_subseq_alloca.c,YES,YES,Failed,Failed,Failed,TPDB_Y2024_filtered_VBS\AProVE_memory_alloca
svcomp_substring_alloca.c,YES,YES,Failed,Failed,Failed,TPDB_Y2024_filtered_VBS\AProVE_memory_alloca
svcomp_Toulouse-BranchesToLoop_true-alloca.c,YES,NO,Failed,Failed,Failed,TPDB_Y2024_filtered_VBS\AProVE_memory_alloca
svcomp_Toulouse-MultiBranchesToLoop_true-alloca.c,YES,NO,Failed,Failed,Failed,TPDB_Y2024_filtered_VBS\AProVE_memory_alloca
svcomp_twisted-alloca.c,YES,NO,Failed,Failed,Failed,TPDB_Y2024_filtered_VBS\AProVE_memory_alloca
svcomp_Urban-2013WST-Fig1_false-unreach-label-termination-alloca.c,NO,NO,Failed,Failed,Failed,TPDB_Y2024_filtered_VBS\AProVE_memory_alloca
svcomp_Urban-2013WST-Fig2-modified1000_true-alloca.c,YES,YES,Failed,Failed,Failed,TPDB_Y2024_filtered_VBS\AProVE_memory_alloca
svcomp_Urban-2013WST-Fig2_true-alloca.c,YES,YES,Failed,Failed,Failed,TPDB_Y2024_filtered_VBS\AProVE_memory_alloca
svcomp_Urban_true-alloca.c,YES,NO,Failed,Failed,Failed,TPDB_Y2024_filtered_VBS\AProVE_memory_alloca
svcomp_Velroyen_false-unreach-label-termination-alloca.c,NO,YES,Failed,Failed,Failed,TPDB_Y2024_filtered_VBS\AProVE_memory_alloca
aaron2_true-termination.c,YES,Failed,Maybe,YES,YES,TPDB_Y2024_filtered_VBS\SV-COMP_Termination_Category
aaron3_true-termination.c,YES,YES,Maybe,Failed,Failed,TPDB_Y2024_filtered_VBS\SV-COMP_Termination_Category
AliasDarteFeautrierGonnord-SAS2010-counterex1a_true-termination.c,YES,YES,Maybe,Failed,MAYBE,TPDB_Y2024_filtered_VBS\SV-COMP_Termination_Category
AliasDarteFeautrierGonnord-SAS2010-counterex1b_true-termination.c,YES,YES,Maybe,YES,MAYBE,TPDB_Y2024_filtered_VBS\SV-COMP_Termination_Category
AliasDarteFeautrierGonnord-SAS2010-cousot9_true-termination.c,YES,YES,YES,YES,MAYBE,TPDB_Y2024_filtered_VBS\SV-COMP_Termination_Category
AliasDarteFeautrierGonnord-SAS2010-Fig1_true-termination.c,YES,YES,Maybe,YES,MAYBE,TPDB_Y2024_filtered_VBS\SV-COMP_Termination_Category
AliasDarteFeautrierGonnord-SAS2010-Fig2a_true-termination.c,YES,YES,YES,YES,MAYBE,TPDB_Y2024_filtered_VBS\SV-COMP_Termination_Category
AliasDarteFeautrierGonnord-SAS2010-Fig2b_true-termination.c,YES,YES,Maybe,YES,MAYBE,TPDB_Y2024_filtered_VBS\SV-COMP_Termination_Category
AliasDarteFeautrierGonnord-SAS2010-ndecr_true-termination.c,YES,YES,YES,YES,YES,TPDB_Y2024_filtered_VBS\SV-COMP_Termination_Category
AliasDarteFeautrierGonnord-SAS2010-nestedLoop_true-termination.c,YES,YES,Maybe,YES,MAYBE,TPDB_Y2024_filtered_VBS\SV-COMP_Termination_Category
AliasDarteFeautrierGonnord-SAS2010-random1d_true-termination.c,YES,YES,Maybe,YES,YES,TPDB_Y2024_filtered_VBS\SV-COMP_Termination_Category
AliasDarteFeautrierGonnord-SAS2010-rsd_true-termination.c,YES,YES,Maybe,YES,MAYBE,TPDB_Y2024_filtered_VBS\SV-COMP_Termination_Category
AliasDarteFeautrierGonnord-SAS2010-speedpldi2_true-termination.c,YES,YES,YES,YES,YES,TPDB_Y2024_filtered_VBS\SV-COMP_Termination_Category
AliasDarteFeautrierGonnord-SAS2010-speedpldi3_true-termination.c,YES,YES,YES,YES,MAYBE,TPDB_Y2024_filtered_VBS\SV-COMP_Termination_Category
AliasDarteFeautrierGonnord-SAS2010-speedpldi4_true-termination.c,YES,YES,YES,YES,MAYBE,TPDB_Y2024_filtered_VBS\SV-COMP_Termination_Category
AliasDarteFeautrierGonnord-SAS2010-terminate_true-termination.c,YES,YES,YES,YES,YES,TPDB_Y2024_filtered_VBS\SV-COMP_Termination_Category
AliasDarteFeautrierGonnord-SAS2010-wcet2_true-termination.c,YES,YES,YES,YES,MAYBE,TPDB_Y2024_filtered_VBS\SV-COMP_Termination_Category
AliasDarteFeautrierGonnord-SAS2010-while2_true-termination.c,YES,YES,YES,YES,MAYBE,TPDB_Y2024_filtered_VBS\SV-COMP_Termination_Category
AliasDarteFeautrierGonnord-SAS2010-wise_true-termination.c,YES,YES,YES,YES,MAYBE,TPDB_Y2024_filtered_VBS\SV-COMP_Termination_Category
Avery-FLOPS2006-Table1_true-termination.c,YES,YES,YES,YES,YES,TPDB_Y2024_filtered_VBS\SV-COMP_Termination_Category
aviad_true-termination.c,YES,YES,YES,YES,YES,TPDB_Y2024_filtered_VBS\SV-COMP_Termination_Category
BradleyMannaSipma-CAV2005-Fig1-modified_false-termination.c,NO,Failed,Maybe,NO,MAYBE,TPDB_Y2024_filtered_VBS\SV-COMP_Termination_Category
BradleyMannaSipma-CAV2005-Fig1_true-termination.c,YES,YES,YES,MAYBE,MAYBE,TPDB_Y2024_filtered_VBS\SV-COMP_Termination_Category
BradleyMannaSipma-ICALP2005-Fig1_true-termination.c,YES,YES,Maybe,YES,MAYBE,TPDB_Y2024_filtered_VBS\SV-COMP_Termination_Category
ChawdharyCookGulwaniSagivYang-ESOP2008-aaron12_true-termination.c,MAYBE,NO,Maybe,MAYBE,MAYBE,TPDB_Y2024_filtered_VBS\SV-COMP_Termination_Category
ChawdharyCookGulwaniSagivYang-ESOP2008-aaron1_true-termination.c,YES,YES,Maybe,Failed,MAYBE,TPDB_Y2024_filtered_VBS\SV-COMP_Termination_Category
ChawdharyCookGulwaniSagivYang-ESOP2008-aaron4_true-termination.c,YES,Failed,Maybe,Failed,MAYBE,TPDB_Y2024_filtered_VBS\SV-COMP_Termination_Category
ChawdharyCookGulwaniSagivYang-ESOP2008-aaron6_true-termination.c,YES,NO,Maybe,YES,MAYBE,TPDB_Y2024_filtered_VBS\SV-COMP_Termination_Category
ChawdharyCookGulwaniSagivYang-ESOP2008-random1d_true-termination.c,YES,YES,Maybe,YES,YES,TPDB_Y2024_filtered_VBS\SV-COMP_Termination_Category
ChenFlurMukhopadhyay-SAS2012-Ex1.02_true-termination.c,YES,YES,YES,YES,YES,TPDB_Y2024_filtered_VBS\SV-COMP_Termination_Category
ChenFlurMukhopadhyay-SAS2012-Ex1.03_true-termination.c,YES,YES,Maybe,YES,YES,TPDB_Y2024_filtered_VBS\SV-COMP_Termination_Category
ChenFlurMukhopadhyay-SAS2012-Ex1.04_true-termination.c,YES,YES,Maybe,YES,YES,TPDB_Y2024_filtered_VBS\SV-COMP_Termination_Category
ChenFlurMukhopadhyay-SAS2012-Ex1.05_true-termination.c,YES,YES,Maybe,YES,YES,TPDB_Y2024_filtered_VBS\SV-COMP_Termination_Category
ChenFlurMukhopadhyay-SAS2012-Ex2.01_true-termination.c,YES,YES,Maybe,YES,MAYBE,TPDB_Y2024_filtered_VBS\SV-COMP_Termination_Category
ChenFlurMukhopadhyay-SAS2012-Ex2.02_false-termination.c,NO,NO,Maybe,NO,MAYBE,TPDB_Y2024_filtered_VBS\SV-COMP_Termination_Category
ChenFlurMukhopadhyay-SAS2012-Ex2.05_false-termination.c,NO,NO,Maybe,NO,MAYBE,TPDB_Y2024_filtered_VBS\SV-COMP_Termination_Category
ChenFlurMukhopadhyay-SAS2012-Ex2.07_true-termination.c,YES,YES,Maybe,YES,MAYBE,TPDB_Y2024_filtered_VBS\SV-COMP_Termination_Category
ChenFlurMukhopadhyay-SAS2012-Ex2.08_true-termination.c,YES,YES,Maybe,YES,MAYBE,TPDB_Y2024_filtered_VBS\SV-COMP_Termination_Category
ChenFlurMukhopadhyay-SAS2012-Ex2.10_true-termination.c,YES,YES,YES,YES,YES,TPDB_Y2024_filtered_VBS\SV-COMP_Termination_Category
ChenFlurMukhopadhyay-SAS2012-Ex2.13_true-termination.c,YES,YES,Maybe,YES,MAYBE,TPDB_Y2024_filtered_VBS\SV-COMP_Termination_Category
ChenFlurMukhopadhyay-SAS2012-Ex2.16_true-termination.c,YES,YES,Maybe,YES,MAYBE,TPDB_Y2024_filtered_VBS\SV-COMP_Termination_Category
ChenFlurMukhopadhyay-SAS2012-Ex2.17_false-termination.c,NO,NO,Maybe,NO,MAYBE,TPDB_Y2024_filtered_VBS\SV-COMP_Termination_Category
ChenFlurMukhopadhyay-SAS2012-Ex2.20_true-termination.c,YES,YES,YES,YES,YES,TPDB_Y2024_filtered_VBS\SV-COMP_Termination_Category
ChenFlurMukhopadhyay-SAS2012-Ex2.22_true-termination.c,YES,YES,YES,YES,MAYBE,TPDB_Y2024_filtered_VBS\SV-COMP_Termination_Category
ChenFlurMukhopadhyay-SAS2012-Ex3.01_true-termination.c,YES,NO,YES,YES,MAYBE,TPDB_Y2024_filtered_VBS\SV-COMP_Termination_Category
ChenFlurMukhopadhyay-SAS2012-Ex3.03_true-termination.c,YES,YES,Maybe,YES,MAYBE,TPDB_Y2024_filtered_VBS\SV-COMP_Termination_Category
ChenFlurMukhopadhyay-SAS2012-Ex3.04_true-termination.c,YES,YES,Maybe,YES,MAYBE,TPDB_Y2024_filtered_VBS\SV-COMP_Termination_Category
ChenFlurMukhopadhyay-SAS2012-Ex3.05_true-termination.c,YES,YES,Maybe,YES,MAYBE,TPDB_Y2024_filtered_VBS\SV-COMP_Termination_Category
ChenFlurMukhopadhyay-SAS2012-Ex3.08_true-termination.c,YES,YES,Maybe,YES,MAYBE,TPDB_Y2024_filtered_VBS\SV-COMP_Termination_Category
ChenFlurMukhopadhyay-SAS2012-Ex3.09_true-termination.c,YES,YES,Maybe,YES,MAYBE,TPDB_Y2024_filtered_VBS\SV-COMP_Termination_Category
ChenFlurMukhopadhyay-SAS2012-Ex4.01_true-termination.c,YES,YES,Maybe,YES,MAYBE,TPDB_Y2024_filtered_VBS\SV-COMP_Termination_Category
CookSeeZuleger-TACAS2013-Fig1_true-termination.c,YES,YES,YES,YES,MAYBE,TPDB_Y2024_filtered_VBS\SV-COMP_Termination_Category
CookSeeZuleger-TACAS2013-Fig7a_true-termination.c,YES,YES,YES,YES,MAYBE,TPDB_Y2024_filtered_VBS\SV-COMP_Termination_Category
CookSeeZuleger-TACAS2013-Fig7b_true-termination.c,YES,YES,YES,YES,MAYBE,TPDB_Y2024_filtered_VBS\SV-COMP_Termination_Category
gcd1_true-termination.c,YES,YES,YES,YES,MAYBE,TPDB_Y2024_filtered_VBS\SV-COMP_Termination_Category
genady_true-termination.c,YES,YES,YES,YES,MAYBE,TPDB_Y2024_filtered_VBS\SV-COMP_Termination_Category
GopanReps-CAV2006-Fig1a_true-termination.c.c,YES,YES,Maybe,YES,MAYBE,TPDB_Y2024_filtered_VBS\SV-COMP_Termination_Category
GulwaniJainKoskinen-PLDI2009-Fig1_true-termination.c,YES,YES,Maybe,YES,MAYBE,TPDB_Y2024_filtered_VBS\SV-COMP_Termination_Category
HarrisLalNoriRajamani-SAS2010-Fig1_true-termination.c,YES,Failed,Maybe,YES,MAYBE,TPDB_Y2024_filtered_VBS\SV-COMP_Termination_Category
HarrisLalNoriRajamani-SAS2010-Fig2_false-termination.c,NO,NO,Maybe,NO,MAYBE,TPDB_Y2024_filtered_VBS\SV-COMP_Termination_Category
HarrisLalNoriRajamani-SAS2010-Fig3_true-termination.c,YES,YES,Maybe,YES,YES,TPDB_Y2024_filtered_VBS\SV-COMP_Termination_Category
HeizmannHoenickeLeikePodelski-ATVA2013-Fig2_true-termination.c,YES,YES,Maybe,NO,MAYBE,TPDB_Y2024_filtered_VBS\SV-COMP_Termination_Category
HeizmannHoenickeLeikePodelski-ATVA2013-Fig5_true-termination.c,YES,YES,YES,MAYBE,MAYBE,TPDB_Y2024_filtered_VBS\SV-COMP_Termination_Category
HeizmannHoenickeLeikePodelski-ATVA2013-Fig6_true-termination.c,YES,YES,YES,YES,YES,TPDB_Y2024_filtered_VBS\SV-COMP_Termination_Category
HeizmannHoenickeLeikePodelski-ATVA2013-Fig7_true-termination.c,YES,Failed,Maybe,MAYBE,MAYBE,TPDB_Y2024_filtered_VBS\SV-COMP_Termination_Category
HeizmannHoenickeLeikePodelski-ATVA2013-Fig8_true-termination.c,YES,Failed,YES,MAYBE,MAYBE,TPDB_Y2024_filtered_VBS\SV-COMP_Termination_Category
HeizmannHoenickeLeikePodelski-ATVA2013-Fig9_true-termination.c,YES,NO,YES,MAYBE,MAYBE,TPDB_Y2024_filtered_VBS\SV-COMP_Termination_Category
HenzingerJhalaMajumdarSutre-POPL2002-LockingExample_false-termination.c,NO,YES,Maybe,Failed,MAYBE,TPDB_Y2024_filtered_VBS\SV-COMP_Termination_Category
joey_false-termination.c,NO,NO,YES,Failed,Failed,TPDB_Y2024_filtered_VBS\SV-COMP_Termination_Category
KroeningSharyginaTsitovichWintersteiger-CAV2010-Ex_true-termination.c,YES,YES,YES,YES,YES,TPDB_Y2024_filtered_VBS\SV-COMP_Termination_Category
KroeningSharyginaTsitovichWintersteiger-CAV2010-Fig1_true-termination.c,YES,NO,Maybe,NO,MAYBE,TPDB_Y2024_filtered_VBS\SV-COMP_Termination_Category
LarrazOliverasRodriguez-CarbonellRubio-FMCAD2013-Fig1_true-termination.c,YES,YES,Maybe,YES,MAYBE,TPDB_Y2024_filtered_VBS\SV-COMP_Termination_Category
LeeJonesBen-Amram-POPL2001-Ex1_true-termination.c,YES,YES,YES,Failed,Failed,TPDB_Y2024_filtered_VBS\SV-COMP_Termination_Category
LeeJonesBen-Amram-POPL2001-Ex2_true-termination.c,YES,YES,Failed,Failed,Failed,TPDB_Y2024_filtered_VBS\SV-COMP_Termination_Category
LeeJonesBen-Amram-POPL2001-Ex3_true-termination.c,YES,YES,YES,Failed,Failed,TPDB_Y2024_filtered_VBS\SV-COMP_Termination_Category
LeeJonesBen-Amram-POPL2001-Ex4_true-termination.c,YES,YES,YES,Failed,Failed,TPDB_Y2024_filtered_VBS\SV-COMP_Termination_Category
LeeJonesBen-Amram-POPL2001-Ex5_true-termination.c,YES,YES,YES,Failed,Failed,TPDB_Y2024_filtered_VBS\SV-COMP_Termination_Category
LeeJonesBen-Amram-POPL2001-Ex6_true-termination.c,YES,YES,YES,Failed,Failed,TPDB_Y2024_filtered_VBS\SV-COMP_Termination_Category
LeikeHeizmann-TACAS2014-Ex9_true-termination.c,YES,YES,YES,YES,YES,TPDB_Y2024_filtered_VBS\SV-COMP_Termination_Category
LeikeHeizmann-WST2014-Ex9_true-termination.c,YES,YES,YES,YES,YES,TPDB_Y2024_filtered_VBS\SV-COMP_Termination_Category
min_rf_true-termination.c,YES,YES,Maybe,YES,MAYBE,TPDB_Y2024_filtered_VBS\SV-COMP_Termination_Category
PodelskiRybalchenko-LICS2004-Fig2_true-termination.c,YES,Failed,Maybe,YES,MAYBE,TPDB_Y2024_filtered_VBS\SV-COMP_Termination_Category
PodelskiRybalchenko-TACAS2011-Fig4_true-termination.c,YES,YES,YES,YES,MAYBE,TPDB_Y2024_filtered_VBS\SV-COMP_Termination_Category
PodelskiRybalchenko-VMCAI2004-Ex1_true-termination.c,YES,YES,Maybe,YES,YES,TPDB_Y2024_filtered_VBS\SV-COMP_Termination_Category
svcomp_cstrcmp_true-termination.c,YES,YES,Maybe,Failed,Failed,TPDB_Y2024_filtered_VBS\SV-COMP_Termination_Category
svcomp_cstrcspn_true-termination.c,YES,YES,Maybe,Failed,Failed,TPDB_Y2024_filtered_VBS\SV-COMP_Termination_Category
svcomp_cstrlen_true-termination.c,YES,YES,Maybe,Failed,Failed,TPDB_Y2024_filtered_VBS\SV-COMP_Termination_Category
svcomp_cstrncmp_true-termination.c,YES,YES,YES,Failed,Failed,TPDB_Y2024_filtered_VBS\SV-COMP_Termination_Category
svcomp_cstrpbrk_true-termination.c,YES,YES,Maybe,Failed,Failed,TPDB_Y2024_filtered_VBS\SV-COMP_Termination_Category
svcomp_cstrspn_true-termination.c,YES,YES,Maybe,Failed,Failed,TPDB_Y2024_filtered_VBS\SV-COMP_Termination_Category
svcomp_strchr_true-termination.c,YES,YES,Maybe,Failed,Failed,TPDB_Y2024_filtered_VBS\SV-COMP_Termination_Category
TelAviv-Amir-Minimum_true-termination.c,YES,YES,Maybe,Failed,MAYBE,TPDB_Y2024_filtered_VBS\SV-COMP_Termination_Category
Toulouse-BranchesToLoop_true-termination.c,YES,Failed,Maybe,MAYBE,MAYBE,TPDB_Y2024_filtered_VBS\SV-COMP_Termination_Category
Toulouse-MultiBranchesToLoop_true-termination.c,YES,Failed,Maybe,MAYBE,MAYBE,TPDB_Y2024_filtered_VBS\SV-COMP_Termination_Category
UrbanMine-ESOP2014-Fig3_true-termination.c,YES,YES,Maybe,Failed,MAYBE,TPDB_Y2024_filtered_VBS\SV-COMP_Termination_Category
majority-noarray_true-termination.c,YES,YES,Maybe,Failed,Failed,TPDB_Y2024_filtered_VBS\Di_Stefano_20
Avg_true.c,YES,Failed,YES,Failed,Failed,TPDB_Y2024_filtered_VBS\AProVE_numeric
Binomial_true.c,YES,YES,Failed,Failed,Failed,TPDB_Y2024_filtered_VBS\AProVE_numeric
Et1_true.c,YES,NO,YES,Failed,Failed,TPDB_Y2024_filtered_VBS\AProVE_numeric
Et2_true.c,YES,Failed,YES,Failed,Failed,TPDB_Y2024_filtered_VBS\AProVE_numeric
Et3_true.c,YES,NO,YES,Failed,Failed,TPDB_Y2024_filtered_VBS\AProVE_numeric
Et4_true.c,YES,NO,YES,Failed,Failed,TPDB_Y2024_filtered_VBS\AProVE_numeric
ex2.c,YES,NO,Failed,Failed,Failed,TPDB_Y2024_filtered_VBS\AProVE_numeric
ex3.c,YES,Failed,YES,Failed,Failed,TPDB_Y2024_filtered_VBS\AProVE_numeric
LeUserDefRec_true.c,YES,YES,YES,Failed,Failed,TPDB_Y2024_filtered_VBS\AProVE_numeric
rec_counter1.c,YES,YES,YES,Failed,Failed,TPDB_Y2024_filtered_VBS\AProVE_numeric
rec_counter3.c,YES,NO,Maybe,Failed,Failed,TPDB_Y2024_filtered_VBS\AProVE_numeric
rec_strlen.c,YES,YES,Failed,Failed,Failed,TPDB_Y2024_filtered_VBS\AProVE_numeric
svcomp_a.01.c,YES,YES,YES,YES,MAYBE,TPDB_Y2024_filtered_VBS\AProVE_numeric
svcomp_a.04.c,YES,YES,YES,YES,YES,TPDB_Y2024_filtered_VBS\AProVE_numeric
svcomp_a.05.c,YES,YES,Maybe,YES,YES,TPDB_Y2024_filtered_VBS\AProVE_numeric
svcomp_a.06.c,YES,YES,Failed,YES,YES,TPDB_Y2024_filtered_VBS\AProVE_numeric
svcomp_a.07.c,YES,YES,YES,YES,YES,TPDB_Y2024_filtered_VBS\AProVE_numeric
svcomp_a.08.c,YES,YES,YES,YES,YES,TPDB_Y2024_filtered_VBS\AProVE_numeric
svcomp_a.09_assume.c,YES,Failed,Maybe,YES,YES,TPDB_Y2024_filtered_VBS\AProVE_numeric
svcomp_a.10.c,YES,YES,YES,YES,MAYBE,TPDB_Y2024_filtered_VBS\AProVE_numeric
svcomp_Ackermann01_true-unreach-call_modified_modified.c,YES,YES,YES,Failed,Failed,TPDB_Y2024_filtered_VBS\AProVE_numeric
svcomp_Addition01_true-unreach-call_true-termination_modified.c,YES,YES,YES,Failed,Failed,TPDB_Y2024_filtered_VBS\AProVE_numeric
svcomp_b.01.c,YES,YES,YES,YES,YES,TPDB_Y2024_filtered_VBS\AProVE_numeric
svcomp_b.02.c,YES,YES,YES,YES,YES,TPDB_Y2024_filtered_VBS\AProVE_numeric
svcomp_b.03-no-inv_assume.c,YES,NO,Maybe,YES,YES,TPDB_Y2024_filtered_VBS\AProVE_numeric
svcomp_b.03_assume.c,YES,Failed,Maybe,YES,YES,TPDB_Y2024_filtered_VBS\AProVE_numeric
svcomp_b.04.c,YES,Failed,YES,YES,YES,TPDB_Y2024_filtered_VBS\AProVE_numeric
svcomp_b.05.c,YES,Failed,YES,YES,YES,TPDB_Y2024_filtered_VBS\AProVE_numeric
svcomp_b.06.c,YES,YES,YES,YES,YES,TPDB_Y2024_filtered_VBS\AProVE_numeric
svcomp_b.07.c,YES,YES,YES,YES,YES,TPDB_Y2024_filtered_VBS\AProVE_numeric
svcomp_b.09-no-inv_assume.c,YES,YES,Maybe,MAYBE,MAYBE,TPDB_Y2024_filtered_VBS\AProVE_numeric
svcomp_b.09_assume.c,YES,YES,YES,YES,MAYBE,TPDB_Y2024_filtered_VBS\AProVE_numeric
svcomp_b.10.c,YES,YES,Maybe,YES,YES,TPDB_Y2024_filtered_VBS\AProVE_numeric
svcomp_b.11.c,YES,YES,YES,YES,YES,TPDB_Y2024_filtered_VBS\AProVE_numeric
svcomp_b.12.c,YES,YES,YES,YES,MAYBE,TPDB_Y2024_filtered_VBS\AProVE_numeric
svcomp_b.13.c,YES,YES,YES,YES,MAYBE,TPDB_Y2024_filtered_VBS\AProVE_numeric
svcomp_b.14.c,YES,Failed,YES,YES,MAYBE,TPDB_Y2024_filtered_VBS\AProVE_numeric
svcomp_b.15.c,YES,Failed,YES,YES,MAYBE,TPDB_Y2024_filtered_VBS\AProVE_numeric
svcomp_b.16.c,YES,YES,YES,YES,MAYBE,TPDB_Y2024_filtered_VBS\AProVE_numeric
svcomp_b.17.c,YES,YES,YES,YES,MAYBE,TPDB_Y2024_filtered_VBS\AProVE_numeric
svcomp_b.18.c,YES,YES,YES,YES,MAYBE,TPDB_Y2024_filtered_VBS\AProVE_numeric
svcomp_c.01-no-inv.c,YES,YES,Maybe,MAYBE,MAYBE,TPDB_Y2024_filtered_VBS\AProVE_numeric
svcomp_c.01_assume.c,YES,YES,Maybe,YES,MAYBE,TPDB_Y2024_filtered_VBS\AProVE_numeric
svcomp_c.02.c,YES,NO,YES,YES,MAYBE,TPDB_Y2024_filtered_VBS\AProVE_numeric
svcomp_c.03.c,YES,Failed,YES,YES,MAYBE,TPDB_Y2024_filtered_VBS\AProVE_numeric
svcomp_c.07.c,YES,YES,YES,YES,YES,TPDB_Y2024_filtered_VBS\AProVE_numeric
svcomp_c.08.c,YES,YES,YES,YES,MAYBE,TPDB_Y2024_filtered_VBS\AProVE_numeric
svcomp_easySum.c,YES,YES,YES,YES,YES,TPDB_Y2024_filtered_VBS\AProVE_numeric
svcomp_EvenOdd01_true-unreach-call_true-termination_modified.c,YES,YES,Failed,Failed,Failed,TPDB_Y2024_filtered_VBS\AProVE_numeric
svcomp_ex1.c,YES,YES,YES,YES,YES,TPDB_Y2024_filtered_VBS\AProVE_numeric
svcomp_ex2.c,MAYBE,NO,Maybe,MAYBE,MAYBE,TPDB_Y2024_filtered_VBS\AProVE_numeric
svcomp_ex3a.c,YES,Failed,YES,MAYBE,MAYBE,TPDB_Y2024_filtered_VBS\AProVE_numeric
svcomp_ex3b.c,YES,Failed,Maybe,MAYBE,MAYBE,TPDB_Y2024_filtered_VBS\AProVE_numeric
svcomp_fermat.c,YES,YES,YES,YES,MAYBE,TPDB_Y2024_filtered_VBS\AProVE_numeric
svcomp_Fibonacci01_true-unreach-call_modified.c,YES,YES,YES,Failed,Failed,TPDB_Y2024_filtered_VBS\AProVE_numeric
svcomp_flag.c,YES,YES,YES,YES,MAYBE,TPDB_Y2024_filtered_VBS\AProVE_numeric
svcomp_gcd01_true-unreach-call_true-termination_modified.c,YES,YES,YES,Failed,Failed,TPDB_Y2024_filtered_VBS\AProVE_numeric
svcomp_java_AG313.c,YES,YES,YES,YES,YES,TPDB_Y2024_filtered_VBS\AProVE_numeric
svcomp_java_Break.c,YES,YES,YES,YES,MAYBE,TPDB_Y2024_filtered_VBS\AProVE_numeric
svcomp_java_Continue1.c,YES,YES,YES,YES,MAYBE,TPDB_Y2024_filtered_VBS\AProVE_numeric
svcomp_java_LogBuiltIn.c,YES,YES,YES,YES,YES,TPDB_Y2024_filtered_VBS\AProVE_numeric
svcomp_java_Nested.c,YES,YES,YES,YES,MAYBE,TPDB_Y2024_filtered_VBS\AProVE_numeric
svcomp_java_Sequence.c,YES,YES,YES,YES,MAYBE,TPDB_Y2024_filtered_VBS\AProVE_numeric
svcomp_MultCommutative_true-unreach-call_true-termination_modified.c,YES,YES,Failed,Failed,Failed,TPDB_Y2024_filtered_VBS\AProVE_numeric
svcomp_recHanoi02_true-unreach-call_true-termination_modified.c,YES,YES,YES,Failed,Failed,TPDB_Y2024_filtered_VBS\AProVE_numeric
svcomp_twisted.c,YES,NO,Maybe,YES,MAYBE,TPDB_Y2024_filtered_VBS\AProVE_numeric
TerminatorRec02_true.c,YES,YES,YES,Failed,Failed,TPDB_Y2024_filtered_VBS\AProVE_numeric
TwoWay_true.c,YES,NO,YES,Failed,Failed,TPDB_Y2024_filtered_VBS\AProVE_numeric
4BitCounterPointer_true-termination.c,YES,YES,Failed,Failed,Failed,TPDB_Y2024_filtered_VBS\Ultimate
Arrays01-EquivalentConstantIndices_true-termination.c,YES,YES,Maybe,NO,MAYBE,TPDB_Y2024_filtered_VBS\Ultimate
Arrays02-EquivalentConstantIndices_false-termination.c,NO,YES,Maybe,NO,MAYBE,TPDB_Y2024_filtered_VBS\Ultimate
Arrays03-ValueRestictsIndex_true-termination.c,YES,YES,YES,NO,MAYBE,TPDB_Y2024_filtered_VBS\Ultimate
Bangalore_true-termination.c,YES,YES,YES,YES,YES,TPDB_Y2024_filtered_VBS\Ultimate
Cairo_true-termination.c,YES,YES,Maybe,MAYBE,MAYBE,TPDB_Y2024_filtered_VBS\Ultimate
Division_false-termination.c,NO,NO,Maybe,NO,MAYBE,TPDB_Y2024_filtered_VBS\Ultimate
Gothenburg_true-termination.c,YES,YES,Maybe,YES,MAYBE,TPDB_Y2024_filtered_VBS\Ultimate
Lobnya-Boolean-Reordered_true-termination.c,YES,YES,Maybe,YES,MAYBE,TPDB_Y2024_filtered_VBS\Ultimate
Madrid_false-termination.c,NO,NO,Maybe,NO,MAYBE,TPDB_Y2024_filtered_VBS\Ultimate
Mysore_true-termination.c,YES,Failed,Maybe,YES,MAYBE,TPDB_Y2024_filtered_VBS\Ultimate
NonTermination2_false-termination.c,NO,NO,Maybe,MAYBE,MAYBE,TPDB_Y2024_filtered_VBS\Ultimate
NonTerminationSimple2_false-termination.c,NO,NO,Maybe,NO,MAYBE,TPDB_Y2024_filtered_VBS\Ultimate
NonTerminationSimple3_false-termination.c,NO,NO,Maybe,NO,MAYBE,TPDB_Y2024_filtered_VBS\Ultimate
NonTerminationSimple4_false-termination.c,NO,NO,Maybe,NO,MAYBE,TPDB_Y2024_filtered_VBS\Ultimate
NonTerminationSimple5_false-termination.c,NO,NO,Maybe,NO,MAYBE,TPDB_Y2024_filtered_VBS\Ultimate
NonTerminationSimple6_false-termination.c,NO,NO,Maybe,NO,MAYBE,TPDB_Y2024_filtered_VBS\Ultimate
NonTerminationSimple7_false-termination.c,NO,NO,Maybe,NO,MAYBE,TPDB_Y2024_filtered_VBS\Ultimate
NonTerminationSimple8_false-termination.c,NO,NO,Maybe,NO,MAYBE,TPDB_Y2024_filtered_VBS\Ultimate
NonTerminationSimple9_false-termination.c,NO,NO,Maybe,NO,MAYBE,TPDB_Y2024_filtered_VBS\Ultimate
Nyala-2lex_true-termination.c,YES,YES,Maybe,YES,MAYBE,TPDB_Y2024_filtered_VBS\Ultimate
Parallel_true-termination.c,YES,YES,YES,YES,MAYBE,TPDB_Y2024_filtered_VBS\Ultimate
Pure3Phase_true-termination.c,YES,YES,Maybe,MAYBE,MAYBE,TPDB_Y2024_filtered_VBS\Ultimate
RecursiveMultiplication_true-termination.c,YES,YES,YES,Failed,Failed,TPDB_Y2024_filtered_VBS\Ultimate
RecursiveNonterminating_false-termination.c,NO,Failed,YES,Failed,Failed,TPDB_Y2024_filtered_VBS\Ultimate
Rotation180_false-termination.c,NO,NO,Maybe,NO,MAYBE,TPDB_Y2024_filtered_VBS\Ultimate
Stockholm_true-termination.c,YES,Failed,YES,YES,YES,TPDB_Y2024_filtered_VBS\Ultimate
SyntaxSupportPointer01_true-termination.c,YES,NO,YES,Failed,Failed,TPDB_Y2024_filtered_VBS\Ultimate
WhileFalse_true-termination.c,YES,YES,Maybe,YES,YES,TPDB_Y2024_filtered_VBS\Ultimate
WhileTrue_false-termination.c,NO,NO,Maybe,NO,MAYBE,TPDB_Y2024_filtered_VBS\Ultimate
2Nested_false-termination.c,NO,NO,Maybe,NO,MAYBE,TPDB_Y2024_filtered_VBS\Ton_Chanh_15
Ackermann_false-termination.c,NO,NO,YES,Failed,Failed,TPDB_Y2024_filtered_VBS\Ton_Chanh_15
Ackermann_true-termination.c,YES,YES,YES,Failed,Failed,TPDB_Y2024_filtered_VBS\Ton_Chanh_15
Bangalore_false-termination.c,NO,NO,Maybe,NO,MAYBE,TPDB_Y2024_filtered_VBS\Ton_Chanh_15
Bangalore_v2_false-termination.c,NO,YES,Maybe,NO,MAYBE,TPDB_Y2024_filtered_VBS\Ton_Chanh_15
Bangalore_v3_false-termination.c,NO,Failed,Maybe,NO,MAYBE,TPDB_Y2024_filtered_VBS\Ton_Chanh_15
Bangalore_v4_true-termination.c,YES,YES,Maybe,YES,YES,TPDB_Y2024_filtered_VBS\Ton_Chanh_15
Benghazi_nondet_true-termination.c,YES,Failed,Maybe,YES,MAYBE,TPDB_Y2024_filtered_VBS\Ton_Chanh_15
Binary_Search_true-termination.c,NO,YES,YES,Failed,Failed,TPDB_Y2024_filtered_VBS\Ton_Chanh_15
Cairo_nondet_false-termination.c,NO,YES,Maybe,NO,MAYBE,TPDB_Y2024_filtered_VBS\Ton_Chanh_15
Cairo_step2_false-termination.c,NO,YES,Maybe,NO,MAYBE,TPDB_Y2024_filtered_VBS\Ton_Chanh_15
Copenhagen_disj_true-termination.c,YES,YES,Maybe,YES,MAYBE,TPDB_Y2024_filtered_VBS\Ton_Chanh_15
Gothenburg_v2_true-termination.c,YES,Failed,YES,YES,YES,TPDB_Y2024_filtered_VBS\Ton_Chanh_15
Hanoi_2vars_false-termination.c,NO,NO,Maybe,NO,MAYBE,TPDB_Y2024_filtered_VBS\Ton_Chanh_15
Hanoi_3vars_false-termination.c,NO,NO,Maybe,NO,MAYBE,TPDB_Y2024_filtered_VBS\Ton_Chanh_15
Hanoi_plus_false-termination.c,NO,NO,Maybe,NO,MAYBE,TPDB_Y2024_filtered_VBS\Ton_Chanh_15
McCarthy91_Iteration_true-termination.c,YES,Failed,YES,YES,MAYBE,TPDB_Y2024_filtered_VBS\Ton_Chanh_15
McCarthy91_Recursion_true-termination.c,YES,YES,YES,Failed,Failed,TPDB_Y2024_filtered_VBS\Ton_Chanh_15
MutualRecursion_1a_false-termination.c,NO,YES,Failed,Failed,Failed,TPDB_Y2024_filtered_VBS\Ton_Chanh_15
MutualRecursion_1b_true-termination.c,YES,YES,Failed,Failed,Failed,TPDB_Y2024_filtered_VBS\Ton_Chanh_15
Mysore_false-termination.c,NO,YES,Maybe,NO,MAYBE,TPDB_Y2024_filtered_VBS\Ton_Chanh_15
NestedRecursion_1a_false-termination.c,NO,NO,YES,Failed,Failed,TPDB_Y2024_filtered_VBS\Ton_Chanh_15
NestedRecursion_1b_true-termination.c,YES,Failed,YES,Failed,Failed,TPDB_Y2024_filtered_VBS\Ton_Chanh_15
NestedRecursion_1c_true-termination.c,YES,YES,YES,Failed,Failed,TPDB_Y2024_filtered_VBS\Ton_Chanh_15
NestedRecursion_1d_true-termination.c,YES,NO,YES,Failed,Failed,TPDB_Y2024_filtered_VBS\Ton_Chanh_15
NestedRecursion_2a_false-termination.c,NO,YES,YES,Failed,Failed,TPDB_Y2024_filtered_VBS\Ton_Chanh_15
NestedRecursion_2b_false-termination.c,NO,YES,YES,Failed,Failed,TPDB_Y2024_filtered_VBS\Ton_Chanh_15
NestedRecursion_2c_true-termination.c,YES,Failed,YES,Failed,Failed,TPDB_Y2024_filtered_VBS\Ton_Chanh_15
Singapore_plus_false-termination.c,NO,NO,Maybe,NO,MAYBE,TPDB_Y2024_filtered_VBS\Ton_Chanh_15
Singapore_true-termination.c,YES,NO,Maybe,MAYBE,MAYBE,TPDB_Y2024_filtered_VBS\Ton_Chanh_15
Singapore_v1_false-termination.c,NO,NO,Maybe,NO,MAYBE,TPDB_Y2024_filtered_VBS\Ton_Chanh_15
Singapore_v2_false-termination.c,NO,Failed,Maybe,NO,MAYBE,TPDB_Y2024_filtered_VBS\Ton_Chanh_15
