file,result_2ls_TPDB_copy1,time_taken_2ls_TPDB_copy1,result_2ls_TPDB_copy2,time_taken_2ls_TPDB_copy2,result_2ls_TPDB_copy3,time_taken_2ls_TPDB_copy3,consistency
TPDB_Y2024_filtered_VBS/Ultimate/NonTerminationSimple5_false-termination.c,Maybe,0.31,Maybe,0.32,Maybe,0.3,True
TPDB_Y2024_filtered_VBS/Ultimate/Cairo_true-termination.c,Maybe,0.35,Maybe,0.36,Maybe,0.35,True
TPDB_Y2024_filtered_VBS/Ultimate/NonTerminationSimple8_false-termination.c,Maybe,0.34,Maybe,0.35,Maybe,0.35,True
TPDB_Y2024_filtered_VBS/Ultimate/NonTerminationSimple4_false-termination.c,Maybe,0.32,Maybe,0.33,Maybe,0.33,True
TPDB_Y2024_filtered_VBS/Ultimate/NonTerminationSimple3_false-termination.c,Maybe,0.23,Maybe,0.22,Maybe,0.23,True
TPDB_Y2024_filtered_VBS/Ultimate/LexIndexValue-Pointer_true-termination.c,Maybe,0.89,Maybe,0.9,Maybe,0.89,True
TPDB_Y2024_filtered_VBS/Ultimate/Pure3Phase_true-termination.c,Maybe,1.47,Maybe,1.45,Maybe,1.34,True
TPDB_Y2024_filtered_VBS/Ultimate/Arrays02-EquivalentConstantIndices_false-termination.c,Maybe,0.1,Maybe,0.09,Maybe,0.1,True
TPDB_Y2024_filtered_VBS/Ultimate/WhileTrue_false-termination.c,Maybe,0.09,Maybe,0.05,Maybe,0.06,True
TPDB_Y2024_filtered_VBS/Ultimate/NonTerminationSimple6_false-termination.c,Maybe,0.16,Maybe,0.15,Maybe,0.12,True
TPDB_Y2024_filtered_VBS/Ultimate/Collatz_unknown-termination.c,Maybe,0.35,Maybe,0.34,Maybe,0.33,True
TPDB_Y2024_filtered_VBS/Ultimate/Lobnya-Boolean-Reordered_true-termination.c,Maybe,0.58,Maybe,0.58,Maybe,0.56,True
TPDB_Y2024_filtered_VBS/Ultimate/SyntaxSupportPointer01_true-termination.c,YES,0.6,YES,0.43,YES,0.59,True
TPDB_Y2024_filtered_VBS/Ultimate/RecursiveMultiplication_true-termination.c,YES,0.21,YES,0.21,YES,0.2,True
TPDB_Y2024_filtered_VBS/Ultimate/Rotation180_false-termination.c,Maybe,0.16,Maybe,0.16,Maybe,0.16,True
TPDB_Y2024_filtered_VBS/Ultimate/Madrid_false-termination.c,Maybe,0.09,Maybe,0.1,Maybe,0.09,True
TPDB_Y2024_filtered_VBS/Ultimate/Mysore_true-termination.c,Maybe,0.67,Maybe,0.5,Maybe,0.47,True
TPDB_Y2024_filtered_VBS/Ultimate/4BitCounterPointer_true-termination.c,Failed,0.24,Failed,0.26,Failed,0.25,True
TPDB_Y2024_filtered_VBS/Ultimate/Bangalore_true-termination.c,YES,0.14,YES,0.13,YES,0.13,True
TPDB_Y2024_filtered_VBS/Ultimate/Nyala-2lex_true-termination.c,Maybe,0.38,Maybe,0.26,Maybe,0.26,True
TPDB_Y2024_filtered_VBS/Ultimate/Arrays01-EquivalentConstantIndices_true-termination.c,Maybe,0.1,Maybe,0.1,Maybe,0.09,True
TPDB_Y2024_filtered_VBS/Ultimate/WhileFalse_true-termination.c,Maybe,0.09,Maybe,0.07,Maybe,0.08,True
TPDB_Y2024_filtered_VBS/Ultimate/NonTerminationSimple7_false-termination.c,Maybe,0.16,Maybe,0.12,Maybe,0.16,True
TPDB_Y2024_filtered_VBS/Ultimate/Division_false-termination.c,Maybe,0.14,Maybe,0.14,Maybe,0.11,True
TPDB_Y2024_filtered_VBS/Ultimate/RecursiveNonterminating_false-termination.c,YES,0.16,YES,0.13,YES,0.15,True
TPDB_Y2024_filtered_VBS/Ultimate/Stockholm_true-termination.c,YES,0.18,YES,0.18,YES,0.18,True
TPDB_Y2024_filtered_VBS/Ultimate/NonTerminationSimple9_false-termination.c,Maybe,0.16,Maybe,0.12,Maybe,0.16,True
TPDB_Y2024_filtered_VBS/Ultimate/NonTermination2_false-termination.c,Maybe,0.18,Maybe,0.12,Maybe,0.17,True
TPDB_Y2024_filtered_VBS/Ultimate/LexIndexValue-Array_true-termination.c,Maybe,0.22,Maybe,0.23,Maybe,0.17,True
TPDB_Y2024_filtered_VBS/Ultimate/Arrays03-ValueRestictsIndex_true-termination.c,YES,0.14,YES,0.11,YES,0.14,True
TPDB_Y2024_filtered_VBS/Ultimate/Parallel_true-termination.c,YES,0.17,YES,0.17,YES,0.12,True
TPDB_Y2024_filtered_VBS/Ultimate/NonTerminationSimple2_false-termination.c,Maybe,0.37,Maybe,0.26,Maybe,0.26,True
TPDB_Y2024_filtered_VBS/Ultimate/Gothenburg_true-termination.c,Maybe,0.83,Maybe,0.84,Maybe,0.57,True
TPDB_Y2024_filtered_VBS/Ultimate/NonTermination3_false-termination.c,Maybe,0.41,Maybe,0.29,Maybe,0.39,True
TPDB_Y2024_filtered_VBS/Stroeder_15/ChenFlurMukhopadhyay-SAS2012-Ex2.06_false-termination.c,Maybe,5.04,Maybe,5.07,Maybe,4.45,True
TPDB_Y2024_filtered_VBS/Stroeder_15/ChenFlurMukhopadhyay-SAS2012-Ex4.01_true-termination.c,Maybe,3.37,Maybe,3.42,Maybe,3.31,True
TPDB_Y2024_filtered_VBS/Stroeder_15/ChenFlurMukhopadhyay-SAS2012-Ex2.10_true-termination.c,YES,0.18,YES,0.17,YES,0.17,True
TPDB_Y2024_filtered_VBS/Stroeder_15/AliasDarteFeautrierGonnord-SAS2010-speedpldi4_true-termination.c,YES,0.12,YES,0.11,YES,0.15,True
TPDB_Y2024_filtered_VBS/Stroeder_15/CookSeeZuleger-TACAS2013-Fig8b_true-termination.c,Maybe,0.21,Maybe,0.21,Maybe,0.21,True
TPDB_Y2024_filtered_VBS/Stroeder_15/ChenFlurMukhopadhyay-SAS2012-Ex2.03_false-termination.c,Maybe,0.32,Maybe,0.23,Maybe,0.3,True
TPDB_Y2024_filtered_VBS/Stroeder_15/svcomp_c.08.c,YES,0.37,YES,0.53,YES,0.54,True
TPDB_Y2024_filtered_VBS/Stroeder_15/NO_01.c,Maybe,0.1,Maybe,0.1,Maybe,0.11,True
TPDB_Y2024_filtered_VBS/Stroeder_15/ComplInterv3.c,Maybe,0.25,Maybe,0.25,Maybe,0.35,True
TPDB_Y2024_filtered_VBS/Stroeder_15/AliasDarteFeautrierGonnord-SAS2010-counterex1b_true-termination.c,Maybe,0.6,Maybe,0.58,Maybe,0.84,True
TPDB_Y2024_filtered_VBS/Stroeder_15/WhileDecr.c,YES,0.1,YES,0.11,YES,0.13,True
TPDB_Y2024_filtered_VBS/Stroeder_15/AliasDarteFeautrierGonnord-SAS2010-rsd_true-termination.c,Maybe,1.25,Maybe,1.21,Maybe,1.72,True
TPDB_Y2024_filtered_VBS/Stroeder_15/NonTerminationSimple5_false-termination.c,Maybe,0.23,Maybe,0.23,Maybe,0.22,True
TPDB_Y2024_filtered_VBS/Stroeder_15/GCD3.c,YES,0.49,YES,0.49,YES,0.48,True
TPDB_Y2024_filtered_VBS/Stroeder_15/NO_00.c,Maybe,0.1,Maybe,0.09,Maybe,0.09,True
TPDB_Y2024_filtered_VBS/Stroeder_15/ChawdharyCookGulwaniSagivYang-ESOP2008-aaron6_true-termination.c,Maybe,2.26,Maybe,2.22,Maybe,2.62,True
TPDB_Y2024_filtered_VBS/Stroeder_15/ChenFlurMukhopadhyay-SAS2012-Ex2.22_true-termination.c,YES,3.52,YES,3.24,YES,3.21,True
TPDB_Y2024_filtered_VBS/Stroeder_15/Avery-FLOPS2006-Table1_true-termination.c,YES,0.43,YES,0.29,YES,0.28,True
TPDB_Y2024_filtered_VBS/Stroeder_15/AliasDarteFeautrierGonnord-SAS2010-cousot9_true-termination.c,YES,0.2,YES,0.16,YES,0.19,True
TPDB_Y2024_filtered_VBS/Stroeder_15/DivWithoutMinus.c,Maybe,0.97,Maybe,0.68,Maybe,0.95,True
TPDB_Y2024_filtered_VBS/Stroeder_15/NO_12.c,TIMEOUT,300.27,TIMEOUT,300.13,TIMEOUT,300.12,True
TPDB_Y2024_filtered_VBS/Stroeder_15/Flip2.c,Maybe,1.04,Maybe,1.14,Maybe,1.05,True
TPDB_Y2024_filtered_VBS/Stroeder_15/PastaB4.c,YES,0.3,YES,0.17,YES,0.23,True
TPDB_Y2024_filtered_VBS/Stroeder_15/PastaB11.c,YES,0.24,YES,0.19,YES,0.15,True
TPDB_Y2024_filtered_VBS/Stroeder_15/LarrazOliverasRodriguez-CarbonellRubio-FMCAD2013-Fig1_true-termination.c,Maybe,1.44,Maybe,1.21,Maybe,1.22,True
TPDB_Y2024_filtered_VBS/Stroeder_15/ChenFlurMukhopadhyay-SAS2012-Ex1.04_true-termination.c,Maybe,0.42,Maybe,0.4,Maybe,0.44,True
TPDB_Y2024_filtered_VBS/Stroeder_15/svcomp_ex3a.c,YES,0.23,YES,0.24,YES,0.23,True
TPDB_Y2024_filtered_VBS/Stroeder_15/Middle.c,Maybe,6.63,Maybe,7.05,Maybe,6.48,True
TPDB_Y2024_filtered_VBS/Stroeder_15/BrockschmidtCookFuhs-CAV2013-Fig9a_true-termination.c,Maybe,0.58,Maybe,0.74,Maybe,0.59,True
TPDB_Y2024_filtered_VBS/Stroeder_15/AlternKonv.c,Maybe,0.61,Maybe,0.35,Maybe,0.26,True
TPDB_Y2024_filtered_VBS/Stroeder_15/svcomp_b.06.c,YES,0.27,YES,0.49,YES,0.2,True
TPDB_Y2024_filtered_VBS/Stroeder_15/Benghazi_true-termination.c,TIMEOUT,300.11,TIMEOUT,300.12,TIMEOUT,300.11,True
TPDB_Y2024_filtered_VBS/Stroeder_15/PastaB16.c,YES,0.2,YES,0.19,YES,0.2,True
TPDB_Y2024_filtered_VBS/Stroeder_15/Cairo_true-termination.c,Maybe,0.36,Maybe,0.36,Maybe,0.26,True
TPDB_Y2024_filtered_VBS/Stroeder_15/svcomp_java_Break.c,YES,0.21,YES,0.21,YES,0.21,True
TPDB_Y2024_filtered_VBS/Stroeder_15/AlternDivWidening.c,Maybe,0.61,Maybe,0.61,Maybe,0.44,True
TPDB_Y2024_filtered_VBS/Stroeder_15/svcomp_b.09_assume.c,YES,0.22,YES,0.23,YES,0.16,True
TPDB_Y2024_filtered_VBS/Stroeder_15/Loop.c,Maybe,0.14,Maybe,0.13,Maybe,0.12,True
TPDB_Y2024_filtered_VBS/Stroeder_15/NonTerminationSimple8_false-termination.c,Maybe,0.35,Maybe,0.34,Maybe,0.25,True
TPDB_Y2024_filtered_VBS/Stroeder_15/MinusUserDefined.c,Maybe,0.64,Maybe,0.66,Maybe,0.45,True
TPDB_Y2024_filtered_VBS/Stroeder_15/HeizmannHoenickeLeikePodelski-ATVA2013-Fig6_true-termination.c,YES,0.18,YES,0.19,YES,0.2,True
TPDB_Y2024_filtered_VBS/Stroeder_15/PastaA6.c,Maybe,6.8,Maybe,6.83,Maybe,6.29,True
TPDB_Y2024_filtered_VBS/Stroeder_15/Marbie1.c,Maybe,0.38,Maybe,0.38,Maybe,0.37,True
TPDB_Y2024_filtered_VBS/Stroeder_15/Et1.c,Maybe,0.86,Maybe,0.86,Maybe,0.59,True
TPDB_Y2024_filtered_VBS/Stroeder_15/NO_22.c,Maybe,0.13,Maybe,0.1,Maybe,0.13,True
TPDB_Y2024_filtered_VBS/Stroeder_15/ChenFlurMukhopadhyay-SAS2012-Ex2.18_true-termination.c,Maybe,2.09,Maybe,2.44,Maybe,2.1,True
TPDB_Y2024_filtered_VBS/Stroeder_15/Ex03.c,Maybe,0.15,Maybe,0.12,Maybe,0.15,True
TPDB_Y2024_filtered_VBS/Stroeder_15/ComplInterv2.c,Maybe,0.11,Maybe,0.11,Maybe,0.1,True
TPDB_Y2024_filtered_VBS/Stroeder_15/svcomp_a.07.c,YES,0.19,YES,0.19,YES,0.18,True
TPDB_Y2024_filtered_VBS/Stroeder_15/min_rf_true-termination.c,Maybe,1.69,Maybe,1.17,Maybe,1.71,True
TPDB_Y2024_filtered_VBS/Stroeder_15/CookSeeZuleger-TACAS2013-Fig1_true-termination.c,YES,0.14,YES,0.16,YES,0.15,True
TPDB_Y2024_filtered_VBS/Stroeder_15/PodelskiRybalchenko-TACAS2011-Fig4_true-termination.c,YES,0.17,YES,0.13,YES,0.18,True
TPDB_Y2024_filtered_VBS/Stroeder_15/svcomp_b.01.c,YES,0.15,YES,0.16,YES,0.15,True
TPDB_Y2024_filtered_VBS/Stroeder_15/AliasDarteFeautrierGonnord-SAS2010-wcet2_true-termination.c,YES,0.24,YES,0.18,YES,0.18,True
TPDB_Y2024_filtered_VBS/Stroeder_15/UpAndDown.c,Maybe,0.22,Maybe,0.23,Maybe,0.31,True
TPDB_Y2024_filtered_VBS/Stroeder_15/ComplInterv.c,Maybe,0.26,Maybe,0.24,Maybe,0.19,True
TPDB_Y2024_filtered_VBS/Stroeder_15/ChenFlurMukhopadhyay-SAS2012-Ex2.19_true-termination.c,Maybe,0.56,Maybe,0.56,Maybe,0.8,True
TPDB_Y2024_filtered_VBS/Stroeder_15/ChenFlurMukhopadhyay-SAS2012-Ex2.17_false-termination.c,Maybe,0.59,Maybe,0.59,Maybe,0.42,True
TPDB_Y2024_filtered_VBS/Stroeder_15/PodelskiRybalchenko-VMCAI2004-Ex2_true-termination.c,Maybe,0.32,Maybe,0.22,Maybe,0.22,True
TPDB_Y2024_filtered_VBS/Stroeder_15/ChenFlurMukhopadhyay-SAS2012-Ex3.04_true-termination.c,Maybe,0.51,Maybe,0.35,Maybe,0.51,True
TPDB_Y2024_filtered_VBS/Stroeder_15/PodelskiRybalchenko-VMCAI2004-Ex1_true-termination.c,Maybe,4.26,Maybe,4.15,Maybe,3.72,True
TPDB_Y2024_filtered_VBS/Stroeder_15/svcomp_b.02.c,YES,0.27,YES,0.21,YES,0.28,True
TPDB_Y2024_filtered_VBS/Stroeder_15/AliasDarteFeautrierGonnord-SAS2010-complex_true-termination.c,Maybe,0.3,Maybe,0.23,Maybe,0.23,True
TPDB_Y2024_filtered_VBS/Stroeder_15/AliasDarteFeautrierGonnord-SAS2010-loops_true-termination.c,Maybe,0.2,Maybe,0.18,Maybe,0.26,True
TPDB_Y2024_filtered_VBS/Stroeder_15/KroeningSharyginaTsitovichWintersteiger-CAV2010-Ex_true-termination.c,YES,0.13,YES,0.11,YES,0.11,True
TPDB_Y2024_filtered_VBS/Stroeder_15/CookSeeZuleger-TACAS2013-Fig8a_true-termination.c,Maybe,0.13,Maybe,0.13,Maybe,0.17,True
TPDB_Y2024_filtered_VBS/Stroeder_15/ChawdharyCookGulwaniSagivYang-ESOP2008-random1d_true-termination.c,Maybe,6.23,Maybe,6.21,Maybe,6.22,True
TPDB_Y2024_filtered_VBS/Stroeder_15/NO_21.c,Maybe,0.14,Maybe,0.11,Maybe,0.1,True
TPDB_Y2024_filtered_VBS/Stroeder_15/ChenFlurMukhopadhyay-SAS2012-Ex2.01_true-termination.c,Maybe,0.62,Maybe,0.43,Maybe,0.63,True
TPDB_Y2024_filtered_VBS/Stroeder_15/PastaB1.c,YES,0.13,YES,0.1,YES,0.13,True
TPDB_Y2024_filtered_VBS/Stroeder_15/svcomp_a.09_assume.c,Maybe,0.36,Maybe,0.26,Maybe,0.37,True
TPDB_Y2024_filtered_VBS/Stroeder_15/WhileIncr.c,Maybe,0.35,Maybe,0.35,Maybe,0.25,True
TPDB_Y2024_filtered_VBS/Stroeder_15/NO_04.c,Maybe,1.72,Maybe,1.2,Maybe,1.75,True
TPDB_Y2024_filtered_VBS/Stroeder_15/Ex05.c,Maybe,0.07,Maybe,0.07,Maybe,0.06,True
TPDB_Y2024_filtered_VBS/Stroeder_15/PastaA8.c,YES,0.18,YES,0.18,YES,0.18,True
TPDB_Y2024_filtered_VBS/Stroeder_15/LeikeHeizmann-TACAS2014-Fig1_true-termination.c,Maybe,0.98,Maybe,0.68,Maybe,0.7,True
TPDB_Y2024_filtered_VBS/Stroeder_15/PastaC1.c,Maybe,0.29,Maybe,0.28,Maybe,0.3,True
TPDB_Y2024_filtered_VBS/Stroeder_15/NonTerminationSimple4_false-termination.c,Maybe,0.35,Maybe,0.25,Maybe,0.26,True
TPDB_Y2024_filtered_VBS/Stroeder_15/Urban-WST2013-Fig2_true-termination.c,YES,0.2,YES,0.14,YES,0.14,True
TPDB_Y2024_filtered_VBS/Stroeder_15/Flip.c,Maybe,111.62,Maybe,113.04,Maybe,113.41,True
TPDB_Y2024_filtered_VBS/Stroeder_15/PastaA1.c,YES,0.26,YES,0.26,YES,0.26,True
TPDB_Y2024_filtered_VBS/Stroeder_15/NonTerminationSimple3_false-termination.c,Maybe,0.12,Maybe,0.1,Maybe,0.1,True
TPDB_Y2024_filtered_VBS/Stroeder_15/easy1_true-termination.c,YES,0.17,YES,0.17,YES,0.17,True
TPDB_Y2024_filtered_VBS/Stroeder_15/AliasDarteFeautrierGonnord-SAS2010-random2d_true-termination.c,YES,0.31,YES,0.23,YES,0.22,True
TPDB_Y2024_filtered_VBS/Stroeder_15/Nested.c,YES,0.29,YES,0.29,YES,0.29,True
TPDB_Y2024_filtered_VBS/Stroeder_15/NO_24.c,Maybe,0.14,Maybe,0.14,Maybe,0.14,True
TPDB_Y2024_filtered_VBS/Stroeder_15/svcomp_b.18.c,YES,0.38,YES,0.39,YES,0.27,True
TPDB_Y2024_filtered_VBS/Stroeder_15/NO_10.c,YES,0.21,YES,0.21,YES,0.21,True
TPDB_Y2024_filtered_VBS/Stroeder_15/Lcm.c,Maybe,0.33,Maybe,0.33,Maybe,0.23,True
TPDB_Y2024_filtered_VBS/Stroeder_15/GCD.c,Maybe,36.84,Maybe,37.58,Maybe,36.71,True
TPDB_Y2024_filtered_VBS/Stroeder_15/CookSeeZuleger-TACAS2013-Fig7b_true-termination.c,YES,0.36,YES,0.37,YES,0.36,True
TPDB_Y2024_filtered_VBS/Stroeder_15/HeizmannHoenickeLeikePodelski-ATVA2013-Fig1_true-termination.c,Maybe,0.62,Maybe,0.88,Maybe,0.61,True
TPDB_Y2024_filtered_VBS/Stroeder_15/Toulouse-MultiBranchesToLoop_true-termination.c,Maybe,1.72,Maybe,1.63,Maybe,1.67,True
TPDB_Y2024_filtered_VBS/Stroeder_15/Pure3Phase_true-termination.c,Maybe,1.46,Maybe,1.07,Maybe,1.08,True
TPDB_Y2024_filtered_VBS/Stroeder_15/AliasDarteFeautrierGonnord-SAS2010-speedpldi3_true-termination.c,YES,0.25,YES,0.24,YES,0.18,True
TPDB_Y2024_filtered_VBS/Stroeder_15/Ex04.c,Maybe,0.1,Maybe,0.08,Maybe,0.09,True
TPDB_Y2024_filtered_VBS/Stroeder_15/NonTermination1_false-termination.c,Maybe,0.14,Maybe,0.19,Maybe,0.14,True
TPDB_Y2024_filtered_VBS/Stroeder_15/Pure2Phase_true-termination.c,Maybe,0.48,Maybe,0.33,Maybe,0.34,True
TPDB_Y2024_filtered_VBS/Stroeder_15/svcomp_ex2.c,Maybe,0.5,Maybe,0.72,Maybe,0.49,True
TPDB_Y2024_filtered_VBS/Stroeder_15/ChawdharyCookGulwaniSagivYang-ESOP2008-aaron12_true-termination.c,Maybe,0.76,Maybe,0.75,Maybe,0.54,True
TPDB_Y2024_filtered_VBS/Stroeder_15/WhileTrue_false-termination.c,Maybe,0.06,Maybe,0.08,Maybe,0.06,True
TPDB_Y2024_filtered_VBS/Stroeder_15/PastaB7.c,YES,0.11,YES,0.11,YES,0.1,True
TPDB_Y2024_filtered_VBS/Stroeder_15/NonTerminationSimple6_false-termination.c,Maybe,0.23,Maybe,0.33,Maybe,0.23,True
TPDB_Y2024_filtered_VBS/Stroeder_15/svcomp_a.05.c,Maybe,6.86,Maybe,6.5,Maybe,6.26,True
TPDB_Y2024_filtered_VBS/Stroeder_15/svcomp_b.10.c,Maybe,0.46,Maybe,0.65,Maybe,0.66,True
TPDB_Y2024_filtered_VBS/Stroeder_15/AliasDarteFeautrierGonnord-SAS2010-while2_true-termination.c,YES,0.22,YES,0.3,YES,0.22,True
TPDB_Y2024_filtered_VBS/Stroeder_15/AliasDarteFeautrierGonnord-SAS2010-Fig1_true-termination.c,Maybe,0.57,Maybe,0.57,Maybe,0.81,True
TPDB_Y2024_filtered_VBS/Stroeder_15/ChenFlurMukhopadhyay-SAS2012-Ex2.20_true-termination.c,YES,0.26,YES,0.25,YES,0.19,True
TPDB_Y2024_filtered_VBS/Stroeder_15/UpAndDownIneq.c,Maybe,0.18,Maybe,0.18,Maybe,0.25,True
TPDB_Y2024_filtered_VBS/Stroeder_15/svcomp_b.11.c,YES,0.27,YES,0.25,YES,0.26,True
TPDB_Y2024_filtered_VBS/Stroeder_15/HeizmannHoenickeLeikePodelski-ATVA2013-Fig4_true-termination.c,YES,0.11,YES,0.13,YES,0.13,True
TPDB_Y2024_filtered_VBS/Stroeder_15/Lobnya-Boolean-Reordered_true-termination.c,Maybe,0.5,Maybe,0.5,Maybe,0.5,True
TPDB_Y2024_filtered_VBS/Stroeder_15/Ex08.c,Maybe,0.3,Maybe,0.42,Maybe,0.31,True
TPDB_Y2024_filtered_VBS/Stroeder_15/AliasDarteFeautrierGonnord-SAS2010-Fig2b_true-termination.c,Failed,0.21,Failed,0.22,Failed,0.2,True
TPDB_Y2024_filtered_VBS/Stroeder_15/ChenFlurMukhopadhyay-SAS2012-Ex2.12_false-termination.c,Maybe,0.84,Maybe,1.2,Maybe,0.82,True
TPDB_Y2024_filtered_VBS/Stroeder_15/ChenFlurMukhopadhyay-SAS2012-Ex1.01_true-termination.c,Maybe,0.33,Maybe,0.32,Maybe,0.33,True
TPDB_Y2024_filtered_VBS/Stroeder_15/ChenFlurMukhopadhyay-SAS2012-Ex3.07_true-termination.c,YES,0.53,YES,0.76,YES,0.52,True
TPDB_Y2024_filtered_VBS/Stroeder_15/Narrowing.c,Maybe,0.27,Maybe,0.38,Maybe,0.37,True
TPDB_Y2024_filtered_VBS/Stroeder_15/GulavaniGulwani-CAV2008-Fig1a_true-termination.c,YES,0.16,YES,0.22,YES,0.21,True
TPDB_Y2024_filtered_VBS/Stroeder_15/ChenFlurMukhopadhyay-SAS2012-Fig1_true-termination.c,YES,0.96,YES,0.94,YES,0.65,True
TPDB_Y2024_filtered_VBS/Stroeder_15/Waldkirch_true-termination.c,YES,0.12,YES,0.12,YES,0.14,True
TPDB_Y2024_filtered_VBS/Stroeder_15/ChenCookFuhsNimkarOHearn-TACAS2014-Introduction_false-termination.c,Maybe,0.31,Maybe,0.3,Maybe,0.3,True
TPDB_Y2024_filtered_VBS/Stroeder_15/AliasDarteFeautrierGonnord-SAS2010-speedpldi2_true-termination.c,YES,0.25,YES,0.24,YES,0.26,True
TPDB_Y2024_filtered_VBS/Stroeder_15/collatz.c,Maybe,2.24,Maybe,2.27,Maybe,2.23,True
TPDB_Y2024_filtered_VBS/Stroeder_15/LeikeHeizmann-TACAS2014-Ex9_true-termination.c,YES,0.22,YES,0.2,YES,0.16,True
TPDB_Y2024_filtered_VBS/Stroeder_15/AliasDarteFeautrierGonnord-SAS2010-Fig2a_true-termination.c,YES,0.3,YES,0.3,YES,0.22,True
TPDB_Y2024_filtered_VBS/Stroeder_15/PastaB6.c,YES,0.15,YES,0.15,YES,0.15,True
TPDB_Y2024_filtered_VBS/Stroeder_15/NO_03.c,Maybe,0.18,Maybe,0.2,Maybe,0.19,True
TPDB_Y2024_filtered_VBS/Stroeder_15/DivMinus2.c,Maybe,1.46,Maybe,1.45,Maybe,1.45,True
TPDB_Y2024_filtered_VBS/Stroeder_15/PastaB2.c,YES,0.19,YES,0.18,YES,0.18,True
TPDB_Y2024_filtered_VBS/Stroeder_15/PastaB3.c,Maybe,0.24,Maybe,0.23,Maybe,0.32,True
TPDB_Y2024_filtered_VBS/Stroeder_15/HeizmannHoenickeLeikePodelski-ATVA2013-Fig8_true-termination.c,YES,0.12,YES,0.09,YES,0.11,True
TPDB_Y2024_filtered_VBS/Stroeder_15/PastaA4.c,YES,0.16,YES,0.13,YES,0.17,True
TPDB_Y2024_filtered_VBS/Stroeder_15/genady_true-termination.c,YES,0.29,YES,0.21,YES,0.3,True
TPDB_Y2024_filtered_VBS/Stroeder_15/Thun_true-termination.c,Maybe,0.54,Maybe,0.54,Maybe,0.78,True
TPDB_Y2024_filtered_VBS/Stroeder_15/LeikeHeizmann-WST2014-Ex6_false-termination.c,Maybe,0.76,Maybe,0.74,Maybe,0.74,True
TPDB_Y2024_filtered_VBS/Stroeder_15/ChenFlurMukhopadhyay-SAS2012-Ex2.16_true-termination.c,Maybe,0.54,Maybe,0.55,Maybe,0.78,True
TPDB_Y2024_filtered_VBS/Stroeder_15/PastaC2.c,Maybe,0.46,Maybe,0.46,Maybe,0.47,True
TPDB_Y2024_filtered_VBS/Stroeder_15/svcomp_c.07.c,YES,0.39,YES,0.38,YES,0.54,True
TPDB_Y2024_filtered_VBS/Stroeder_15/MirrorIntervSim.c,Maybe,0.13,Maybe,0.13,Maybe,0.13,True
TPDB_Y2024_filtered_VBS/Stroeder_15/UrbanMine-ESOP2014-Fig3_true-termination.c,Maybe,0.51,Maybe,0.36,Maybe,0.51,True
TPDB_Y2024_filtered_VBS/Stroeder_15/svcomp_a.04.c,YES,0.2,YES,0.27,YES,0.27,True
TPDB_Y2024_filtered_VBS/Stroeder_15/svcomp_easySum.c,YES,0.24,YES,0.24,YES,0.24,True
TPDB_Y2024_filtered_VBS/Stroeder_15/ChenFlurMukhopadhyay-SAS2012-Ex3.01_true-termination.c,YES,0.17,YES,0.21,YES,0.22,True
TPDB_Y2024_filtered_VBS/Stroeder_15/svcomp_b.04.c,YES,0.15,YES,0.16,YES,0.16,True
TPDB_Y2024_filtered_VBS/Stroeder_15/GulavaniGulwani-CAV2008-Fig1c_true-termination.c,YES,0.15,YES,0.19,YES,0.2,True
TPDB_Y2024_filtered_VBS/Stroeder_15/gcd1_true-termination.c,YES,0.45,YES,0.45,YES,0.46,True
TPDB_Y2024_filtered_VBS/Stroeder_15/NoriSharma-FSE2013-Fig7_true-termination.c,Maybe,8.89,Maybe,9.6,Maybe,9.72,True
TPDB_Y2024_filtered_VBS/Stroeder_15/ChenFlurMukhopadhyay-SAS2012-Ex3.05_true-termination.c,Maybe,0.68,Maybe,0.67,Maybe,0.68,True
TPDB_Y2024_filtered_VBS/Stroeder_15/ColonSipma-TACAS2001-Fig1_true-termination.c,YES,0.34,YES,0.23,YES,0.33,True
TPDB_Y2024_filtered_VBS/Stroeder_15/GulwaniJainKoskinen-PLDI2009-Fig1_true-termination.c,Maybe,1.0,Maybe,0.99,Maybe,0.92,True
TPDB_Y2024_filtered_VBS/Stroeder_15/ChenFlurMukhopadhyay-SAS2012-Ex1.05_true-termination.c,Maybe,0.42,Maybe,0.29,Maybe,0.43,True
TPDB_Y2024_filtered_VBS/Stroeder_15/Masse-VMCAI2014-Ex6_true-termination.c,YES,0.23,YES,0.24,YES,0.2,True
TPDB_Y2024_filtered_VBS/Stroeder_15/BrockschmidtCookFuhs-CAV2013-Introduction_true-termination.c,Maybe,0.83,Maybe,0.82,Maybe,0.84,True
TPDB_Y2024_filtered_VBS/Stroeder_15/svcomp_b.14.c,YES,0.62,YES,0.61,YES,0.61,True
TPDB_Y2024_filtered_VBS/Stroeder_15/svcomp_b.09-no-inv_assume.c,Maybe,5.88,Maybe,5.87,Maybe,5.98,True
TPDB_Y2024_filtered_VBS/Stroeder_15/Factorial.c,Maybe,0.83,Maybe,0.8,Maybe,0.84,True
TPDB_Y2024_filtered_VBS/Stroeder_15/Cousot.c,Maybe,0.09,Maybe,0.09,Maybe,0.12,True
TPDB_Y2024_filtered_VBS/Stroeder_15/Rotation180_false-termination.c,Maybe,0.18,Maybe,0.18,Maybe,0.18,True
TPDB_Y2024_filtered_VBS/Stroeder_15/ChawdharyCookGulwaniSagivYang-ESOP2008-aaron4_true-termination.c,Maybe,0.49,Maybe,0.72,Maybe,0.72,True
TPDB_Y2024_filtered_VBS/Stroeder_15/Sequence.c,YES,0.23,YES,0.23,YES,0.23,True
TPDB_Y2024_filtered_VBS/Stroeder_15/svcomp_c.02.c,YES,0.43,YES,0.41,YES,0.42,True
TPDB_Y2024_filtered_VBS/Stroeder_15/GCD4.c,YES,0.52,YES,0.52,YES,0.52,True
TPDB_Y2024_filtered_VBS/Stroeder_15/svcomp_ex1.c,YES,0.2,YES,0.2,YES,0.2,True
TPDB_Y2024_filtered_VBS/Stroeder_15/svcomp_java_AG313.c,YES,0.26,YES,0.25,YES,0.26,True
TPDB_Y2024_filtered_VBS/Stroeder_15/AliasDarteFeautrierGonnord-SAS2010-wise_true-termination.c,YES,0.23,YES,0.23,YES,0.24,True
TPDB_Y2024_filtered_VBS/Stroeder_15/AliasDarteFeautrierGonnord-SAS2010-terminate_true-termination.c,YES,0.42,YES,0.41,YES,0.41,True
TPDB_Y2024_filtered_VBS/Stroeder_15/GulavaniGulwani-CAV2008-Fig1b_true-termination.c,YES,0.32,YES,0.31,YES,0.31,True
TPDB_Y2024_filtered_VBS/Stroeder_15/ChenFlurMukhopadhyay-SAS2012-Ex3.09_true-termination.c,Maybe,9.23,Maybe,9.33,Maybe,9.31,True
TPDB_Y2024_filtered_VBS/Stroeder_15/GCD2.c,Maybe,0.8,Maybe,0.81,Maybe,0.56,True
TPDB_Y2024_filtered_VBS/Stroeder_15/PastaC3.c,YES,0.24,YES,0.18,YES,0.24,True
TPDB_Y2024_filtered_VBS/Stroeder_15/BradleyMannaSipma-ICALP2005-Fig1_true-termination.c,Maybe,0.54,Maybe,0.54,Maybe,0.55,True
TPDB_Y2024_filtered_VBS/Stroeder_15/ConvLower.c,Maybe,0.1,Maybe,0.11,Maybe,0.1,True
TPDB_Y2024_filtered_VBS/Stroeder_15/ChenFlurMukhopadhyay-SAS2012-Ex2.15_false-termination.c,Maybe,0.16,Maybe,0.16,Maybe,0.22,True
TPDB_Y2024_filtered_VBS/Stroeder_15/PodelskiRybalchenko-LICS2004-Fig2-TACAS2011-Fig3_true-termination.c,Maybe,75.77,Maybe,76.54,Maybe,78.39,True
TPDB_Y2024_filtered_VBS/Stroeder_15/PastaB14.c,YES,0.41,YES,0.41,YES,0.41,True
TPDB_Y2024_filtered_VBS/Stroeder_15/svcomp_a.08.c,YES,0.24,YES,0.24,YES,0.25,True
TPDB_Y2024_filtered_VBS/Stroeder_15/ChenFlurMukhopadhyay-SAS2012-Ex2.21_true-termination.c,YES,0.23,YES,0.22,YES,0.23,True
TPDB_Y2024_filtered_VBS/Stroeder_15/McCarthyIterative.c,YES,0.14,YES,0.18,YES,0.15,True
TPDB_Y2024_filtered_VBS/Stroeder_15/svcomp_b.07.c,YES,0.24,YES,0.23,YES,0.24,True
TPDB_Y2024_filtered_VBS/Stroeder_15/ChenFlurMukhopadhyay-SAS2012-Ex2.11_false-termination.c,Maybe,4.66,Maybe,4.67,Maybe,4.75,True
TPDB_Y2024_filtered_VBS/Stroeder_15/AlternDivWide.c,Maybe,0.26,Maybe,0.26,Maybe,0.36,True
TPDB_Y2024_filtered_VBS/Stroeder_15/ChenFlurMukhopadhyay-SAS2012-Ex2.02_false-termination.c,Maybe,0.57,Maybe,0.56,Maybe,0.4,True
TPDB_Y2024_filtered_VBS/Stroeder_15/AliasDarteFeautrierGonnord-SAS2010-nestedLoop_true-termination.c,Maybe,0.57,Maybe,0.81,Maybe,0.82,True
TPDB_Y2024_filtered_VBS/Stroeder_15/PlusSwap.c,YES,0.52,YES,0.37,YES,0.36,True
TPDB_Y2024_filtered_VBS/Stroeder_15/LeikeHeizmann-TACAS2014-Ex7_true-termination.c,YES,0.3,YES,0.29,YES,0.29,True
TPDB_Y2024_filtered_VBS/Stroeder_15/Velroyen_false-termination.c,Maybe,0.1,Maybe,0.1,Maybe,0.12,True
TPDB_Y2024_filtered_VBS/Stroeder_15/ChenFlurMukhopadhyay-SAS2012-Ex3.10_true-termination.c,YES,0.62,YES,0.91,YES,0.91,True
TPDB_Y2024_filtered_VBS/Stroeder_15/Madrid_false-termination.c,Maybe,0.1,Maybe,0.09,Maybe,0.09,True
TPDB_Y2024_filtered_VBS/Stroeder_15/PastaB15.c,YES,0.27,YES,0.27,YES,0.27,True
TPDB_Y2024_filtered_VBS/Stroeder_15/PodelskiRybalchenko-LICS2004-Fig1_true-termination.c,Maybe,0.17,Maybe,0.16,Maybe,0.16,True
TPDB_Y2024_filtered_VBS/Stroeder_15/ChenFlurMukhopadhyay-SAS2012-Ex3.03_true-termination.c,Maybe,1.49,Maybe,1.45,Maybe,1.53,True
TPDB_Y2024_filtered_VBS/Stroeder_15/ChenFlurMukhopadhyay-SAS2012-Ex2.04_false-termination.c,Maybe,0.15,Maybe,0.11,Maybe,0.13,True
TPDB_Y2024_filtered_VBS/Stroeder_15/LogAG.c,Maybe,1.78,Maybe,1.39,Maybe,1.73,True
TPDB_Y2024_filtered_VBS/Stroeder_15/svcomp_c.01_assume.c,Maybe,0.4,Maybe,0.29,Maybe,0.4,True
TPDB_Y2024_filtered_VBS/Stroeder_15/AliasDarteFeautrierGonnord-SAS2010-ndecr_true-termination.c,YES,0.11,YES,0.14,YES,0.14,True
TPDB_Y2024_filtered_VBS/Stroeder_15/Marbie2.c,Maybe,0.06,Maybe,0.07,Maybe,0.07,True
TPDB_Y2024_filtered_VBS/Stroeder_15/Mysore_true-termination.c,Maybe,0.57,Maybe,0.57,Maybe,0.57,True
TPDB_Y2024_filtered_VBS/Stroeder_15/NO_02.c,Maybe,0.2,Maybe,0.2,Maybe,0.21,True
TPDB_Y2024_filtered_VBS/Stroeder_15/BrockschmidtCookFuhs-CAV2013-Fig1_true-termination.c,YES,0.22,YES,0.21,YES,0.3,True
TPDB_Y2024_filtered_VBS/Stroeder_15/WhileSingle.c,Maybe,0.11,Maybe,0.1,Maybe,0.09,True
TPDB_Y2024_filtered_VBS/Stroeder_15/ChenFlurMukhopadhyay-SAS2012-Ex1.02_true-termination.c,Maybe,0.63,Maybe,0.43,Maybe,0.62,True
TPDB_Y2024_filtered_VBS/Stroeder_15/PodelskiRybalchenko-TACAS2011-Fig1_true-termination.c,YES,0.11,YES,0.13,YES,0.12,True
TPDB_Y2024_filtered_VBS/Stroeder_15/Gauss.c,Maybe,0.52,Maybe,0.52,Maybe,0.51,True
TPDB_Y2024_filtered_VBS/Stroeder_15/LogMult.c,Maybe,0.95,Maybe,0.96,Maybe,0.66,True
TPDB_Y2024_filtered_VBS/Stroeder_15/AliasDarteFeautrierGonnord-SAS2010-counterex1a_true-termination.c,Maybe,0.49,Maybe,0.49,Maybe,0.35,True
TPDB_Y2024_filtered_VBS/Stroeder_15/WhilePart.c,Maybe,0.13,Maybe,0.12,Maybe,0.12,True
TPDB_Y2024_filtered_VBS/Stroeder_15/ChenFlurMukhopadhyay-SAS2012-Ex2.14_false-termination.c,Maybe,0.32,Maybe,0.32,Maybe,0.32,True
TPDB_Y2024_filtered_VBS/Stroeder_15/Bangalore_true-termination.c,YES,0.15,YES,0.14,YES,0.14,True
TPDB_Y2024_filtered_VBS/Stroeder_15/Nyala-2lex_true-termination.c,YES,0.2,YES,0.21,YES,0.2,True
TPDB_Y2024_filtered_VBS/Stroeder_15/TrueDiv.c,Maybe,0.09,Maybe,0.08,Maybe,0.1,True
TPDB_Y2024_filtered_VBS/Stroeder_15/MenloPark_true-termination.c,Maybe,0.83,Maybe,0.84,Maybe,0.83,True
TPDB_Y2024_filtered_VBS/Stroeder_15/Copenhagen_true-termination.c,YES,0.45,YES,0.44,YES,0.44,True
TPDB_Y2024_filtered_VBS/Stroeder_15/2Nested_true-termination.c,Maybe,0.56,Maybe,0.55,Maybe,0.56,True
TPDB_Y2024_filtered_VBS/Stroeder_15/LeikeHeizmann-WST2014-Ex5_false-termination.c,Maybe,24.42,Maybe,24.48,Maybe,24.9,True
TPDB_Y2024_filtered_VBS/Stroeder_15/Log.c,YES,0.54,YES,0.38,YES,0.54,True
TPDB_Y2024_filtered_VBS/Stroeder_15/CookSeeZuleger-TACAS2013-Fig8a-modified_true-termination.c,Maybe,0.15,Maybe,0.19,Maybe,0.2,True
TPDB_Y2024_filtered_VBS/Stroeder_15/ChenFlurMukhopadhyay-SAS2012-Ex2.13_true-termination.c,Maybe,0.69,Maybe,0.94,Maybe,1.02,True
TPDB_Y2024_filtered_VBS/Stroeder_15/aaron2_true-termination.c,Maybe,0.32,Maybe,0.33,Maybe,0.34,True
TPDB_Y2024_filtered_VBS/Stroeder_15/IntPath.c,Maybe,0.12,Maybe,0.12,Maybe,0.16,True
TPDB_Y2024_filtered_VBS/Stroeder_15/DivMinus.c,YES,0.29,YES,0.29,YES,0.3,True
TPDB_Y2024_filtered_VBS/Stroeder_15/aaron3_true-termination.c,Maybe,0.4,Maybe,0.39,Maybe,0.57,True
TPDB_Y2024_filtered_VBS/Stroeder_15/svcomp_fermat.c,YES,0.7,YES,0.69,YES,0.7,True
TPDB_Y2024_filtered_VBS/Stroeder_15/Piecewise_true-termination.c,Maybe,0.32,Maybe,0.32,Maybe,0.47,True
TPDB_Y2024_filtered_VBS/Stroeder_15/svcomp_java_Nested.c,YES,0.6,YES,0.59,YES,0.59,True
TPDB_Y2024_filtered_VBS/Stroeder_15/svcomp_a.10.c,YES,0.2,YES,0.19,YES,0.27,True
TPDB_Y2024_filtered_VBS/Stroeder_15/svcomp_java_Sequence.c,YES,0.33,YES,0.32,YES,0.32,True
TPDB_Y2024_filtered_VBS/Stroeder_15/4NestedWith3Variables_true-termination.c,Maybe,19.2,Maybe,18.53,Maybe,20.85,True
TPDB_Y2024_filtered_VBS/Stroeder_15/svcomp_b.17.c,YES,0.4,YES,0.28,YES,0.41,True
TPDB_Y2024_filtered_VBS/Stroeder_15/Sunset.c,Maybe,0.13,Maybe,0.17,Maybe,0.13,True
TPDB_Y2024_filtered_VBS/Stroeder_15/MirrorInterv.c,Maybe,0.17,Maybe,0.13,Maybe,0.17,True
TPDB_Y2024_filtered_VBS/Stroeder_15/WhileFalse_true-termination.c,Maybe,0.11,Maybe,0.09,Maybe,0.09,True
TPDB_Y2024_filtered_VBS/Stroeder_15/Masse-VMCAI2014-Fig1b_true-termination.c,Maybe,0.24,Maybe,0.18,Maybe,0.24,True
TPDB_Y2024_filtered_VBS/Stroeder_15/svcomp_a.06.c,TIMEOUT,300.11,TIMEOUT,300.1,TIMEOUT,300.1,True
TPDB_Y2024_filtered_VBS/Stroeder_15/Fibonacci.c,Maybe,2.16,Maybe,2.32,Maybe,2.36,True
TPDB_Y2024_filtered_VBS/Stroeder_15/PastaA7.c,YES,0.26,YES,0.19,YES,0.26,True
TPDB_Y2024_filtered_VBS/Stroeder_15/svcomp_b.13.c,YES,0.27,YES,0.19,YES,0.19,True
TPDB_Y2024_filtered_VBS/Stroeder_15/ChenFlurMukhopadhyay-SAS2012-Ex2.08_true-termination.c,Maybe,0.63,Maybe,0.44,Maybe,0.44,True
TPDB_Y2024_filtered_VBS/Stroeder_15/PastaB17.c,YES,0.32,YES,0.32,YES,0.33,True
TPDB_Y2024_filtered_VBS/Stroeder_15/Urban-WST2013-Fig2-modified1000_true-termination.c,YES,0.27,YES,0.18,YES,0.26,True
TPDB_Y2024_filtered_VBS/Stroeder_15/svcomp_b.15.c,YES,0.52,YES,0.51,YES,0.51,True
TPDB_Y2024_filtered_VBS/Stroeder_15/ChawdharyCookGulwaniSagivYang-ESOP2008-aaron1_true-termination.c,Maybe,0.45,Maybe,0.32,Maybe,0.45,True
TPDB_Y2024_filtered_VBS/Stroeder_15/ChawdharyCookGulwaniSagivYang-ESOP2008-random2d_true-termination.c,YES,0.31,YES,0.31,YES,0.31,True
TPDB_Y2024_filtered_VBS/Stroeder_15/Ex02.c,Maybe,0.11,Maybe,0.08,Maybe,0.09,True
TPDB_Y2024_filtered_VBS/Stroeder_15/svcomp_b.03_assume.c,Maybe,0.25,Maybe,0.33,Maybe,0.32,True
TPDB_Y2024_filtered_VBS/Stroeder_15/Ex01.c,Maybe,0.33,Maybe,0.23,Maybe,0.32,True
TPDB_Y2024_filtered_VBS/Stroeder_15/NonTermination4_false-termination.c,Maybe,0.41,Maybe,0.58,Maybe,0.59,True
TPDB_Y2024_filtered_VBS/Stroeder_15/PastaA10.c,YES,0.23,YES,0.17,YES,0.23,True
TPDB_Y2024_filtered_VBS/Stroeder_15/svcomp_ex3b.c,Maybe,0.8,Maybe,0.81,Maybe,0.79,True
TPDB_Y2024_filtered_VBS/Stroeder_15/BradleyMannaSipma-CAV2005-Fig1-modified_false-termination.c,Maybe,0.28,Maybe,0.21,Maybe,0.28,True
TPDB_Y2024_filtered_VBS/Stroeder_15/ChenFlurMukhopadhyay-SAS2012-Ex3.02_false-termination.c,Maybe,0.21,Maybe,0.21,Maybe,0.21,True
TPDB_Y2024_filtered_VBS/Stroeder_15/svcomp_c.01-no-inv.c,Maybe,0.93,Maybe,0.63,Maybe,0.93,True
TPDB_Y2024_filtered_VBS/Stroeder_15/PastaC9.c,YES,0.39,YES,0.39,YES,0.39,True
TPDB_Y2024_filtered_VBS/Stroeder_15/NonTerminationSimple7_false-termination.c,Maybe,0.12,Maybe,0.08,Maybe,0.11,True
TPDB_Y2024_filtered_VBS/Stroeder_15/Masse-VMCAI2014-Fig1a_true-termination.c,YES,0.41,YES,0.28,YES,0.4,True
TPDB_Y2024_filtered_VBS/Stroeder_15/svcomp_a.01.c,YES,0.49,YES,0.49,YES,0.48,True
TPDB_Y2024_filtered_VBS/Stroeder_15/ComplxStruc.c,Maybe,0.56,Maybe,0.38,Maybe,0.55,True
TPDB_Y2024_filtered_VBS/Stroeder_15/ChenFlurMukhopadhyay-SAS2012-Ex3.06_false-termination.c,Maybe,2.25,Maybe,2.39,Maybe,2.3,True
TPDB_Y2024_filtered_VBS/Stroeder_15/BradleyMannaSipma-CAV2005-Fig1_true-termination.c,YES,0.22,YES,0.22,YES,0.17,True
TPDB_Y2024_filtered_VBS/Stroeder_15/Et4.c,TIMEOUT,300.11,TIMEOUT,300.06,TIMEOUT,300.11,True
TPDB_Y2024_filtered_VBS/Stroeder_15/Even.c,Maybe,0.25,Maybe,0.34,Maybe,0.35,True
TPDB_Y2024_filtered_VBS/Stroeder_15/TelAviv-Amir-Minimum_true-termination.c,Maybe,1.58,Maybe,1.57,Maybe,1.76,True
TPDB_Y2024_filtered_VBS/Stroeder_15/WhileTrue.c,Maybe,0.07,Maybe,0.07,Maybe,0.08,True
TPDB_Y2024_filtered_VBS/Stroeder_15/WhileIncrPart.c,Maybe,0.31,Maybe,0.23,Maybe,0.31,True
TPDB_Y2024_filtered_VBS/Stroeder_15/AlternDiv.c,Maybe,0.23,Maybe,0.32,Maybe,0.33,True
TPDB_Y2024_filtered_VBS/Stroeder_15/PastaC7.c,Maybe,1.48,Maybe,1.46,Maybe,2.0,True
TPDB_Y2024_filtered_VBS/Stroeder_15/ChenFlurMukhopadhyay-SAS2012-Ex1.03_true-termination.c,Maybe,0.23,Maybe,0.22,Maybe,0.22,True
TPDB_Y2024_filtered_VBS/Stroeder_15/svcomp_flag.c,YES,0.33,YES,0.45,YES,0.31,True
TPDB_Y2024_filtered_VBS/Stroeder_15/svcomp_b.03-no-inv_assume.c,Maybe,0.33,Maybe,0.33,Maybe,0.24,True
TPDB_Y2024_filtered_VBS/Stroeder_15/Swingers.c,Maybe,0.22,Maybe,0.21,Maybe,0.16,True
TPDB_Y2024_filtered_VBS/Stroeder_15/ChooseLife.c,Maybe,0.51,Maybe,0.5,Maybe,0.5,True
TPDB_Y2024_filtered_VBS/Stroeder_15/ChenFlurMukhopadhyay-SAS2012-Ex2.09_true-termination.c,Maybe,2.26,Maybe,1.82,Maybe,1.81,True
TPDB_Y2024_filtered_VBS/Stroeder_15/Choose.c,Maybe,0.35,Maybe,0.35,Maybe,0.35,True
TPDB_Y2024_filtered_VBS/Stroeder_15/Stockholm_true-termination.c,YES,0.13,YES,0.11,YES,0.12,True
TPDB_Y2024_filtered_VBS/Stroeder_15/WhileNested.c,Maybe,0.3,Maybe,0.41,Maybe,0.29,True
TPDB_Y2024_filtered_VBS/Stroeder_15/NonTerminationSimple9_false-termination.c,Maybe,0.16,Maybe,0.14,Maybe,0.17,True
TPDB_Y2024_filtered_VBS/Stroeder_15/svcomp_b.05.c,YES,0.19,YES,0.24,YES,0.18,True
TPDB_Y2024_filtered_VBS/Stroeder_15/NonTermination2_false-termination.c,Maybe,0.23,Maybe,0.22,Maybe,0.23,True
TPDB_Y2024_filtered_VBS/Stroeder_15/TwoFloatInterv.c,Maybe,0.15,Maybe,0.15,Maybe,0.12,True
TPDB_Y2024_filtered_VBS/Stroeder_15/PastaC10.c,Maybe,1.11,Maybe,0.77,Maybe,1.12,True
TPDB_Y2024_filtered_VBS/Stroeder_15/MinusMin.c,TIMEOUT,300.05,TIMEOUT,300.11,TIMEOUT,300.07,True
TPDB_Y2024_filtered_VBS/Stroeder_15/ChenFlurMukhopadhyay-SAS2012-Ex3.08_true-termination.c,Maybe,1.9,Maybe,1.99,Maybe,2.03,True
TPDB_Y2024_filtered_VBS/Stroeder_15/LeikeHeizmann-TACAS2014-Ex8_true-termination.c,Maybe,0.46,Maybe,0.45,Maybe,0.66,True
TPDB_Y2024_filtered_VBS/Stroeder_15/svcomp_b.12.c,YES,0.21,YES,0.21,YES,0.21,True
TPDB_Y2024_filtered_VBS/Stroeder_15/DoubleNeg.c,YES,0.19,YES,0.19,YES,0.2,True
TPDB_Y2024_filtered_VBS/Stroeder_15/NarrowKonv.c,Maybe,0.14,Maybe,0.14,Maybe,0.18,True
TPDB_Y2024_filtered_VBS/Stroeder_15/NoriSharma-FSE2013-Fig8_true-termination.c,Maybe,6.44,Maybe,6.41,Maybe,6.45,True
TPDB_Y2024_filtered_VBS/Stroeder_15/GopanReps-CAV2006-Fig1a_true-termination.c.c,Maybe,0.5,Maybe,0.71,Maybe,0.72,True
TPDB_Y2024_filtered_VBS/Stroeder_15/svcomp_c.03.c,YES,0.21,YES,0.21,YES,0.2,True
TPDB_Y2024_filtered_VBS/Stroeder_15/NO_13.c,Maybe,0.4,Maybe,0.56,Maybe,0.56,True
TPDB_Y2024_filtered_VBS/Stroeder_15/HeizmannHoenickeLeikePodelski-ATVA2013-Fig9_true-termination.c,YES,0.14,YES,0.13,YES,0.11,True
TPDB_Y2024_filtered_VBS/Stroeder_15/Parallel_true-termination.c,YES,0.18,YES,0.18,YES,0.13,True
TPDB_Y2024_filtered_VBS/Stroeder_15/WhileNestedOffset.c,Maybe,0.42,Maybe,0.42,Maybe,0.3,True
TPDB_Y2024_filtered_VBS/Stroeder_15/Overflow.c,Maybe,0.07,Maybe,0.07,Maybe,0.07,True
TPDB_Y2024_filtered_VBS/Stroeder_15/MinusBuiltIn.c,Maybe,0.47,Maybe,0.48,Maybe,0.33,True
TPDB_Y2024_filtered_VBS/Stroeder_15/Ex06.c,Maybe,0.15,Maybe,0.15,Maybe,0.15,True
TPDB_Y2024_filtered_VBS/Stroeder_15/NO_23.c,Maybe,0.09,Maybe,0.1,Maybe,0.1,True
TPDB_Y2024_filtered_VBS/Stroeder_15/PastaA9.c,Maybe,0.38,Maybe,0.37,Maybe,0.39,True
TPDB_Y2024_filtered_VBS/Stroeder_15/NonTerminationSimple2_false-termination.c,Maybe,0.32,Maybe,0.32,Maybe,0.32,True
TPDB_Y2024_filtered_VBS/Stroeder_15/Gothenburg_true-termination.c,Maybe,0.7,Maybe,0.69,Maybe,0.7,True
TPDB_Y2024_filtered_VBS/Stroeder_15/PodelskiRybalchenko-TACAS2011-Fig2_true-termination.c,YES,0.2,YES,0.2,YES,0.2,True
TPDB_Y2024_filtered_VBS/Stroeder_15/Toulouse-BranchesToLoop_true-termination.c,Maybe,0.29,Maybe,0.29,Maybe,0.3,True
TPDB_Y2024_filtered_VBS/Stroeder_15/Urban-WST2013-Fig1_false-termination.c,Maybe,0.12,Maybe,0.12,Maybe,0.11,True
TPDB_Y2024_filtered_VBS/Stroeder_15/AliasDarteFeautrierGonnord-SAS2010-random1d_true-termination.c,Maybe,6.62,Maybe,6.58,Maybe,6.89,True
TPDB_Y2024_filtered_VBS/Stroeder_15/Ben-Amram-LMCS2010-Ex2.3_true-termination.c,Maybe,2.17,Maybe,2.2,Maybe,2.17,True
TPDB_Y2024_filtered_VBS/Stroeder_15/AliasDarteFeautrierGonnord-SAS2010-speedFails4_true-termination.c,Maybe,0.15,Maybe,0.14,Maybe,0.18,True
TPDB_Y2024_filtered_VBS/Stroeder_15/AliasDarteFeautrierGonnord-SAS2010-exmini_true-termination.c,YES,0.28,YES,0.28,YES,0.41,True
TPDB_Y2024_filtered_VBS/Stroeder_15/PastaA5.c,Maybe,0.25,Maybe,0.34,Maybe,0.34,True
TPDB_Y2024_filtered_VBS/Stroeder_15/svcomp_java_Continue1.c,YES,0.16,YES,0.22,YES,0.22,True
TPDB_Y2024_filtered_VBS/Stroeder_15/easy2_true-termination.c,YES,0.27,YES,0.26,YES,0.26,True
TPDB_Y2024_filtered_VBS/Stroeder_15/Ex07.c,Maybe,0.1,Maybe,0.13,Maybe,0.1,True
TPDB_Y2024_filtered_VBS/Stroeder_15/Et2.c,Maybe,2.36,Maybe,2.96,Maybe,2.92,True
TPDB_Y2024_filtered_VBS/Stroeder_15/ChenFlurMukhopadhyay-SAS2012-Ex2.07_true-termination.c,Maybe,0.5,Maybe,0.71,Maybe,0.49,True
TPDB_Y2024_filtered_VBS/Stroeder_15/svcomp_b.16.c,YES,0.29,YES,0.29,YES,0.41,True
TPDB_Y2024_filtered_VBS/Stroeder_15/LeikeHeizmann-TACAS2014-Ex1_true-termination.c,YES,0.12,YES,0.15,YES,0.12,True
TPDB_Y2024_filtered_VBS/Stroeder_15/CookSeeZuleger-TACAS2013-Fig7a_true-termination.c,YES,0.26,YES,0.36,YES,0.37,True
TPDB_Y2024_filtered_VBS/AProVE_memory_unsafe/svcomp_cstrncat_unsafe.c,Maybe,0.69,Maybe,0.69,Maybe,0.69,True
TPDB_Y2024_filtered_VBS/AProVE_memory_unsafe/svcomp_stroeder1_unsafe.c,YES,0.25,YES,0.25,YES,0.36,True
TPDB_Y2024_filtered_VBS/AProVE_memory_unsafe/svcomp_selectionsort_unsafe.c,YES,0.3,YES,0.3,YES,0.31,True
TPDB_Y2024_filtered_VBS/AProVE_memory_unsafe/svcomp_selection_sort_unsafe.c,Maybe,0.51,Maybe,0.72,Maybe,0.73,True
TPDB_Y2024_filtered_VBS/AProVE_memory_unsafe/svcomp_add_last_unsafe.c,Failed,0.25,Failed,0.24,Failed,0.25,True
TPDB_Y2024_filtered_VBS/AProVE_memory_unsafe/svcomp_knapsack_alloca_unsafe.c,Failed,0.25,Failed,0.24,Failed,0.24,True
TPDB_Y2024_filtered_VBS/AProVE_memory_unsafe/svcomp_reverse_array_alloca_unsafe.c,Failed,0.25,Failed,0.23,Failed,0.25,True
TPDB_Y2024_filtered_VBS/AProVE_memory_unsafe/svcomp_bubblesort_unsafe.c,Maybe,0.47,Maybe,0.46,Maybe,0.66,True
TPDB_Y2024_filtered_VBS/AProVE_memory_unsafe/svcomp_diff_usafe.c,YES,0.45,YES,0.46,YES,0.66,True
TPDB_Y2024_filtered_VBS/AProVE_memory_unsafe/svcomp_cstrcat_unsafe.c,Maybe,0.14,Maybe,0.18,Maybe,0.17,True
TPDB_Y2024_filtered_VBS/AProVE_memory_unsafe/svcomp_cstrpbrk_unsafe.c,Maybe,0.4,Maybe,0.39,Maybe,0.56,True
TPDB_Y2024_filtered_VBS/AProVE_memory_unsafe/svcomp_stroeder2_unsafe.c,Maybe,0.66,Maybe,0.94,Maybe,0.91,True
TPDB_Y2024_filtered_VBS/AProVE_memory_unsafe/svcomp_insertionsort_unsafe.c,YES,0.27,YES,0.26,YES,0.37,True
TPDB_Y2024_filtered_VBS/AProVE_memory_unsafe/svcomp_reverse_array_unsafe.c,Failed,0.24,Failed,0.23,Failed,0.24,True
TPDB_Y2024_filtered_VBS/AProVE_memory_unsafe/svcomp_mult_array_unsafe.c,Failed,0.24,Failed,0.22,Failed,0.19,True
TPDB_Y2024_filtered_VBS/AProVE_memory_unsafe/svcomp_delete_unsafe.c,Maybe,0.15,Maybe,0.16,Maybe,0.12,True
TPDB_Y2024_filtered_VBS/AProVE_memory_unsafe/svcomp_cstrchr_unsafe.c,Maybe,0.41,Maybe,0.3,Maybe,0.4,True
TPDB_Y2024_filtered_VBS/AProVE_memory_unsafe/svcomp_knapsack_unsafe.c,Maybe,0.94,Maybe,1.0,Maybe,0.7,True
TPDB_Y2024_filtered_VBS/AProVE_memory_unsafe/svcomp_insertion_sort_unsafe.c,Maybe,1.01,Maybe,0.69,Maybe,1.01,True
TPDB_Y2024_filtered_VBS/AProVE_memory_unsafe/svcomp_lis_unsafe.c,TIMEOUT,300.11,TIMEOUT,300.11,TIMEOUT,300.11,True
TPDB_Y2024_filtered_VBS/AProVE_memory_unsafe/svcomp_java_BubbleSort_unsafe.c,YES,0.43,YES,0.43,YES,0.31,True
TPDB_Y2024_filtered_VBS/AProVE_memory_unsafe/svcomp_cstrlen_unsafe.c,Maybe,0.25,Maybe,0.25,Maybe,0.34,True
TPDB_Y2024_filtered_VBS/AProVE_memory_unsafe/svcomp_cstrcpy_unsafe.c,Maybe,1.76,Maybe,1.71,Maybe,1.32,True
TPDB_Y2024_filtered_VBS/AProVE_memory_unsafe/svcomp_count_down_unsafe.c,Failed,0.24,Failed,0.24,Failed,0.23,True
TPDB_Y2024_filtered_VBS/AProVE_memory_unsafe/svcomp_bubble_sort_unsafe.c,Maybe,0.54,Maybe,0.76,Maybe,0.78,True
TPDB_Y2024_filtered_VBS/AProVE_memory_unsafe/svcomp_delete_alloca_unsafe.c,Failed,0.24,Failed,0.24,Failed,0.25,True
TPDB_Y2024_filtered_VBS/AProVE_memory_unsafe/svcomp_cstrncpy_unsafe.c,Maybe,0.48,Maybe,0.47,Maybe,0.68,True
TPDB_Y2024_filtered_VBS/Di_Stefano_20/formation_true-termination.c,Maybe,3.25,Maybe,3.23,Maybe,3.69,True
TPDB_Y2024_filtered_VBS/Di_Stefano_20/flock-noarray_true-termination.c,Maybe,11.3,Maybe,11.31,Maybe,11.27,True
TPDB_Y2024_filtered_VBS/Di_Stefano_20/flock_true-termination.c,Maybe,3.41,Maybe,3.35,Maybe,3.12,True
TPDB_Y2024_filtered_VBS/Di_Stefano_20/majority-noarray_true-termination.c,Maybe,60.54,Maybe,60.15,Maybe,58.83,True
TPDB_Y2024_filtered_VBS/Di_Stefano_20/formation-noarray_true-termination.c,Maybe,18.47,Maybe,18.54,Maybe,18.74,True
TPDB_Y2024_filtered_VBS/Di_Stefano_20/majority_true-termination.c,Maybe,2.28,Maybe,2.34,Maybe,2.22,True
TPDB_Y2024_filtered_VBS/Di_Stefano_20/boids_true-termination.c,Maybe,40.83,Maybe,40.78,Maybe,41.9,True
TPDB_Y2024_filtered_VBS/Hensel_22/nondet_ll_traverse_rec.c,YES,0.46,YES,0.45,YES,0.47,True
TPDB_Y2024_filtered_VBS/Hensel_22/desc_ll_search_existing.c,Maybe,0.94,Maybe,0.93,Maybe,0.94,True
TPDB_Y2024_filtered_VBS/Hensel_22/nondet_ll_traverse.c,Maybe,1.17,Maybe,1.16,Maybe,1.17,True
TPDB_Y2024_filtered_VBS/Hensel_22/nondet_ll_search_zero.c,Maybe,0.83,Maybe,1.19,Maybe,1.19,True
TPDB_Y2024_filtered_VBS/Hensel_22/desc_ll_search-ptrdiff_existing.c,Failed,1.4,Failed,1.37,Failed,1.5,True
TPDB_Y2024_filtered_VBS/Hensel_22/desc_ll_search_mod.c,Maybe,1.49,Maybe,1.03,Maybe,1.04,True
TPDB_Y2024_filtered_VBS/Hensel_22/desc_ll_with_offset_search.c,Maybe,1.0,Maybe,1.02,Maybe,1.02,True
TPDB_Y2024_filtered_VBS/Hensel_22/nondet_ll_traverse-ptrdiff.c,Maybe,1.15,Maybe,0.8,Maybe,0.82,True
TPDB_Y2024_filtered_VBS/Hensel_22/nondet_ll_skip.c,Maybe,1.03,Maybe,1.03,Maybe,1.04,True
TPDB_Y2024_filtered_VBS/Hensel_22/asc_ll_search_last.c,Maybe,1.57,Maybe,1.15,Maybe,1.15,True
TPDB_Y2024_filtered_VBS/Hensel_22/nondet_ll_search_last_n.c,Maybe,1.39,Maybe,1.39,Maybe,1.39,True
TPDB_Y2024_filtered_VBS/Hensel_22/desc_ll_search_last.c,Maybe,0.91,Maybe,0.91,Maybe,0.93,True
TPDB_Y2024_filtered_VBS/Hensel_22/nondet_ll_init.c,YES,0.99,YES,0.98,YES,0.69,True
TPDB_Y2024_filtered_VBS/Hensel_22/cyclic_ll_search_last.c,Maybe,0.97,Maybe,0.97,Maybe,0.98,True
TPDB_Y2024_filtered_VBS/Hensel_22/nondet_ll_init_rec.c,YES,0.47,YES,0.46,YES,0.45,True
TPDB_Y2024_filtered_VBS/Hensel_22/nondet_ll_insert.c,Maybe,0.94,Maybe,0.94,Maybe,0.95,True
TPDB_Y2024_filtered_VBS/Hensel_22/nondet_ll_search_last_zero.c,Maybe,1.28,Maybe,1.27,Maybe,1.24,True
TPDB_Y2024_filtered_VBS/Hensel_22/nondet_ll_delete.c,Maybe,0.73,Maybe,0.72,Maybe,1.05,True
TPDB_Y2024_filtered_VBS/SV-COMP_Mixed_Categories/rekcba_nxt_false-unreach-call.1.M1.c,TIMEOUT,300.07,TIMEOUT,300.07,TIMEOUT,300.06,True
TPDB_Y2024_filtered_VBS/SV-COMP_Mixed_Categories/pals_opt-floodmax.3_false-unreach-call.1.ufo.BOUNDED-6.pals.c,Maybe,11.08,Maybe,11.1,Maybe,11.18,True
TPDB_Y2024_filtered_VBS/SV-COMP_Mixed_Categories/Fibonacci01_true-unreach-call.c,YES,0.13,YES,0.13,YES,0.14,True
TPDB_Y2024_filtered_VBS/SV-COMP_Mixed_Categories/Problem03_label00_true-unreach-call.c,Maybe,67.13,Maybe,67.1,Maybe,68.79,True
TPDB_Y2024_filtered_VBS/SV-COMP_Mixed_Categories/Problem11_label00_false-unreach-call.c,Maybe,39.7,Maybe,39.55,Maybe,39.11,True
TPDB_Y2024_filtered_VBS/SV-COMP_Mixed_Categories/EvenOdd01_true-unreach-call_true-termination.c,TIMEOUT,300.04,TIMEOUT,300.03,TIMEOUT,300.03,True
TPDB_Y2024_filtered_VBS/SV-COMP_Mixed_Categories/list-ext_1_true-valid-memsafety.c,Maybe,14.25,Maybe,13.86,Maybe,13.96,True
TPDB_Y2024_filtered_VBS/SV-COMP_Mixed_Categories/sll_to_dll_rev_true-unreach-call.c,Maybe,0.63,Maybe,0.64,Maybe,0.65,True
TPDB_Y2024_filtered_VBS/SV-COMP_Mixed_Categories/sanfoundry_02_true-unreach-call_ground.c,Failed,0.22,Failed,0.21,Failed,0.22,True
TPDB_Y2024_filtered_VBS/SV-COMP_Mixed_Categories/token_ring.15_false-unreach-call_false-termination.cil.c,Maybe,0.07,Maybe,0.06,Maybe,0.08,True
TPDB_Y2024_filtered_VBS/SV-COMP_Mixed_Categories/pals_floodmax.5_false-unreach-call.1.ufo.BOUNDED-10.pals.c,Maybe,88.73,Maybe,90.24,Maybe,88.96,True
TPDB_Y2024_filtered_VBS/SV-COMP_Mixed_Categories/Problem19_label00_true-unreach-call.c,TIMEOUT,300.09,TIMEOUT,300.08,TIMEOUT,300.08,True
TPDB_Y2024_filtered_VBS/SV-COMP_Mixed_Categories/minepump_spec1_product01_true-unreach-call.cil.c,Maybe,1.27,Maybe,1.25,Maybe,1.33,True
TPDB_Y2024_filtered_VBS/SV-COMP_Mixed_Categories/token_ring.05_false-unreach-call_false-termination.cil.c,Maybe,0.06,Maybe,0.05,Maybe,0.07,True
TPDB_Y2024_filtered_VBS/SV-COMP_Mixed_Categories/kbfiltr_simpl1_true-unreach-call_true-termination.cil.c,Maybe,0.74,Maybe,0.99,Maybe,0.74,True
TPDB_Y2024_filtered_VBS/SV-COMP_Mixed_Categories/pals_STARTPALS_Triplicated_false-unreach-call.1.ufo.BOUNDED-10.pals.c,Maybe,11.91,Maybe,12.22,Maybe,12.69,True
TPDB_Y2024_filtered_VBS/SV-COMP_Mixed_Categories/fibo_5_false-unreach-call.c,YES,0.16,YES,0.17,YES,0.14,True
TPDB_Y2024_filtered_VBS/SV-COMP_Mixed_Categories/cs_peterson_true-unreach-call.c,Failed,0.24,Failed,0.24,Failed,0.26,True
TPDB_Y2024_filtered_VBS/SV-COMP_Mixed_Categories/rekcba_ctm_false-unreach-call.2.c,TIMEOUT,300.2,TIMEOUT,300.19,TIMEOUT,300.18,True
TPDB_Y2024_filtered_VBS/SV-COMP_Mixed_Categories/McCarthy91_false-unreach-call_false-termination.c,YES,0.17,YES,0.16,YES,0.17,True
TPDB_Y2024_filtered_VBS/SV-COMP_Mixed_Categories/pals_lcr-var-start-time.3_false-unreach-call.1.ufo.BOUNDED-6.pals.c,Maybe,5.15,Maybe,4.97,Maybe,5.09,True
TPDB_Y2024_filtered_VBS/SV-COMP_Mixed_Categories/email_spec0_product05_true-unreach-call.cil.c,Failed,0.78,Failed,0.79,Failed,1.04,True
TPDB_Y2024_filtered_VBS/SV-COMP_Mixed_Categories/cs_lamport_true-unreach-call.c,Failed,0.28,Failed,0.26,Failed,0.29,True
TPDB_Y2024_filtered_VBS/SV-COMP_Mixed_Categories/pals_opt-floodmax.5_false-unreach-call.1.ufo.BOUNDED-10.pals.c,Maybe,91.98,Maybe,92.38,Maybe,91.86,True
TPDB_Y2024_filtered_VBS/SV-COMP_Mixed_Categories/test-0134_true-valid-memsafety.c,Maybe,0.76,Maybe,0.76,Maybe,0.76,True
TPDB_Y2024_filtered_VBS/SV-COMP_Mixed_Categories/sum_non_eq_false-unreach-call.c,YES,0.17,YES,0.22,YES,0.17,True
TPDB_Y2024_filtered_VBS/SV-COMP_Mixed_Categories/cs_dekker_true-unreach-call.c,Failed,0.26,Failed,0.27,Failed,0.27,True
TPDB_Y2024_filtered_VBS/SV-COMP_Mixed_Categories/standard_compare_true-unreach-call_ground.c,Failed,0.21,Failed,0.22,Failed,0.2,True
TPDB_Y2024_filtered_VBS/SV-COMP_Mixed_Categories/Problem09_label00_true-unreach-call.c,TIMEOUT,300.15,TIMEOUT,300.15,TIMEOUT,300.14,True
TPDB_Y2024_filtered_VBS/SV-COMP_Mixed_Categories/Problem06_label00_false-unreach-call.c,Maybe,282.98,Maybe,277.71,Maybe,289.6,True
TPDB_Y2024_filtered_VBS/SV-COMP_Mixed_Categories/Problem02_label00_true-unreach-call.c,Maybe,12.47,Maybe,12.42,Maybe,12.31,True
TPDB_Y2024_filtered_VBS/SV-COMP_Mixed_Categories/rekcba_aso_false-unreach-call.1.M1.c,TIMEOUT,300.11,TIMEOUT,300.09,TIMEOUT,300.1,True
TPDB_Y2024_filtered_VBS/SV-COMP_Mixed_Categories/list_true-unreach-call.c,TIMEOUT,300.11,TIMEOUT,300.11,TIMEOUT,300.01,True
TPDB_Y2024_filtered_VBS/SV-COMP_Mixed_Categories/Problem07_label00_true-unreach-call.c,TIMEOUT,300.15,TIMEOUT,300.14,TIMEOUT,300.13,True
TPDB_Y2024_filtered_VBS/SV-COMP_Mixed_Categories/Addition01_true-unreach-call_true-termination.c,YES,0.34,YES,0.34,YES,0.33,True
TPDB_Y2024_filtered_VBS/SV-COMP_Mixed_Categories/cs_time_var_mutex_true-unreach-call.c,Failed,0.24,Failed,0.27,Failed,0.26,True
TPDB_Y2024_filtered_VBS/SV-COMP_Mixed_Categories/dll_of_dll_true-unreach-call.c,TIMEOUT,300.03,TIMEOUT,300.03,TIMEOUT,300.03,True
TPDB_Y2024_filtered_VBS/SV-COMP_Mixed_Categories/skiplist_3lvl_true-valid-memsafety.c,Maybe,0.68,Maybe,0.7,Maybe,0.69,True
TPDB_Y2024_filtered_VBS/SV-COMP_Mixed_Categories/token_ring.01_false-unreach-call_false-termination.cil.c,Maybe,0.04,Maybe,0.05,Maybe,0.06,True
TPDB_Y2024_filtered_VBS/SV-COMP_Mixed_Categories/sum_2x3_false-unreach-call.c,YES,0.19,YES,0.18,YES,0.19,True
TPDB_Y2024_filtered_VBS/SV-COMP_Mixed_Categories/standard_copy7_true-unreach-call_ground.c,Failed,10.84,Failed,10.83,Failed,10.74,True
TPDB_Y2024_filtered_VBS/SV-COMP_Mixed_Categories/960521-1_1_true-valid-memsafety.c,YES,2.43,YES,2.41,YES,2.42,True
TPDB_Y2024_filtered_VBS/SV-COMP_Mixed_Categories/mem_slave_tlm.1_true-unreach-call_false-termination.cil.c,Maybe,0.07,Maybe,0.07,Maybe,0.06,True
TPDB_Y2024_filtered_VBS/SV-COMP_Mixed_Categories/Problem05_label00_false-unreach-call.c,Maybe,39.84,Maybe,40.19,Maybe,40.59,True
TPDB_Y2024_filtered_VBS/SV-COMP_Mixed_Categories/id2_b2_o3_true-unreach-call.c,TIMEOUT,300.02,TIMEOUT,300.02,TIMEOUT,300.02,True
TPDB_Y2024_filtered_VBS/SV-COMP_Mixed_Categories/Primes_true-unreach-call.c,YES,1.15,YES,1.27,YES,1.26,True
TPDB_Y2024_filtered_VBS/SV-COMP_Mixed_Categories/Problem12_label00_false-unreach-call.c,Maybe,225.61,Maybe,219.26,Maybe,218.13,True
TPDB_Y2024_filtered_VBS/SV-COMP_Mixed_Categories/test-0521_true-valid-memsafety.c,TIMEOUT,300.12,TIMEOUT,300.05,TIMEOUT,300.12,True
TPDB_Y2024_filtered_VBS/SV-COMP_Mixed_Categories/cs_stateful_false-unreach-call.c,Failed,2.41,Failed,2.37,Failed,2.36,True
TPDB_Y2024_filtered_VBS/SV-COMP_Mixed_Categories/afterrec_2calls_false-unreach-call.c,Maybe,0.09,Maybe,0.1,Maybe,0.09,True
TPDB_Y2024_filtered_VBS/SV-COMP_Mixed_Categories/data_structures_set_multi_proc_false-unreach-call_ground.c,TIMEOUT,300.68,TIMEOUT,300.66,TIMEOUT,300.64,True
TPDB_Y2024_filtered_VBS/SV-COMP_Mixed_Categories/elevator_spec1_product01_true-unreach-call.cil.c,TIMEOUT,300.08,TIMEOUT,300.08,TIMEOUT,300.07,True
TPDB_Y2024_filtered_VBS/SV-COMP_Mixed_Categories/Problem13_label00_true-unreach-call.c,TIMEOUT,300.09,TIMEOUT,300.1,TIMEOUT,300.1,True
TPDB_Y2024_filtered_VBS/SV-COMP_Mixed_Categories/token_ring.10_false-unreach-call_false-termination.cil.c,Maybe,0.07,Maybe,0.07,Maybe,0.08,True
TPDB_Y2024_filtered_VBS/SV-COMP_Mixed_Categories/transmitter.06_false-unreach-call_false-termination.cil.c,Maybe,0.06,Maybe,0.05,Maybe,0.06,True
TPDB_Y2024_filtered_VBS/SV-COMP_Mixed_Categories/Problem04_label00_true-unreach-call.c,Maybe,24.1,Maybe,24.09,Maybe,24.13,True
TPDB_Y2024_filtered_VBS/SV-COMP_Mixed_Categories/pals_lcr.8_false-unreach-call.1.ufo.BOUNDED-16.pals.c,Maybe,36.37,Maybe,37.26,Maybe,36.85,True
TPDB_Y2024_filtered_VBS/SV-COMP_Mixed_Categories/Problem16_label00_false-unreach-call.c,Maybe,40.1,Maybe,39.3,Maybe,40.16,True
TPDB_Y2024_filtered_VBS/SV-COMP_Mixed_Categories/Problem01_label00_true-unreach-call.c,Maybe,12.28,Maybe,12.38,Maybe,12.22,True
TPDB_Y2024_filtered_VBS/SV-COMP_Mixed_Categories/tree_stack_true-valid-memsafety.c,Maybe,0.86,Maybe,0.84,Maybe,0.85,True
TPDB_Y2024_filtered_VBS/SV-COMP_Mixed_Categories/Problem17_label00_true-unreach-call.c,TIMEOUT,300.13,TIMEOUT,300.13,TIMEOUT,300.13,True
TPDB_Y2024_filtered_VBS/SV-COMP_Mixed_Categories/pals_lcr-var-start-time.6_false-unreach-call.1.ufo.BOUNDED-12.pals.c,Maybe,18.2,Maybe,17.75,Maybe,17.88,True
TPDB_Y2024_filtered_VBS/SV-COMP_Mixed_Categories/test-0219_true-valid-memsafety.c,Maybe,1.14,Maybe,1.14,Maybe,1.13,True
TPDB_Y2024_filtered_VBS/SV-COMP_Mixed_Categories/Problem14_label00_true-unreach-call.c,Maybe,18.51,Maybe,18.18,Maybe,18.54,True
TPDB_Y2024_filtered_VBS/SV-COMP_Mixed_Categories/stateful_check_false-unreach-call.c,Maybe,1.37,Maybe,1.43,Maybe,1.31,True
TPDB_Y2024_filtered_VBS/SV-COMP_Mixed_Categories/simple-ext_1_true-valid-memsafety.c,Maybe,6.24,Maybe,3.43,Maybe,3.43,True
TPDB_Y2024_filtered_VBS/SV-COMP_Mixed_Categories/pals_lcr.3_false-unreach-call.1.ufo.BOUNDED-6.pals.c,Maybe,4.77,Maybe,4.51,Maybe,4.93,True
TPDB_Y2024_filtered_VBS/SV-COMP_Mixed_Categories/sorting_bubblesort_true-unreach-call_ground.c,Failed,10.36,Failed,10.57,Failed,10.22,True
TPDB_Y2024_filtered_VBS/SV-COMP_Mixed_Categories/merge_sort_true-unreach-call.c,Maybe,3.56,Maybe,4.14,Maybe,4.09,True
TPDB_Y2024_filtered_VBS/SV-COMP_Mixed_Categories/pals_STARTPALS_ActiveStandby_false-unreach-call.1.ufo.BOUNDED-10.pals.c,Maybe,13.58,Maybe,13.68,Maybe,13.83,True
TPDB_Y2024_filtered_VBS/SV-COMP_Mixed_Categories/Problem08_label00_true-unreach-call.c,TIMEOUT,300.22,TIMEOUT,300.21,TIMEOUT,300.21,True
TPDB_Y2024_filtered_VBS/SV-COMP_Mixed_Categories/recHanoi01_true-unreach-call_true-termination.c,YES,0.38,YES,0.38,YES,0.39,True
TPDB_Y2024_filtered_VBS/SV-COMP_Mixed_Categories/BallRajamani-SPIN2000-Fig1_false-unreach-call.c,YES,0.19,YES,0.25,YES,0.26,True
TPDB_Y2024_filtered_VBS/SV-COMP_Mixed_Categories/dll_extends_pointer_true-valid-memsafety.c,Maybe,3.35,Maybe,3.3,Maybe,3.26,True
TPDB_Y2024_filtered_VBS/SV-COMP_Mixed_Categories/cs_fib_longer_true-unreach-call.c,Failed,0.86,Failed,1.11,Failed,1.18,True
TPDB_Y2024_filtered_VBS/SV-COMP_Mixed_Categories/cs_szymanski_true-unreach-call.c,Failed,0.25,Failed,0.24,Failed,0.25,True
TPDB_Y2024_filtered_VBS/SV-COMP_Mixed_Categories/bubble_sort_linux_true-unreach-call.c,Maybe,0.38,Maybe,0.38,Maybe,0.52,True
TPDB_Y2024_filtered_VBS/SV-COMP_Mixed_Categories/fibo_2calls_2_false-unreach-call.c,Maybe,0.18,Maybe,0.18,Maybe,0.18,True
TPDB_Y2024_filtered_VBS/SV-COMP_Mixed_Categories/transmitter.01_false-unreach-call_false-termination.cil.c,Maybe,0.05,Maybe,0.05,Maybe,0.06,True
TPDB_Y2024_filtered_VBS/SV-COMP_Mixed_Categories/Problem18_label00_false-unreach-call.c,Maybe,95.09,Maybe,96.41,Maybe,95.5,True
TPDB_Y2024_filtered_VBS/SV-COMP_Mixed_Categories/gcd01_true-unreach-call_true-termination.c,YES,0.26,YES,0.25,YES,0.25,True
TPDB_Y2024_filtered_VBS/SV-COMP_Mixed_Categories/diskperf_simpl1_true-unreach-call_true-termination.cil.c,Maybe,0.85,Maybe,0.85,Maybe,0.86,True
TPDB_Y2024_filtered_VBS/SV-COMP_Mixed_Categories/s3_srvr_1_false-unreach-call.cil.c,TIMEOUT,300.13,TIMEOUT,300.09,TIMEOUT,300.13,True
TPDB_Y2024_filtered_VBS/SV-COMP_Mixed_Categories/transmitter.11_false-unreach-call_false-termination.cil.c,Maybe,0.06,Maybe,0.07,Maybe,0.07,True
TPDB_Y2024_filtered_VBS/SV-COMP_Mixed_Categories/splice_true-unreach-call.c,Maybe,3.6,Maybe,4.51,Maybe,3.61,True
TPDB_Y2024_filtered_VBS/SV-COMP_Mixed_Categories/cdaudio_simpl1_false-unreach-call_true-termination.cil.c,Maybe,1.31,Maybe,1.35,Maybe,1.34,True
TPDB_Y2024_filtered_VBS/SV-COMP_Mixed_Categories/s3_srvr_14_false-unreach-call.cil.c,Maybe,10.39,Maybe,10.29,Maybe,10.8,True
TPDB_Y2024_filtered_VBS/SV-COMP_Mixed_Categories/id_i10_o10_false-unreach-call.c,YES,0.18,YES,0.17,YES,0.18,True
TPDB_Y2024_filtered_VBS/SV-COMP_Mixed_Categories/Problem15_label00_false-unreach-call.c,Maybe,282.36,Maybe,288.61,Maybe,289.34,True
TPDB_Y2024_filtered_VBS/SV-COMP_Mixed_Categories/floppy_simpl3_false-unreach-call_true-termination.cil.c,Maybe,0.76,Maybe,1.07,Maybe,1.11,True
TPDB_Y2024_filtered_VBS/SV-COMP_Mixed_Categories/standard_password_true-unreach-call_ground.c,Failed,0.21,Failed,0.21,Failed,0.22,True
TPDB_Y2024_filtered_VBS/SV-COMP_Mixed_Categories/lockfree-3.0_true-valid-memsafety.c,Maybe,0.62,Maybe,0.63,Maybe,0.9,True
TPDB_Y2024_filtered_VBS/SV-COMP_Mixed_Categories/transmitter.16_false-unreach-call_false-termination.cil.c,Maybe,0.07,Maybe,0.06,Maybe,0.07,True
TPDB_Y2024_filtered_VBS/SV-COMP_Mixed_Categories/s3_clnt_1_false-unreach-call.cil.c,TIMEOUT,300.14,TIMEOUT,300.14,TIMEOUT,300.13,True
TPDB_Y2024_filtered_VBS/SV-COMP_Mixed_Categories/test-0234_true-valid-memsafety.c,Maybe,1.66,Maybe,1.66,Maybe,1.67,True
TPDB_Y2024_filtered_VBS/SV-COMP_Mixed_Categories/pc_sfifo_1_false-unreach-call_false-termination.cil.c,Maybe,0.06,Maybe,0.06,Maybe,0.05,True
TPDB_Y2024_filtered_VBS/SV-COMP_Mixed_Categories/pals_floodmax.3_false-unreach-call.1.ufo.BOUNDED-6.pals.c,Maybe,11.02,Maybe,11.1,Maybe,11.3,True
TPDB_Y2024_filtered_VBS/SV-COMP_Mixed_Categories/Problem10_label00_true-unreach-call.c,Maybe,14.4,Maybe,14.43,Maybe,14.38,True
TPDB_Y2024_filtered_VBS/SV-COMP_Mixed_Categories/test_locks_15_true-unreach-call_false-termination.c,TIMEOUT,300.12,TIMEOUT,300.11,TIMEOUT,300.11,True
TPDB_Y2024_filtered_VBS/SV-COMP_Mixed_Categories/test-0513_1_true-valid-memsafety.c,YES,9.94,YES,10.02,YES,10.35,True
TPDB_Y2024_filtered_VBS/SV-COMP_Mixed_Categories/bist_cell_true-unreach-call_false-termination.cil.c,Maybe,8.15,Maybe,8.38,Maybe,8.39,True
TPDB_Y2024_filtered_VBS/AProVE_memory_alloca/svcomp_openbsd_cstrpbrk_alloca.c,Failed,0.24,Failed,0.25,Failed,0.27,True
TPDB_Y2024_filtered_VBS/AProVE_memory_alloca/svcomp_strreplace_alloca.c,Failed,0.24,Failed,0.23,Failed,0.23,True
TPDB_Y2024_filtered_VBS/AProVE_memory_alloca/svcomp_openbsd_cstrncat_alloca.c,Failed,0.2,Failed,0.23,Failed,0.24,True
TPDB_Y2024_filtered_VBS/AProVE_memory_alloca/svcomp_LarrazOliverasRodriguez-CarbonellRubio-2013FMCAD-Fig1_true-alloca.c,Failed,0.19,Failed,0.23,Failed,0.22,True
TPDB_Y2024_filtered_VBS/AProVE_memory_alloca/svcomp_Urban_true-alloca.c,Failed,0.2,Failed,0.23,Failed,0.23,True
TPDB_Y2024_filtered_VBS/AProVE_memory_alloca/svcomp_openbsd_cstrncpy_alloca.c,Failed,0.19,Failed,0.24,Failed,0.24,True
TPDB_Y2024_filtered_VBS/AProVE_memory_alloca/svcomp_Velroyen_false-unreach-label-termination-alloca.c,Failed,0.2,Failed,0.24,Failed,0.25,True
TPDB_Y2024_filtered_VBS/AProVE_memory_alloca/svcomp_mult_array_alloca.c,Failed,0.19,Failed,0.24,Failed,0.24,True
TPDB_Y2024_filtered_VBS/AProVE_memory_alloca/svcomp_add_last_alloca.c,Failed,0.2,Failed,0.25,Failed,0.24,True
TPDB_Y2024_filtered_VBS/AProVE_memory_alloca/svcomp_c.07-alloca.c,Failed,0.24,Failed,0.24,Failed,0.24,True
TPDB_Y2024_filtered_VBS/AProVE_memory_alloca/svcomp_java_Nested-alloca.c,Failed,0.24,Failed,0.23,Failed,0.25,True
TPDB_Y2024_filtered_VBS/AProVE_memory_alloca/svcomp_aviad_true-alloca.c,Failed,0.23,Failed,0.22,Failed,0.24,True
TPDB_Y2024_filtered_VBS/AProVE_memory_alloca/svcomp_Masse_true-alloca.c,Failed,0.24,Failed,0.23,Failed,0.24,True
TPDB_Y2024_filtered_VBS/AProVE_memory_alloca/svcomp_cstrncpy_alloca.c,Failed,0.23,Failed,0.24,Failed,0.25,True
TPDB_Y2024_filtered_VBS/AProVE_memory_alloca/svcomp_cstrncat_alloca.c,Failed,0.25,Failed,0.24,Failed,0.24,True
TPDB_Y2024_filtered_VBS/AProVE_memory_alloca/svcomp_a.07-alloca.c,Failed,0.24,Failed,0.23,Failed,0.25,True
TPDB_Y2024_filtered_VBS/AProVE_memory_alloca/svcomp_java_AG313-alloca.c,Failed,0.24,Failed,0.23,Failed,0.25,True
TPDB_Y2024_filtered_VBS/AProVE_memory_alloca/svcomp_cstrcat_alloca.c,Failed,0.24,Failed,0.23,Failed,0.24,True
TPDB_Y2024_filtered_VBS/AProVE_memory_alloca/svcomp_openbsd_cstpncpy_alloca.c,Failed,0.25,Failed,0.23,Failed,0.24,True
TPDB_Y2024_filtered_VBS/AProVE_memory_alloca/svcomp_TelAviv-Amir-Minimum_true-alloca.c,Failed,0.25,Failed,0.24,Failed,0.24,True
TPDB_Y2024_filtered_VBS/AProVE_memory_alloca/svcomp_CookSeeZuleger-2013TACAS-Fig7a_true-alloca.c,Failed,0.23,Failed,0.24,Failed,0.24,True
TPDB_Y2024_filtered_VBS/AProVE_memory_alloca/svcomp_openbsd_cstrcspn_alloca.c,Failed,0.23,Failed,0.24,Failed,0.25,True
TPDB_Y2024_filtered_VBS/AProVE_memory_alloca/svcomp_BrockschmidtCookFuhs-2013CAV-Fig1_true-alloca.c,Failed,0.25,Failed,0.24,Failed,0.24,True
TPDB_Y2024_filtered_VBS/AProVE_memory_alloca/svcomp_subseq_alloca.c,Failed,0.24,Failed,0.24,Failed,0.25,True
TPDB_Y2024_filtered_VBS/AProVE_memory_alloca/svcomp_b.16-alloca.c,Failed,0.24,Failed,0.23,Failed,0.24,True
TPDB_Y2024_filtered_VBS/AProVE_memory_alloca/svcomp_b.06-alloca.c,Failed,0.24,Failed,0.24,Failed,0.24,True
TPDB_Y2024_filtered_VBS/AProVE_memory_alloca/svcomp_genady_true-alloca.c,Failed,0.25,Failed,0.24,Failed,0.24,True
TPDB_Y2024_filtered_VBS/AProVE_memory_alloca/svcomp_KroeningSharyginaTsitovichWintersteiger-2010CAV-Fig1_true-alloca.c,Failed,0.24,Failed,0.24,Failed,0.24,True
TPDB_Y2024_filtered_VBS/AProVE_memory_alloca/svcomp_NoriSharma-2013FSE-Fig7_true-alloca.c,Failed,0.24,Failed,0.23,Failed,0.25,True
TPDB_Y2024_filtered_VBS/AProVE_memory_alloca/svcomp_array02_alloca.c,Failed,0.24,Failed,0.24,Failed,0.24,True
TPDB_Y2024_filtered_VBS/AProVE_memory_alloca/svcomp_a.04-alloca.c,Failed,0.25,Failed,0.23,Failed,0.24,True
TPDB_Y2024_filtered_VBS/AProVE_memory_alloca/svcomp_java_Continue1-alloca.c,Failed,0.25,Failed,0.25,Failed,0.24,True
TPDB_Y2024_filtered_VBS/AProVE_memory_alloca/svcomp_c.08-alloca.c,Failed,0.24,Failed,0.23,Failed,0.24,True
TPDB_Y2024_filtered_VBS/AProVE_memory_alloca/svcomp_NoriSharma-2013FSE-Fig8_true-alloca.c,Failed,0.25,Failed,0.24,Failed,0.24,True
TPDB_Y2024_filtered_VBS/AProVE_memory_alloca/svcomp_b.18-alloca.c,Failed,0.25,Failed,0.24,Failed,0.25,True
TPDB_Y2024_filtered_VBS/AProVE_memory_alloca/svcomp_b.13-alloca.c,Failed,0.24,Failed,0.25,Failed,0.23,True
TPDB_Y2024_filtered_VBS/AProVE_memory_alloca/svcomp_cstrchr_true_alloca.c,Failed,0.24,Failed,0.24,Failed,0.24,True
TPDB_Y2024_filtered_VBS/AProVE_memory_alloca/svcomp_cstrncmp_true_alloca.c,Failed,0.25,Failed,0.24,Failed,0.25,True
TPDB_Y2024_filtered_VBS/AProVE_memory_alloca/svcomp_b.05-alloca.c,Failed,0.24,Failed,0.23,Failed,0.25,True
TPDB_Y2024_filtered_VBS/AProVE_memory_alloca/svcomp_cstrpbrk_true_alloca.c,Failed,0.25,Failed,0.23,Failed,0.25,True
TPDB_Y2024_filtered_VBS/AProVE_memory_alloca/svcomp_openbsd_cstrlcpy_alloca.c,Failed,0.23,Failed,0.24,Failed,0.25,True
TPDB_Y2024_filtered_VBS/AProVE_memory_alloca/svcomp_cstrcpy_alloca.c,Failed,0.24,Failed,0.25,Failed,0.23,True
TPDB_Y2024_filtered_VBS/AProVE_memory_alloca/svcomp_array03_alloca.c,Failed,0.24,Failed,0.23,Failed,0.23,True
TPDB_Y2024_filtered_VBS/AProVE_memory_alloca/svcomp_java_LogBuiltIn-alloca.c,Failed,0.24,Failed,0.24,Failed,0.23,True
TPDB_Y2024_filtered_VBS/AProVE_memory_alloca/svcomp_Toulouse-MultiBranchesToLoop_true-alloca.c,Failed,0.23,Failed,0.24,Failed,0.23,True
TPDB_Y2024_filtered_VBS/AProVE_memory_alloca/svcomp_ex1-alloca.c,Failed,0.25,Failed,0.24,Failed,0.24,True
TPDB_Y2024_filtered_VBS/AProVE_memory_alloca/svcomp_GulwaniJainKoskinen-2009PLDI-Fig1_true-alloca.c,Failed,0.24,Failed,0.23,Failed,0.24,True
TPDB_Y2024_filtered_VBS/AProVE_memory_alloca/svcomp_ex3b-alloca.c,Failed,0.24,Failed,0.24,Failed,0.23,True
TPDB_Y2024_filtered_VBS/AProVE_memory_alloca/svcomp_java_Sequence-alloca.c,Failed,0.25,Failed,0.22,Failed,0.23,True
TPDB_Y2024_filtered_VBS/AProVE_memory_alloca/svcomp_openbsd_cstrcpy_alloca.c,Failed,0.24,Failed,0.25,Failed,0.23,True
TPDB_Y2024_filtered_VBS/AProVE_memory_alloca/svcomp_substring_alloca.c,Failed,0.25,Failed,0.23,Failed,0.24,True
TPDB_Y2024_filtered_VBS/AProVE_memory_alloca/svcomp_a.08-alloca.c,Failed,0.23,Failed,0.25,Failed,0.23,True
TPDB_Y2024_filtered_VBS/AProVE_memory_alloca/svcomp_Urban-2013WST-Fig1_false-unreach-label-termination-alloca.c,Failed,0.24,Failed,0.25,Failed,0.24,True
TPDB_Y2024_filtered_VBS/AProVE_memory_alloca/svcomp_CookSeeZuleger-2013TACAS-Fig3_true-alloca.c,Failed,0.24,Failed,0.24,Failed,0.25,True
TPDB_Y2024_filtered_VBS/AProVE_memory_alloca/svcomp_b.07-alloca.c,Failed,0.25,Failed,0.23,Failed,0.25,True
TPDB_Y2024_filtered_VBS/AProVE_memory_alloca/svcomp_insertionsort_alloca.c,Failed,0.24,Failed,0.24,Failed,0.24,True
TPDB_Y2024_filtered_VBS/AProVE_memory_alloca/svcomp_BrockschmidtCookFuhs-2013CAV-Introduction_true-alloca.c,Failed,0.23,Failed,0.23,Failed,0.24,True
TPDB_Y2024_filtered_VBS/AProVE_memory_alloca/svcomp_stroeder2_alloca.c,Failed,0.25,Failed,0.24,Failed,0.24,True
TPDB_Y2024_filtered_VBS/AProVE_memory_alloca/svcomp_BradleyMannaSipma-2005CAV-Fig1_true-alloca.c,Failed,0.24,Failed,0.24,Failed,0.24,True
TPDB_Y2024_filtered_VBS/AProVE_memory_alloca/svcomp_cstrcspn_true_alloca.c,Failed,0.24,Failed,0.25,Failed,0.24,True
TPDB_Y2024_filtered_VBS/AProVE_memory_alloca/svcomp_openbsd_cbzero_alloca.c,Failed,0.25,Failed,0.25,Failed,0.26,True
TPDB_Y2024_filtered_VBS/AProVE_memory_alloca/svcomp_Urban-2013WST-Fig2_true-alloca.c,Failed,0.23,Failed,0.25,Failed,0.23,True
TPDB_Y2024_filtered_VBS/AProVE_memory_alloca/svcomp_Avery-2006FLOPS-Tabel1_true-alloca.c,Failed,0.24,Failed,0.24,Failed,0.23,True
TPDB_Y2024_filtered_VBS/AProVE_memory_alloca/svcomp_b.04-alloca.c,Failed,0.24,Failed,0.25,Failed,0.24,True
TPDB_Y2024_filtered_VBS/AProVE_memory_alloca/svcomp_openbsd_cmemrchr_alloca.c,Failed,0.25,Failed,0.24,Failed,0.24,True
TPDB_Y2024_filtered_VBS/AProVE_memory_alloca/svcomp_b.09-no-inv_assume-alloca.c,Failed,0.24,Failed,0.24,Failed,0.23,True
TPDB_Y2024_filtered_VBS/AProVE_memory_alloca/svcomp_a.06-alloca.c,Failed,0.25,Failed,0.23,Failed,0.24,True
TPDB_Y2024_filtered_VBS/AProVE_memory_alloca/svcomp_b.03-no-inv_assume-alloca.c,Failed,0.25,Failed,0.24,Failed,0.24,True
TPDB_Y2024_filtered_VBS/AProVE_memory_alloca/svcomp_cstrlen_true_alloca.c,Failed,0.24,Failed,0.24,Failed,0.23,True
TPDB_Y2024_filtered_VBS/AProVE_memory_alloca/svcomp_openbsd_cstrlen_alloca.c,Failed,0.24,Failed,0.25,Failed,0.24,True
TPDB_Y2024_filtered_VBS/AProVE_memory_alloca/svcomp_b.14-alloca.c,Failed,0.23,Failed,0.23,Failed,0.25,True
TPDB_Y2024_filtered_VBS/AProVE_memory_alloca/svcomp_openbsd_cstrstr_alloca.c,Failed,0.25,Failed,0.23,Failed,0.24,True
TPDB_Y2024_filtered_VBS/AProVE_memory_alloca/svcomp_b.02-alloca.c,Failed,0.23,Failed,0.24,Failed,0.24,True
TPDB_Y2024_filtered_VBS/AProVE_memory_alloca/svcomp_ex3a-alloca.c,Failed,0.24,Failed,0.23,Failed,0.23,True
TPDB_Y2024_filtered_VBS/AProVE_memory_alloca/svcomp_BradleyMannaSipma-2005CAV-Fig1-modified_false-termination.c,Failed,0.26,Failed,0.23,Failed,0.23,True
TPDB_Y2024_filtered_VBS/AProVE_memory_alloca/svcomp_c.01-no-inv-alloca.c,Failed,0.25,Failed,0.24,Failed,0.22,True
TPDB_Y2024_filtered_VBS/AProVE_memory_alloca/svcomp_openbsd_cstpcpy_alloca.c,Failed,0.24,Failed,0.24,Failed,0.24,True
TPDB_Y2024_filtered_VBS/AProVE_memory_alloca/svcomp_b.17-alloca.c,Failed,0.24,Failed,0.25,Failed,0.23,True
TPDB_Y2024_filtered_VBS/AProVE_memory_alloca/svcomp_java_BubbleSort_alloca.c,Failed,0.23,Failed,0.24,Failed,0.24,True
TPDB_Y2024_filtered_VBS/AProVE_memory_alloca/svcomp_a.09_assume-alloca.c,Failed,0.24,Failed,0.25,Failed,0.23,True
TPDB_Y2024_filtered_VBS/AProVE_memory_alloca/svcomp_CookSeeZuleger-2013TACAS-Fig7b_true-alloca.c,Failed,0.24,Failed,0.24,Failed,0.24,True
TPDB_Y2024_filtered_VBS/AProVE_memory_alloca/svcomp_selectionsort_alloca.c,Failed,0.24,Failed,0.23,Failed,0.24,True
TPDB_Y2024_filtered_VBS/AProVE_memory_alloca/svcomp_array01_alloca.c,Failed,0.25,Failed,0.25,Failed,0.24,True
TPDB_Y2024_filtered_VBS/AProVE_memory_alloca/svcomp_ChenFlurMukhopadhyay-2012SAS-Fig1_true-alloca.c,Failed,0.24,Failed,0.24,Failed,0.25,True
TPDB_Y2024_filtered_VBS/AProVE_memory_alloca/svcomp_twisted-alloca.c,Failed,0.25,Failed,0.24,Failed,0.24,True
TPDB_Y2024_filtered_VBS/AProVE_memory_alloca/svcomp_cstrspn_true_alloca.c,Failed,0.25,Failed,0.24,Failed,0.23,True
TPDB_Y2024_filtered_VBS/AProVE_memory_alloca/svcomp_b.01-alloca.c,Failed,0.24,Failed,0.25,Failed,0.24,True
TPDB_Y2024_filtered_VBS/AProVE_memory_alloca/svcomp_HarrisLalNoriRajamani-2010SAS-Fig2_false-unreach-label-termination-alloca.c,Failed,0.26,Failed,0.25,Failed,0.24,True
TPDB_Y2024_filtered_VBS/AProVE_memory_alloca/svcomp_cstrcmp_true_alloca.c,Failed,0.23,Failed,0.25,Failed,0.24,True
TPDB_Y2024_filtered_VBS/AProVE_memory_alloca/svcomp_b.10-alloca.c,Failed,0.24,Failed,0.24,Failed,0.25,True
TPDB_Y2024_filtered_VBS/AProVE_memory_alloca/svcomp_Ben-Amram-2010LMCS-Ex2.3_true-alloca.c,Failed,0.25,Failed,0.24,Failed,0.23,True
TPDB_Y2024_filtered_VBS/AProVE_memory_alloca/svcomp_openbsd_cmemchr_alloca.c,Failed,0.24,Failed,0.23,Failed,0.24,True
TPDB_Y2024_filtered_VBS/AProVE_memory_alloca/svcomp_openbsd_cstrncmp_alloca.c,Failed,0.23,Failed,0.23,Failed,0.25,True
TPDB_Y2024_filtered_VBS/AProVE_memory_alloca/svcomp_HarrisLalNoriRajamani-2010SAS-Fig3_true-alloca.c,Failed,0.24,Failed,0.24,Failed,0.25,True
TPDB_Y2024_filtered_VBS/AProVE_memory_alloca/svcomp_c.03-alloca.c,Failed,0.23,Failed,0.24,Failed,0.25,True
TPDB_Y2024_filtered_VBS/AProVE_memory_alloca/svcomp_a.01-alloca.c,Failed,0.24,Failed,0.23,Failed,0.25,True
TPDB_Y2024_filtered_VBS/AProVE_memory_alloca/svcomp_min_rf_true-alloca.c,Failed,0.24,Failed,0.25,Failed,0.25,True
TPDB_Y2024_filtered_VBS/AProVE_memory_alloca/svcomp_b.12-alloca.c,Failed,0.26,Failed,0.25,Failed,0.25,True
TPDB_Y2024_filtered_VBS/AProVE_memory_alloca/svcomp_count_down_alloca.c,Failed,0.25,Failed,0.25,Failed,0.26,True
TPDB_Y2024_filtered_VBS/AProVE_memory_alloca/svcomp_b.09_assume-alloca.c,Failed,0.24,Failed,0.24,Failed,0.25,True
TPDB_Y2024_filtered_VBS/AProVE_memory_alloca/svcomp_b.11-alloca.c,Failed,0.24,Failed,0.24,Failed,0.24,True
TPDB_Y2024_filtered_VBS/AProVE_memory_alloca/svcomp_openbsd_cstrspn_alloca.c,Failed,0.2,Failed,0.24,Failed,0.24,True
TPDB_Y2024_filtered_VBS/AProVE_memory_alloca/svcomp_a.10-alloca.c,Failed,0.19,Failed,0.24,Failed,0.23,True
TPDB_Y2024_filtered_VBS/AProVE_memory_alloca/svcomp_easySum-alloca.c,Failed,0.2,Failed,0.24,Failed,0.24,True
TPDB_Y2024_filtered_VBS/AProVE_memory_alloca/svcomp_PodelskiRybalchenko-2004VMCAI-Ex2_true-alloca.c,Failed,0.2,Failed,0.23,Failed,0.24,True
TPDB_Y2024_filtered_VBS/AProVE_memory_alloca/svcomp_openbsd_cstrcat_alloca.c,Failed,0.25,Failed,0.25,Failed,0.25,True
TPDB_Y2024_filtered_VBS/AProVE_memory_alloca/svcomp_Urban-2013WST-Fig2-modified1000_true-alloca.c,Failed,0.2,Failed,0.24,Failed,0.24,True
TPDB_Y2024_filtered_VBS/AProVE_memory_alloca/svcomp_ex2-alloca.c,Failed,0.19,Failed,0.24,Failed,0.25,True
TPDB_Y2024_filtered_VBS/AProVE_memory_alloca/svcomp_HarrisLalNoriRajamani-2010SAS-Fig1_true-alloca.c,Failed,0.19,Failed,0.23,Failed,0.24,True
TPDB_Y2024_filtered_VBS/AProVE_memory_alloca/svcomp_bubblesort_alloca.c,Failed,0.19,Failed,0.24,Failed,0.24,True
TPDB_Y2024_filtered_VBS/AProVE_memory_alloca/svcomp_openbsd_cstrcmp_alloca.c,Failed,0.19,Failed,0.24,Failed,0.24,True
TPDB_Y2024_filtered_VBS/AProVE_memory_alloca/svcomp_b.15-alloca.c,Failed,0.2,Failed,0.24,Failed,0.24,True
TPDB_Y2024_filtered_VBS/AProVE_memory_alloca/svcomp_b.03_assume-alloca.c,Failed,0.23,Failed,0.25,Failed,0.25,True
TPDB_Y2024_filtered_VBS/AProVE_memory_alloca/svcomp_Toulouse-BranchesToLoop_true-alloca.c,Failed,0.24,Failed,0.25,Failed,0.25,True
TPDB_Y2024_filtered_VBS/AProVE_memory_alloca/svcomp_java_Break-alloca.c,Failed,0.24,Failed,0.24,Failed,0.23,True
TPDB_Y2024_filtered_VBS/AProVE_memory_alloca/svcomp_a.05-alloca.c,Failed,0.24,Failed,0.25,Failed,0.23,True
TPDB_Y2024_filtered_VBS/AProVE_memory_alloca/svcomp_c.01_assume-alloca.c,Failed,0.25,Failed,0.24,Failed,0.25,True
TPDB_Y2024_filtered_VBS/AProVE_memory_alloca/svcomp_openbsd_cstrnlen_alloca.c,Failed,0.24,Failed,0.23,Failed,0.24,True
TPDB_Y2024_filtered_VBS/AProVE_memory_alloca/svcomp_gcd1_true-alloca.c,Failed,0.23,Failed,0.24,Failed,0.24,True
TPDB_Y2024_filtered_VBS/AProVE_memory_alloca/svcomp_lis_alloca.c,Failed,0.24,Failed,0.25,Failed,0.25,True
TPDB_Y2024_filtered_VBS/AProVE_memory_alloca/svcomp_flag-alloca.c,Failed,0.23,Failed,0.23,Failed,0.24,True
TPDB_Y2024_filtered_VBS/AProVE_memory_alloca/svcomp_c.02-alloca.c,Failed,0.24,Failed,0.25,Failed,0.25,True
TPDB_Y2024_filtered_VBS/AProVE_memory_alloca/svcomp_fermat-alloca.c,Failed,0.24,Failed,0.24,Failed,0.24,True
TPDB_Y2024_filtered_VBS/AProVE_memory_alloca/svcomp_stroeder1_alloca.c,Failed,0.24,Failed,0.25,Failed,0.24,True
TPDB_Y2024_filtered_VBS/AProVE_memory_alloca/svcomp_openbsd_cmemset_alloca.c,Failed,0.25,Failed,0.24,Failed,0.25,True
TPDB_Y2024_filtered_VBS/AProVE_memory_alloca/svcomp_diff_alloca.c,Failed,0.25,Failed,0.24,Failed,0.24,True
TPDB_Y2024_filtered_VBS/AProVE_memory_alloca/svcomp_BradleyMannaSipma-2005ICALP-Fig1_true-alloca.c,Failed,0.24,Failed,0.24,Failed,0.24,True
TPDB_Y2024_filtered_VBS/Ton_Chanh_15/Benghazi_nondet_true-termination.c,Maybe,163.16,Maybe,160.55,Maybe,159.65,True
TPDB_Y2024_filtered_VBS/Ton_Chanh_15/NestedRecursion_1d_true-termination.c,YES,0.3,YES,0.29,YES,0.3,True
TPDB_Y2024_filtered_VBS/Ton_Chanh_15/NestedRecursion_2b_false-termination.c,YES,0.18,YES,0.17,YES,0.24,True
TPDB_Y2024_filtered_VBS/Ton_Chanh_15/Bangalore_v4_true-termination.c,Maybe,0.14,Maybe,0.13,Maybe,0.11,True
TPDB_Y2024_filtered_VBS/Ton_Chanh_15/Singapore_true-termination.c,Maybe,0.49,Maybe,0.7,Maybe,0.72,True
TPDB_Y2024_filtered_VBS/Ton_Chanh_15/Hanoi_2vars_false-termination.c,Maybe,0.71,Maybe,0.7,Maybe,0.5,True
TPDB_Y2024_filtered_VBS/Ton_Chanh_15/NestedRecursion_2a_false-termination.c,YES,0.18,YES,0.18,YES,0.17,True
TPDB_Y2024_filtered_VBS/Ton_Chanh_15/McCarthy91_Recursion_true-termination.c,YES,0.16,YES,0.15,YES,0.16,True
TPDB_Y2024_filtered_VBS/Ton_Chanh_15/Ackermann_true-termination.c,YES,0.32,YES,0.31,YES,0.32,True
TPDB_Y2024_filtered_VBS/Ton_Chanh_15/NestedRecursion_1b_true-termination.c,YES,0.28,YES,0.26,YES,0.28,True
TPDB_Y2024_filtered_VBS/Ton_Chanh_15/Cairo_nondet_false-termination.c,Maybe,0.33,Maybe,0.33,Maybe,0.34,True
TPDB_Y2024_filtered_VBS/Ton_Chanh_15/Singapore_v2_false-termination.c,Maybe,0.57,Maybe,0.57,Maybe,0.57,True
TPDB_Y2024_filtered_VBS/Ton_Chanh_15/MutualRecursion_1b_true-termination.c,TIMEOUT,300.03,TIMEOUT,300.03,TIMEOUT,300.03,True
TPDB_Y2024_filtered_VBS/Ton_Chanh_15/Singapore_v1_false-termination.c,Maybe,0.53,Maybe,0.52,Maybe,0.52,True
TPDB_Y2024_filtered_VBS/Ton_Chanh_15/Copenhagen_disj_true-termination.c,Maybe,2.27,Maybe,2.34,Maybe,2.29,True
TPDB_Y2024_filtered_VBS/Ton_Chanh_15/Gothenburg_v2_true-termination.c,YES,0.27,YES,0.27,YES,0.27,True
TPDB_Y2024_filtered_VBS/Ton_Chanh_15/Hanoi_plus_false-termination.c,Maybe,3.06,Maybe,3.05,Maybe,3.5,True
TPDB_Y2024_filtered_VBS/Ton_Chanh_15/NestedRecursion_1c_true-termination.c,YES,0.25,YES,0.24,YES,0.18,True
TPDB_Y2024_filtered_VBS/Ton_Chanh_15/Cairo_step2_false-termination.c,Maybe,0.31,Maybe,0.22,Maybe,0.31,True
TPDB_Y2024_filtered_VBS/Ton_Chanh_15/Hanoi_3vars_false-termination.c,Maybe,1.05,Maybe,1.54,Maybe,1.55,True
TPDB_Y2024_filtered_VBS/Ton_Chanh_15/Bangalore_false-termination.c,Maybe,0.16,Maybe,0.13,Maybe,0.15,True
TPDB_Y2024_filtered_VBS/Ton_Chanh_15/NestedRecursion_1a_false-termination.c,YES,0.26,YES,0.19,YES,0.27,True
TPDB_Y2024_filtered_VBS/Ton_Chanh_15/Singapore_plus_false-termination.c,Maybe,0.4,Maybe,0.39,Maybe,0.57,True
TPDB_Y2024_filtered_VBS/Ton_Chanh_15/Bangalore_v2_false-termination.c,Maybe,0.15,Maybe,0.15,Maybe,0.11,True
TPDB_Y2024_filtered_VBS/Ton_Chanh_15/NestedRecursion_2c_true-termination.c,YES,0.18,YES,0.23,YES,0.24,True
TPDB_Y2024_filtered_VBS/Ton_Chanh_15/Bangalore_v3_false-termination.c,Maybe,0.14,Maybe,0.15,Maybe,0.12,True
TPDB_Y2024_filtered_VBS/Ton_Chanh_15/Binary_Search_true-termination.c,YES,0.21,YES,0.21,YES,0.22,True
TPDB_Y2024_filtered_VBS/Ton_Chanh_15/MutualRecursion_1a_false-termination.c,TIMEOUT,300.03,TIMEOUT,300.03,TIMEOUT,300.03,True
TPDB_Y2024_filtered_VBS/Ton_Chanh_15/2Nested_false-termination.c,Maybe,0.86,Maybe,0.86,Maybe,0.85,True
TPDB_Y2024_filtered_VBS/Ton_Chanh_15/Mysore_false-termination.c,Maybe,0.37,Maybe,0.51,Maybe,0.52,True
TPDB_Y2024_filtered_VBS/Ton_Chanh_15/Ackermann_false-termination.c,YES,0.29,YES,0.28,YES,0.21,True
TPDB_Y2024_filtered_VBS/Ton_Chanh_15/McCarthy91_Iteration_true-termination.c,YES,0.16,YES,0.19,YES,0.17,True
TPDB_Y2024_filtered_VBS/SV-COMP_Termination_Category/ChenFlurMukhopadhyay-SAS2012-Ex4.01_true-termination.c,Maybe,3.25,Maybe,3.45,Maybe,3.48,True
TPDB_Y2024_filtered_VBS/SV-COMP_Termination_Category/ChenFlurMukhopadhyay-SAS2012-Ex2.10_true-termination.c,YES,0.22,YES,0.16,YES,0.23,True
TPDB_Y2024_filtered_VBS/SV-COMP_Termination_Category/AliasDarteFeautrierGonnord-SAS2010-speedpldi4_true-termination.c,YES,0.16,YES,0.15,YES,0.12,True
TPDB_Y2024_filtered_VBS/SV-COMP_Termination_Category/AliasDarteFeautrierGonnord-SAS2010-counterex1b_true-termination.c,Maybe,0.57,Maybe,0.57,Maybe,0.58,True
TPDB_Y2024_filtered_VBS/SV-COMP_Termination_Category/PodelskiRybalchenko-LICS2004-Fig2_true-termination.c,Maybe,1.4,Maybe,1.49,Maybe,1.49,True
TPDB_Y2024_filtered_VBS/SV-COMP_Termination_Category/svcomp_cstrlen_true-termination.c,Maybe,0.25,Maybe,0.35,Maybe,0.34,True
TPDB_Y2024_filtered_VBS/SV-COMP_Termination_Category/AliasDarteFeautrierGonnord-SAS2010-rsd_true-termination.c,Maybe,1.2,Maybe,1.53,Maybe,1.72,True
TPDB_Y2024_filtered_VBS/SV-COMP_Termination_Category/ChawdharyCookGulwaniSagivYang-ESOP2008-aaron6_true-termination.c,Maybe,2.41,Maybe,2.51,Maybe,2.39,True
TPDB_Y2024_filtered_VBS/SV-COMP_Termination_Category/ChenFlurMukhopadhyay-SAS2012-Ex2.22_true-termination.c,YES,0.41,YES,0.41,YES,0.4,True
TPDB_Y2024_filtered_VBS/SV-COMP_Termination_Category/Avery-FLOPS2006-Table1_true-termination.c,YES,0.26,YES,0.26,YES,0.27,True
TPDB_Y2024_filtered_VBS/SV-COMP_Termination_Category/AliasDarteFeautrierGonnord-SAS2010-cousot9_true-termination.c,YES,0.17,YES,0.17,YES,0.22,True
TPDB_Y2024_filtered_VBS/SV-COMP_Termination_Category/LarrazOliverasRodriguez-CarbonellRubio-FMCAD2013-Fig1_true-termination.c,Maybe,0.4,Maybe,0.4,Maybe,0.41,True
TPDB_Y2024_filtered_VBS/SV-COMP_Termination_Category/HeizmannHoenickeLeikePodelski-ATVA2013-Fig5_true-termination.c,YES,0.18,YES,0.19,YES,0.24,True
TPDB_Y2024_filtered_VBS/SV-COMP_Termination_Category/ChenFlurMukhopadhyay-SAS2012-Ex1.04_true-termination.c,Maybe,0.23,Maybe,0.23,Maybe,0.23,True
TPDB_Y2024_filtered_VBS/SV-COMP_Termination_Category/LeeJonesBen-Amram-POPL2001-Ex6_true-termination.c,YES,0.31,YES,0.3,YES,0.44,True
TPDB_Y2024_filtered_VBS/SV-COMP_Termination_Category/HeizmannHoenickeLeikePodelski-ATVA2013-Fig6_true-termination.c,YES,0.21,YES,0.21,YES,0.29,True
TPDB_Y2024_filtered_VBS/SV-COMP_Termination_Category/svcomp_strchr_true-termination.c,Maybe,0.21,Maybe,0.22,Maybe,0.28,True
TPDB_Y2024_filtered_VBS/SV-COMP_Termination_Category/min_rf_true-termination.c,Maybe,1.52,Maybe,1.25,Maybe,1.87,True
TPDB_Y2024_filtered_VBS/SV-COMP_Termination_Category/CookSeeZuleger-TACAS2013-Fig1_true-termination.c,YES,0.14,YES,0.19,YES,0.19,True
TPDB_Y2024_filtered_VBS/SV-COMP_Termination_Category/PodelskiRybalchenko-TACAS2011-Fig4_true-termination.c,YES,0.19,YES,0.17,YES,0.18,True
TPDB_Y2024_filtered_VBS/SV-COMP_Termination_Category/AliasDarteFeautrierGonnord-SAS2010-wcet2_true-termination.c,YES,0.24,YES,0.18,YES,0.18,True
TPDB_Y2024_filtered_VBS/SV-COMP_Termination_Category/ChenFlurMukhopadhyay-SAS2012-Ex2.17_false-termination.c,Maybe,0.6,Maybe,0.42,Maybe,0.42,True
TPDB_Y2024_filtered_VBS/SV-COMP_Termination_Category/ChenFlurMukhopadhyay-SAS2012-Ex3.04_true-termination.c,Maybe,0.5,Maybe,0.35,Maybe,0.51,True
TPDB_Y2024_filtered_VBS/SV-COMP_Termination_Category/PodelskiRybalchenko-VMCAI2004-Ex1_true-termination.c,Maybe,0.56,Maybe,0.57,Maybe,0.4,True
TPDB_Y2024_filtered_VBS/SV-COMP_Termination_Category/HenzingerJhalaMajumdarSutre-POPL2002-LockingExample_false-termination.c,Maybe,2.18,Maybe,2.05,Maybe,2.18,True
TPDB_Y2024_filtered_VBS/SV-COMP_Termination_Category/KroeningSharyginaTsitovichWintersteiger-CAV2010-Ex_true-termination.c,YES,0.15,YES,0.14,YES,0.11,True
TPDB_Y2024_filtered_VBS/SV-COMP_Termination_Category/ChawdharyCookGulwaniSagivYang-ESOP2008-random1d_true-termination.c,Maybe,6.21,Maybe,6.23,Maybe,6.22,True
TPDB_Y2024_filtered_VBS/SV-COMP_Termination_Category/ChenFlurMukhopadhyay-SAS2012-Ex2.01_true-termination.c,Maybe,0.62,Maybe,0.61,Maybe,0.62,True
TPDB_Y2024_filtered_VBS/SV-COMP_Termination_Category/HeizmannHoenickeLeikePodelski-ATVA2013-Fig7_true-termination.c,Maybe,0.25,Maybe,0.25,Maybe,0.26,True
TPDB_Y2024_filtered_VBS/SV-COMP_Termination_Category/CookSeeZuleger-TACAS2013-Fig7b_true-termination.c,YES,0.27,YES,0.38,YES,0.38,True
TPDB_Y2024_filtered_VBS/SV-COMP_Termination_Category/svcomp_cstrcmp_true-termination.c,Maybe,0.35,Maybe,0.25,Maybe,0.26,True
TPDB_Y2024_filtered_VBS/SV-COMP_Termination_Category/Toulouse-MultiBranchesToLoop_true-termination.c,Maybe,0.31,Maybe,0.23,Maybe,0.22,True
TPDB_Y2024_filtered_VBS/SV-COMP_Termination_Category/AliasDarteFeautrierGonnord-SAS2010-speedpldi3_true-termination.c,YES,0.24,YES,0.24,YES,0.24,True
TPDB_Y2024_filtered_VBS/SV-COMP_Termination_Category/ChawdharyCookGulwaniSagivYang-ESOP2008-aaron12_true-termination.c,Maybe,0.76,Maybe,0.53,Maybe,0.75,True
TPDB_Y2024_filtered_VBS/SV-COMP_Termination_Category/AliasDarteFeautrierGonnord-SAS2010-while2_true-termination.c,YES,0.32,YES,0.33,YES,0.24,True
TPDB_Y2024_filtered_VBS/SV-COMP_Termination_Category/AliasDarteFeautrierGonnord-SAS2010-Fig1_true-termination.c,Maybe,5.07,Maybe,4.53,Maybe,4.56,True
TPDB_Y2024_filtered_VBS/SV-COMP_Termination_Category/ChenFlurMukhopadhyay-SAS2012-Ex2.20_true-termination.c,YES,0.2,YES,0.28,YES,0.28,True
TPDB_Y2024_filtered_VBS/SV-COMP_Termination_Category/AliasDarteFeautrierGonnord-SAS2010-Fig2b_true-termination.c,Maybe,0.51,Maybe,0.36,Maybe,0.36,True
TPDB_Y2024_filtered_VBS/SV-COMP_Termination_Category/svcomp_cstrncmp_true-termination.c,YES,0.54,YES,0.54,YES,0.38,True
TPDB_Y2024_filtered_VBS/SV-COMP_Termination_Category/AliasDarteFeautrierGonnord-SAS2010-speedpldi2_true-termination.c,YES,0.24,YES,0.18,YES,0.24,True
TPDB_Y2024_filtered_VBS/SV-COMP_Termination_Category/ChenFlurMukhopadhyay-SAS2012-Ex2.05_false-termination.c,Maybe,0.2,Maybe,0.21,Maybe,0.15,True
TPDB_Y2024_filtered_VBS/SV-COMP_Termination_Category/LeikeHeizmann-TACAS2014-Ex9_true-termination.c,YES,0.22,YES,0.22,YES,0.22,True
TPDB_Y2024_filtered_VBS/SV-COMP_Termination_Category/AliasDarteFeautrierGonnord-SAS2010-Fig2a_true-termination.c,YES,0.3,YES,0.31,YES,0.23,True
TPDB_Y2024_filtered_VBS/SV-COMP_Termination_Category/LeikeHeizmann-WST2014-Ex9_true-termination.c,YES,0.14,YES,0.13,YES,0.14,True
TPDB_Y2024_filtered_VBS/SV-COMP_Termination_Category/HeizmannHoenickeLeikePodelski-ATVA2013-Fig8_true-termination.c,YES,0.14,YES,0.14,YES,0.15,True
TPDB_Y2024_filtered_VBS/SV-COMP_Termination_Category/genady_true-termination.c,YES,0.33,YES,0.33,YES,0.32,True
TPDB_Y2024_filtered_VBS/SV-COMP_Termination_Category/ChenFlurMukhopadhyay-SAS2012-Ex2.16_true-termination.c,Maybe,0.77,Maybe,0.78,Maybe,0.77,True
TPDB_Y2024_filtered_VBS/SV-COMP_Termination_Category/UrbanMine-ESOP2014-Fig3_true-termination.c,Maybe,0.53,Maybe,0.53,Maybe,0.53,True
TPDB_Y2024_filtered_VBS/SV-COMP_Termination_Category/LeeJonesBen-Amram-POPL2001-Ex4_true-termination.c,YES,0.41,YES,0.39,YES,0.4,True
TPDB_Y2024_filtered_VBS/SV-COMP_Termination_Category/ChenFlurMukhopadhyay-SAS2012-Ex3.01_true-termination.c,YES,0.21,YES,0.22,YES,0.22,True
TPDB_Y2024_filtered_VBS/SV-COMP_Termination_Category/gcd1_true-termination.c,YES,0.34,YES,0.33,YES,0.34,True
TPDB_Y2024_filtered_VBS/SV-COMP_Termination_Category/LeeJonesBen-Amram-POPL2001-Ex1_true-termination.c,YES,0.38,YES,0.38,YES,0.38,True
TPDB_Y2024_filtered_VBS/SV-COMP_Termination_Category/ChenFlurMukhopadhyay-SAS2012-Ex3.05_true-termination.c,Maybe,0.67,Maybe,0.67,Maybe,0.67,True
TPDB_Y2024_filtered_VBS/SV-COMP_Termination_Category/GulwaniJainKoskinen-PLDI2009-Fig1_true-termination.c,Maybe,1.13,Maybe,1.14,Maybe,0.97,True
TPDB_Y2024_filtered_VBS/SV-COMP_Termination_Category/ChenFlurMukhopadhyay-SAS2012-Ex1.05_true-termination.c,Maybe,0.32,Maybe,0.32,Maybe,0.32,True
TPDB_Y2024_filtered_VBS/SV-COMP_Termination_Category/HarrisLalNoriRajamani-SAS2010-Fig1_true-termination.c,Maybe,0.93,Maybe,0.91,Maybe,0.93,True
TPDB_Y2024_filtered_VBS/SV-COMP_Termination_Category/HarrisLalNoriRajamani-SAS2010-Fig3_true-termination.c,Maybe,0.48,Maybe,0.49,Maybe,0.35,True
TPDB_Y2024_filtered_VBS/SV-COMP_Termination_Category/ChawdharyCookGulwaniSagivYang-ESOP2008-aaron4_true-termination.c,Maybe,0.72,Maybe,0.71,Maybe,0.5,True
TPDB_Y2024_filtered_VBS/SV-COMP_Termination_Category/KroeningSharyginaTsitovichWintersteiger-CAV2010-Fig1_true-termination.c,Maybe,0.2,Maybe,0.21,Maybe,0.16,True
TPDB_Y2024_filtered_VBS/SV-COMP_Termination_Category/AliasDarteFeautrierGonnord-SAS2010-wise_true-termination.c,YES,0.23,YES,0.23,YES,0.23,True
TPDB_Y2024_filtered_VBS/SV-COMP_Termination_Category/AliasDarteFeautrierGonnord-SAS2010-terminate_true-termination.c,YES,0.42,YES,0.41,YES,0.41,True
TPDB_Y2024_filtered_VBS/SV-COMP_Termination_Category/ChenFlurMukhopadhyay-SAS2012-Ex3.09_true-termination.c,Maybe,0.26,Maybe,0.26,Maybe,0.27,True
TPDB_Y2024_filtered_VBS/SV-COMP_Termination_Category/BradleyMannaSipma-ICALP2005-Fig1_true-termination.c,Maybe,0.92,Maybe,0.92,Maybe,0.92,True
TPDB_Y2024_filtered_VBS/SV-COMP_Termination_Category/ChenFlurMukhopadhyay-SAS2012-Ex2.02_false-termination.c,Maybe,0.56,Maybe,0.56,Maybe,0.57,True
TPDB_Y2024_filtered_VBS/SV-COMP_Termination_Category/AliasDarteFeautrierGonnord-SAS2010-nestedLoop_true-termination.c,Maybe,0.81,Maybe,0.81,Maybe,0.8,True
TPDB_Y2024_filtered_VBS/SV-COMP_Termination_Category/ChenFlurMukhopadhyay-SAS2012-Ex3.03_true-termination.c,Maybe,1.39,Maybe,1.51,Maybe,1.39,True
TPDB_Y2024_filtered_VBS/SV-COMP_Termination_Category/svcomp_cstrspn_true-termination.c,Maybe,0.61,Maybe,0.61,Maybe,0.62,True
TPDB_Y2024_filtered_VBS/SV-COMP_Termination_Category/AliasDarteFeautrierGonnord-SAS2010-ndecr_true-termination.c,YES,0.11,YES,0.14,YES,0.13,True
TPDB_Y2024_filtered_VBS/SV-COMP_Termination_Category/ChenFlurMukhopadhyay-SAS2012-Ex1.02_true-termination.c,YES,0.14,YES,0.14,YES,0.15,True
TPDB_Y2024_filtered_VBS/SV-COMP_Termination_Category/HarrisLalNoriRajamani-SAS2010-Fig2_false-termination.c,Maybe,0.95,Maybe,1.36,Maybe,1.36,True
TPDB_Y2024_filtered_VBS/SV-COMP_Termination_Category/AliasDarteFeautrierGonnord-SAS2010-counterex1a_true-termination.c,Maybe,0.54,Maybe,0.54,Maybe,0.54,True
TPDB_Y2024_filtered_VBS/SV-COMP_Termination_Category/ChenFlurMukhopadhyay-SAS2012-Ex2.13_true-termination.c,Maybe,0.7,Maybe,1.01,Maybe,1.01,True
TPDB_Y2024_filtered_VBS/SV-COMP_Termination_Category/aaron2_true-termination.c,Maybe,0.33,Maybe,0.33,Maybe,0.32,True
TPDB_Y2024_filtered_VBS/SV-COMP_Termination_Category/aaron3_true-termination.c,Maybe,0.56,Maybe,0.55,Maybe,0.55,True
TPDB_Y2024_filtered_VBS/SV-COMP_Termination_Category/LeeJonesBen-Amram-POPL2001-Ex3_true-termination.c,YES,0.28,YES,0.27,YES,0.27,True
TPDB_Y2024_filtered_VBS/SV-COMP_Termination_Category/Masse-VMCAI2014-Fig1b_true-termination.c,Maybe,0.24,Maybe,0.23,Maybe,0.23,True
TPDB_Y2024_filtered_VBS/SV-COMP_Termination_Category/ChenFlurMukhopadhyay-SAS2012-Ex2.08_true-termination.c,Maybe,0.63,Maybe,0.63,Maybe,0.63,True
TPDB_Y2024_filtered_VBS/SV-COMP_Termination_Category/ChawdharyCookGulwaniSagivYang-ESOP2008-aaron1_true-termination.c,Maybe,0.44,Maybe,0.45,Maybe,0.45,True
TPDB_Y2024_filtered_VBS/SV-COMP_Termination_Category/joey_false-termination.c,YES,0.19,YES,0.2,YES,0.19,True
TPDB_Y2024_filtered_VBS/SV-COMP_Termination_Category/BradleyMannaSipma-CAV2005-Fig1-modified_false-termination.c,Maybe,0.48,Maybe,0.47,Maybe,0.47,True
TPDB_Y2024_filtered_VBS/SV-COMP_Termination_Category/HeizmannHoenickeLeikePodelski-ATVA2013-Fig2_true-termination.c,Maybe,8.09,Maybe,7.95,Maybe,8.22,True
TPDB_Y2024_filtered_VBS/SV-COMP_Termination_Category/aviad_true-termination.c,YES,0.48,YES,0.48,YES,0.48,True
TPDB_Y2024_filtered_VBS/SV-COMP_Termination_Category/BradleyMannaSipma-CAV2005-Fig1_true-termination.c,YES,0.24,YES,0.25,YES,0.24,True
TPDB_Y2024_filtered_VBS/SV-COMP_Termination_Category/TelAviv-Amir-Minimum_true-termination.c,Maybe,2.46,Maybe,2.81,Maybe,2.92,True
TPDB_Y2024_filtered_VBS/SV-COMP_Termination_Category/ChenFlurMukhopadhyay-SAS2012-Ex1.03_true-termination.c,Maybe,0.28,Maybe,0.28,Maybe,0.21,True
TPDB_Y2024_filtered_VBS/SV-COMP_Termination_Category/LeeJonesBen-Amram-POPL2001-Ex5_true-termination.c,YES,0.17,YES,0.17,YES,0.18,True
TPDB_Y2024_filtered_VBS/SV-COMP_Termination_Category/ChenFlurMukhopadhyay-SAS2012-Ex3.08_true-termination.c,Maybe,2.11,Maybe,1.67,Maybe,1.65,True
TPDB_Y2024_filtered_VBS/SV-COMP_Termination_Category/svcomp_cstrcspn_true-termination.c,Maybe,0.45,Maybe,0.61,Maybe,0.45,True
TPDB_Y2024_filtered_VBS/SV-COMP_Termination_Category/LeeJonesBen-Amram-POPL2001-Ex2_true-termination.c,TIMEOUT,300.03,TIMEOUT,300.03,TIMEOUT,300.03,True
TPDB_Y2024_filtered_VBS/SV-COMP_Termination_Category/GopanReps-CAV2006-Fig1a_true-termination.c.c,Maybe,0.59,Maybe,0.58,Maybe,0.59,True
TPDB_Y2024_filtered_VBS/SV-COMP_Termination_Category/HeizmannHoenickeLeikePodelski-ATVA2013-Fig9_true-termination.c,YES,0.11,YES,0.1,YES,0.11,True
TPDB_Y2024_filtered_VBS/SV-COMP_Termination_Category/Toulouse-BranchesToLoop_true-termination.c,Maybe,0.62,Maybe,0.61,Maybe,0.61,True
TPDB_Y2024_filtered_VBS/SV-COMP_Termination_Category/svcomp_cstrpbrk_true-termination.c,Maybe,0.59,Maybe,0.42,Maybe,0.42,True
TPDB_Y2024_filtered_VBS/SV-COMP_Termination_Category/AliasDarteFeautrierGonnord-SAS2010-random1d_true-termination.c,Maybe,6.56,Maybe,6.59,Maybe,6.64,True
TPDB_Y2024_filtered_VBS/SV-COMP_Termination_Category/ChenFlurMukhopadhyay-SAS2012-Ex2.07_true-termination.c,Maybe,0.7,Maybe,0.71,Maybe,0.71,True
TPDB_Y2024_filtered_VBS/SV-COMP_Termination_Category/CookSeeZuleger-TACAS2013-Fig7a_true-termination.c,YES,0.37,YES,0.26,YES,0.27,True
TPDB_Y2024_filtered_VBS/AProVE_numeric/ex3.c,YES,0.19,YES,0.18,YES,0.19,True
TPDB_Y2024_filtered_VBS/AProVE_numeric/svcomp_c.08.c,YES,0.6,YES,0.42,YES,0.61,True
TPDB_Y2024_filtered_VBS/AProVE_numeric/rec_strlen.c,Failed,0.25,Failed,0.24,Failed,0.26,True
TPDB_Y2024_filtered_VBS/AProVE_numeric/rec_counter1.c,YES,0.28,YES,0.2,YES,0.28,True
TPDB_Y2024_filtered_VBS/AProVE_numeric/svcomp_Ackermann01_true-unreach-call_modified_modified.c,YES,0.34,YES,0.33,YES,0.34,True
TPDB_Y2024_filtered_VBS/AProVE_numeric/svcomp_ex3a.c,YES,0.48,YES,0.33,YES,0.47,True
TPDB_Y2024_filtered_VBS/AProVE_numeric/svcomp_b.06.c,YES,0.41,YES,0.4,YES,0.4,True
TPDB_Y2024_filtered_VBS/AProVE_numeric/svcomp_java_Break.c,YES,0.2,YES,0.15,YES,0.16,True
TPDB_Y2024_filtered_VBS/AProVE_numeric/svcomp_b.09_assume.c,YES,0.37,YES,0.37,YES,0.37,True
TPDB_Y2024_filtered_VBS/AProVE_numeric/LogRecursive_true.c,YES,0.33,YES,0.33,YES,0.33,True
TPDB_Y2024_filtered_VBS/AProVE_numeric/svcomp_recHanoi02_true-unreach-call_true-termination_modified.c,YES,0.21,YES,0.21,YES,0.2,True
TPDB_Y2024_filtered_VBS/AProVE_numeric/Avg_true.c,YES,0.28,YES,0.2,YES,0.28,True
TPDB_Y2024_filtered_VBS/AProVE_numeric/rec_counter3.c,Maybe,0.24,Maybe,0.24,Maybe,0.24,True
TPDB_Y2024_filtered_VBS/AProVE_numeric/svcomp_a.07.c,YES,0.57,YES,0.56,YES,0.57,True
TPDB_Y2024_filtered_VBS/AProVE_numeric/svcomp_b.01.c,YES,0.41,YES,0.41,YES,0.41,True
TPDB_Y2024_filtered_VBS/AProVE_numeric/svcomp_twisted.c,Maybe,1.25,Maybe,1.24,Maybe,1.25,True
TPDB_Y2024_filtered_VBS/AProVE_numeric/svcomp_b.02.c,YES,0.47,YES,0.46,YES,0.48,True
TPDB_Y2024_filtered_VBS/AProVE_numeric/svcomp_a.09_assume.c,Maybe,0.53,Maybe,0.37,Maybe,0.53,True
TPDB_Y2024_filtered_VBS/AProVE_numeric/svcomp_b.18.c,YES,0.52,YES,0.52,YES,0.53,True
TPDB_Y2024_filtered_VBS/AProVE_numeric/svcomp_java_LogBuiltIn.c,YES,0.39,YES,0.28,YES,0.4,True
TPDB_Y2024_filtered_VBS/AProVE_numeric/svcomp_ex2.c,Maybe,1.34,Maybe,1.33,Maybe,1.34,True
TPDB_Y2024_filtered_VBS/AProVE_numeric/svcomp_a.05.c,Maybe,5.79,Maybe,5.47,Maybe,5.94,True
TPDB_Y2024_filtered_VBS/AProVE_numeric/svcomp_b.10.c,Maybe,0.72,Maybe,0.49,Maybe,0.72,True
TPDB_Y2024_filtered_VBS/AProVE_numeric/svcomp_b.11.c,YES,0.4,YES,0.28,YES,0.29,True
TPDB_Y2024_filtered_VBS/AProVE_numeric/Et1_true.c,YES,0.18,YES,0.18,YES,0.24,True
TPDB_Y2024_filtered_VBS/AProVE_numeric/TerminatorRec02_true.c,YES,0.23,YES,0.18,YES,0.23,True
TPDB_Y2024_filtered_VBS/AProVE_numeric/svcomp_c.07.c,YES,0.65,YES,0.93,YES,0.94,True
TPDB_Y2024_filtered_VBS/AProVE_numeric/svcomp_a.04.c,YES,0.41,YES,0.41,YES,0.42,True
TPDB_Y2024_filtered_VBS/AProVE_numeric/svcomp_easySum.c,YES,0.29,YES,0.41,YES,0.41,True
TPDB_Y2024_filtered_VBS/AProVE_numeric/svcomp_b.04.c,YES,0.39,YES,0.4,YES,0.4,True
TPDB_Y2024_filtered_VBS/AProVE_numeric/svcomp_b.14.c,YES,0.66,YES,0.94,YES,0.94,True
TPDB_Y2024_filtered_VBS/AProVE_numeric/svcomp_b.09-no-inv_assume.c,Maybe,6.73,Maybe,6.52,Maybe,6.61,True
TPDB_Y2024_filtered_VBS/AProVE_numeric/svcomp_gcd01_true-unreach-call_true-termination_modified.c,YES,0.25,YES,0.25,YES,0.26,True
TPDB_Y2024_filtered_VBS/AProVE_numeric/TwoWay_true.c,YES,0.28,YES,0.2,YES,0.2,True
TPDB_Y2024_filtered_VBS/AProVE_numeric/svcomp_c.02.c,YES,0.55,YES,0.55,YES,0.55,True
TPDB_Y2024_filtered_VBS/AProVE_numeric/svcomp_ex1.c,YES,0.35,YES,0.25,YES,0.25,True
TPDB_Y2024_filtered_VBS/AProVE_numeric/svcomp_java_AG313.c,YES,0.33,YES,0.45,YES,0.45,True
TPDB_Y2024_filtered_VBS/AProVE_numeric/svcomp_a.08.c,YES,0.49,YES,0.34,YES,0.5,True
TPDB_Y2024_filtered_VBS/AProVE_numeric/svcomp_b.07.c,YES,0.36,YES,0.5,YES,0.5,True
TPDB_Y2024_filtered_VBS/AProVE_numeric/svcomp_MultCommutative_true-unreach-call_true-termination_modified.c,TIMEOUT,300.03,TIMEOUT,300.02,TIMEOUT,300.03,True
TPDB_Y2024_filtered_VBS/AProVE_numeric/svcomp_Addition01_true-unreach-call_true-termination_modified.c,YES,0.3,YES,0.3,YES,0.31,True
TPDB_Y2024_filtered_VBS/AProVE_numeric/svcomp_c.01_assume.c,Maybe,0.37,Maybe,0.51,Maybe,0.52,True
TPDB_Y2024_filtered_VBS/AProVE_numeric/svcomp_Fibonacci01_true-unreach-call_modified.c,YES,0.13,YES,0.13,YES,0.14,True
TPDB_Y2024_filtered_VBS/AProVE_numeric/Binomial_true.c,TIMEOUT,300.02,TIMEOUT,300.02,TIMEOUT,300.02,True
TPDB_Y2024_filtered_VBS/AProVE_numeric/Et2_true.c,YES,0.26,YES,0.27,YES,0.27,True
TPDB_Y2024_filtered_VBS/AProVE_numeric/svcomp_fermat.c,YES,87.7,YES,86.6,YES,85.74,True
TPDB_Y2024_filtered_VBS/AProVE_numeric/svcomp_java_Nested.c,YES,0.49,YES,0.68,YES,0.71,True
TPDB_Y2024_filtered_VBS/AProVE_numeric/svcomp_a.10.c,YES,0.25,YES,0.26,YES,0.35,True
TPDB_Y2024_filtered_VBS/AProVE_numeric/svcomp_java_Sequence.c,YES,0.26,YES,0.36,YES,0.36,True
TPDB_Y2024_filtered_VBS/AProVE_numeric/svcomp_b.17.c,YES,0.62,YES,0.44,YES,0.63,True
TPDB_Y2024_filtered_VBS/AProVE_numeric/svcomp_a.06.c,TIMEOUT,300.1,TIMEOUT,300.1,TIMEOUT,300.11,True
TPDB_Y2024_filtered_VBS/AProVE_numeric/svcomp_b.13.c,YES,0.57,YES,0.57,YES,0.58,True
TPDB_Y2024_filtered_VBS/AProVE_numeric/svcomp_b.15.c,YES,0.61,YES,0.6,YES,0.87,True
TPDB_Y2024_filtered_VBS/AProVE_numeric/svcomp_b.03_assume.c,Maybe,0.32,Maybe,0.33,Maybe,0.34,True
TPDB_Y2024_filtered_VBS/AProVE_numeric/Et4_true.c,YES,0.27,YES,0.27,YES,0.37,True
TPDB_Y2024_filtered_VBS/AProVE_numeric/LeUserDefRec_true.c,YES,0.28,YES,0.2,YES,0.2,True
TPDB_Y2024_filtered_VBS/AProVE_numeric/svcomp_EvenOdd01_true-unreach-call_true-termination_modified.c,TIMEOUT,300.03,TIMEOUT,300.03,TIMEOUT,300.03,True
TPDB_Y2024_filtered_VBS/AProVE_numeric/svcomp_ex3b.c,Maybe,0.99,Maybe,1.03,Maybe,0.99,True
TPDB_Y2024_filtered_VBS/AProVE_numeric/svcomp_c.01-no-inv.c,Maybe,0.56,Maybe,0.81,Maybe,0.8,True
TPDB_Y2024_filtered_VBS/AProVE_numeric/svcomp_a.01.c,YES,0.46,YES,0.46,YES,0.66,True
TPDB_Y2024_filtered_VBS/AProVE_numeric/Et3_true.c,YES,0.19,YES,0.26,YES,0.26,True
TPDB_Y2024_filtered_VBS/AProVE_numeric/svcomp_flag.c,YES,0.49,YES,0.5,YES,0.73,True
TPDB_Y2024_filtered_VBS/AProVE_numeric/svcomp_b.03-no-inv_assume.c,Maybe,0.31,Maybe,0.44,Maybe,0.44,True
TPDB_Y2024_filtered_VBS/AProVE_numeric/svcomp_b.05.c,YES,0.23,YES,0.23,YES,0.33,True
TPDB_Y2024_filtered_VBS/AProVE_numeric/svcomp_b.12.c,YES,0.58,YES,0.59,YES,0.58,True
TPDB_Y2024_filtered_VBS/AProVE_numeric/ex2.c,TIMEOUT,300.02,TIMEOUT,300.02,TIMEOUT,300.02,True
TPDB_Y2024_filtered_VBS/AProVE_numeric/Parts_true.c,Maybe,0.92,Maybe,0.94,Maybe,0.9,True
TPDB_Y2024_filtered_VBS/AProVE_numeric/svcomp_c.03.c,YES,0.41,YES,0.61,YES,0.61,True
TPDB_Y2024_filtered_VBS/AProVE_numeric/svcomp_java_Continue1.c,YES,0.27,YES,0.28,YES,0.21,True
TPDB_Y2024_filtered_VBS/AProVE_numeric/svcomp_b.16.c,YES,0.37,YES,0.55,YES,0.39,True
