file,result_lasso,error1,result_general,error2,path
"Benghazi_nondet_true-termination.c",YES,"",MAYBE,"","TPDB_YES/Benghazi_nondet_true-termination.c"
"svcomp_openbsd_cstrpbrk_alloca.c",MAYBE,"",MAYBE,"","TPDB_YES/svcomp_openbsd_cstrpbrk_alloca.c"
"svcomp_strreplace_alloca.c",MAYBE,"",MAYBE,"","TPDB_YES/svcomp_strreplace_alloca.c"
"ChenFlurMukhopadhyay-SAS2012-Ex4.01_true-termination.c",YES,"",TIMEOUT,"Analysis timed out after 120 seconds","TPDB_YES/ChenFlurMukhopadhyay-SAS2012-Ex4.01_true-termination.c"
"ChenFlurMukhopadhyay-SAS2012-Ex2.10_true-termination.c",MAYBE,"",MAYBE,"","TPDB_YES/ChenFlurMukhopadhyay-SAS2012-Ex2.10_true-termination.c"
"AliasDarteFeautrierGonnord-SAS2010-speedpldi4_true-termination.c",MAYBE,"",MAYBE,"","TPDB_YES/AliasDarteFeautrierGonnord-SAS2010-speedpldi4_true-termination.c"
"ex3.c",MAYBE,"",ERROR,"","TPDB_YES/ex3.c"
"CookSeeZuleger-TACAS2013-Fig8b_true-termination.c",MAYBE,"",MAYBE,"","TPDB_YES/CookSeeZuleger-TACAS2013-Fig8b_true-termination.c"
"svcomp_c.08.c",YES,"",YES,"","TPDB_YES/svcomp_c.08.c"
"AliasDarteFeautrierGonnord-SAS2010-counterex1b_true-termination.c",YES,"",YES,"","TPDB_YES/AliasDarteFeautrierGonnord-SAS2010-counterex1b_true-termination.c"
"nondet_ll_traverse_rec.c",MAYBE,"",MAYBE,"","TPDB_YES/nondet_ll_traverse_rec.c"
"NestedRecursion_1d_true-termination.c",MAYBE,"",ERROR,"","TPDB_YES/NestedRecursion_1d_true-termination.c"
"Fibonacci01_true-unreach-call.c",MAYBE,"",ERROR,"","TPDB_YES/Fibonacci01_true-unreach-call.c"
"WhileDecr.c",YES,"",YES,"","TPDB_YES/WhileDecr.c"
"PodelskiRybalchenko-LICS2004-Fig2_true-termination.c",YES,"",YES,"","TPDB_YES/PodelskiRybalchenko-LICS2004-Fig2_true-termination.c"
"svcomp_cstrlen_true-termination.c",MAYBE,"",MAYBE,"","TPDB_YES/svcomp_cstrlen_true-termination.c"
"AliasDarteFeautrierGonnord-SAS2010-rsd_true-termination.c",YES,"",YES,"","TPDB_YES/AliasDarteFeautrierGonnord-SAS2010-rsd_true-termination.c"
"GCD3.c",MAYBE,"",MAYBE,"","TPDB_YES/GCD3.c"
"ChawdharyCookGulwaniSagivYang-ESOP2008-aaron6_true-termination.c",YES,"",YES,"","TPDB_YES/ChawdharyCookGulwaniSagivYang-ESOP2008-aaron6_true-termination.c"
"ChenFlurMukhopadhyay-SAS2012-Ex2.22_true-termination.c",MAYBE,"",MAYBE,"","TPDB_YES/ChenFlurMukhopadhyay-SAS2012-Ex2.22_true-termination.c"
"rec_strlen.c",MAYBE,"",ERROR,"","TPDB_YES/rec_strlen.c"
"Avery-FLOPS2006-Table1_true-termination.c",YES,"",TIMEOUT,"Analysis timed out after 120 seconds","TPDB_YES/Avery-FLOPS2006-Table1_true-termination.c"
"svcomp_LarrazOliverasRodriguez-CarbonellRubio-2013FMCAD-Fig1_true-alloca.c",MAYBE,"",MAYBE,"","TPDB_YES/svcomp_LarrazOliverasRodriguez-CarbonellRubio-2013FMCAD-Fig1_true-alloca.c"
"EvenOdd01_true-unreach-call_true-termination.c",MAYBE,"",ERROR,"","TPDB_YES/EvenOdd01_true-unreach-call_true-termination.c"
"rec_counter1.c",MAYBE,"",MAYBE,"","TPDB_YES/rec_counter1.c"
"svcomp_Ackermann01_true-unreach-call_modified_modified.c",MAYBE,"",ERROR,"","TPDB_YES/svcomp_Ackermann01_true-unreach-call_modified_modified.c"
"svcomp_Urban_true-alloca.c",MAYBE,"",MAYBE,"","TPDB_YES/svcomp_Urban_true-alloca.c"
"desc_ll_search_existing.c",MAYBE,"",MAYBE,"","TPDB_YES/desc_ll_search_existing.c"
"AliasDarteFeautrierGonnord-SAS2010-cousot9_true-termination.c",YES,"",YES,"","TPDB_YES/AliasDarteFeautrierGonnord-SAS2010-cousot9_true-termination.c"
"nondet_ll_traverse.c",MAYBE,"",MAYBE,"","TPDB_YES/nondet_ll_traverse.c"
"svcomp_openbsd_cstrncpy_alloca.c",MAYBE,"",MAYBE,"","TPDB_YES/svcomp_openbsd_cstrncpy_alloca.c"
"nondet_ll_search_zero.c",MAYBE,"",MAYBE,"","TPDB_YES/nondet_ll_search_zero.c"
"PastaB4.c",MAYBE,"",MAYBE,"","TPDB_YES/PastaB4.c"
"PastaB11.c",YES,"",YES,"","TPDB_YES/PastaB11.c"
"LarrazOliverasRodriguez-CarbonellRubio-FMCAD2013-Fig1_true-termination.c",MAYBE,"",MAYBE,"","TPDB_YES/LarrazOliverasRodriguez-CarbonellRubio-FMCAD2013-Fig1_true-termination.c"
"HeizmannHoenickeLeikePodelski-ATVA2013-Fig5_true-termination.c",MAYBE,"",MAYBE,"","TPDB_YES/HeizmannHoenickeLeikePodelski-ATVA2013-Fig5_true-termination.c"
"ChenFlurMukhopadhyay-SAS2012-Ex1.04_true-termination.c",YES,"",YES,"","TPDB_YES/ChenFlurMukhopadhyay-SAS2012-Ex1.04_true-termination.c"
"svcomp_mult_array_alloca.c",MAYBE,"",MAYBE,"","TPDB_YES/svcomp_mult_array_alloca.c"
"svcomp_ex3a.c",NO,"",MAYBE,"","TPDB_YES/svcomp_ex3a.c"
"BrockschmidtCookFuhs-CAV2013-Fig9a_true-termination.c",YES,"",YES,"","TPDB_YES/BrockschmidtCookFuhs-CAV2013-Fig9a_true-termination.c"
"svcomp_c.07-alloca.c",MAYBE,"",MAYBE,"","TPDB_YES/svcomp_c.07-alloca.c"
"svcomp_java_Nested-alloca.c",MAYBE,"",MAYBE,"","TPDB_YES/svcomp_java_Nested-alloca.c"
"svcomp_b.06.c",YES,"",YES,"","TPDB_YES/svcomp_b.06.c"
"Benghazi_true-termination.c",YES,"",YES,"","TPDB_YES/Benghazi_true-termination.c"
"svcomp_aviad_true-alloca.c",MAYBE,"",MAYBE,"","TPDB_YES/svcomp_aviad_true-alloca.c"
"svcomp_cstrncpy_alloca.c",MAYBE,"",MAYBE,"","TPDB_YES/svcomp_cstrncpy_alloca.c"
"LeeJonesBen-Amram-POPL2001-Ex6_true-termination.c",MAYBE,"",ERROR,"","TPDB_YES/LeeJonesBen-Amram-POPL2001-Ex6_true-termination.c"
"PastaB16.c",YES,"",YES,"","TPDB_YES/PastaB16.c"
"Cairo_true-termination.c",YES,"",YES,"","TPDB_YES/Cairo_true-termination.c"
"svcomp_java_Break.c",YES,"",YES,"","TPDB_YES/svcomp_java_Break.c"
"svcomp_b.09_assume.c",YES,"",YES,"","TPDB_YES/svcomp_b.09_assume.c"
"MinusUserDefined.c",YES,"",MAYBE,"","TPDB_YES/MinusUserDefined.c"
"HeizmannHoenickeLeikePodelski-ATVA2013-Fig6_true-termination.c",YES,"",YES,"","TPDB_YES/HeizmannHoenickeLeikePodelski-ATVA2013-Fig6_true-termination.c"
"svcomp_a.07-alloca.c",MAYBE,"",MAYBE,"","TPDB_YES/svcomp_a.07-alloca.c"
"svcomp_recHanoi02_true-unreach-call_true-termination_modified.c",MAYBE,"",ERROR,"","TPDB_YES/svcomp_recHanoi02_true-unreach-call_true-termination_modified.c"
"PastaA6.c",YES,"",YES,"","TPDB_YES/PastaA6.c"
"Avg_true.c",MAYBE,"",ERROR,"","TPDB_YES/Avg_true.c"
"Et1.c",YES,"",YES,"","TPDB_YES/Et1.c"
"desc_ll_search-ptrdiff_existing.c",MAYBE,"",MAYBE,"","TPDB_YES/desc_ll_search-ptrdiff_existing.c"
"svcomp_strchr_true-termination.c",MAYBE,"",MAYBE,"","TPDB_YES/svcomp_strchr_true-termination.c"
"rec_counter3.c",MAYBE,"",MAYBE,"","TPDB_YES/rec_counter3.c"
"ChenFlurMukhopadhyay-SAS2012-Ex2.18_true-termination.c",YES,"",YES,"","TPDB_YES/ChenFlurMukhopadhyay-SAS2012-Ex2.18_true-termination.c"
"svcomp_a.07.c",YES,"",YES,"","TPDB_YES/svcomp_a.07.c"
"min_rf_true-termination.c",YES,"",YES,"","TPDB_YES/min_rf_true-termination.c"
"CookSeeZuleger-TACAS2013-Fig1_true-termination.c",YES,"",YES,"","TPDB_YES/CookSeeZuleger-TACAS2013-Fig1_true-termination.c"
"svcomp_java_AG313-alloca.c",MAYBE,"",MAYBE,"","TPDB_YES/svcomp_java_AG313-alloca.c"
"PodelskiRybalchenko-TACAS2011-Fig4_true-termination.c",YES,"",YES,"","TPDB_YES/PodelskiRybalchenko-TACAS2011-Fig4_true-termination.c"
"svcomp_b.01.c",YES,"",YES,"","TPDB_YES/svcomp_b.01.c"
"AliasDarteFeautrierGonnord-SAS2010-wcet2_true-termination.c",YES,"",TIMEOUT,"Analysis timed out after 120 seconds","TPDB_YES/AliasDarteFeautrierGonnord-SAS2010-wcet2_true-termination.c"
"ChenFlurMukhopadhyay-SAS2012-Ex2.19_true-termination.c",YES,"",YES,"","TPDB_YES/ChenFlurMukhopadhyay-SAS2012-Ex2.19_true-termination.c"
"svcomp_twisted.c",ERROR,"",ERROR,"","TPDB_YES/svcomp_twisted.c"
"Bangalore_v4_true-termination.c",MAYBE,"",MAYBE,"","TPDB_YES/Bangalore_v4_true-termination.c"
"PodelskiRybalchenko-VMCAI2004-Ex2_true-termination.c",MAYBE,"",MAYBE,"","TPDB_YES/PodelskiRybalchenko-VMCAI2004-Ex2_true-termination.c"
"ChenFlurMukhopadhyay-SAS2012-Ex3.04_true-termination.c",MAYBE,"",MAYBE,"","TPDB_YES/ChenFlurMukhopadhyay-SAS2012-Ex3.04_true-termination.c"
"PodelskiRybalchenko-VMCAI2004-Ex1_true-termination.c",YES,"",YES,"","TPDB_YES/PodelskiRybalchenko-VMCAI2004-Ex1_true-termination.c"
"svcomp_b.02.c",YES,"",YES,"","TPDB_YES/svcomp_b.02.c"
"svcomp_openbsd_cstpncpy_alloca.c",MAYBE,"",MAYBE,"","TPDB_YES/svcomp_openbsd_cstpncpy_alloca.c"
"AliasDarteFeautrierGonnord-SAS2010-complex_true-termination.c",TIMEOUT,"Analysis timed out after 120 seconds",MAYBE,"","TPDB_YES/AliasDarteFeautrierGonnord-SAS2010-complex_true-termination.c"
"AliasDarteFeautrierGonnord-SAS2010-loops_true-termination.c",YES,"",YES,"","TPDB_YES/AliasDarteFeautrierGonnord-SAS2010-loops_true-termination.c"
"KroeningSharyginaTsitovichWintersteiger-CAV2010-Ex_true-termination.c",YES,"",YES,"","TPDB_YES/KroeningSharyginaTsitovichWintersteiger-CAV2010-Ex_true-termination.c"
"kbfiltr_simpl1_true-unreach-call_true-termination.cil.c",YES,"",YES,"","TPDB_YES/kbfiltr_simpl1_true-unreach-call_true-termination.cil.c"
"Singapore_true-termination.c",YES,"",YES,"","TPDB_YES/Singapore_true-termination.c"
"CookSeeZuleger-TACAS2013-Fig8a_true-termination.c",YES,"",YES,"","TPDB_YES/CookSeeZuleger-TACAS2013-Fig8a_true-termination.c"
"ChawdharyCookGulwaniSagivYang-ESOP2008-random1d_true-termination.c",YES,"",YES,"","TPDB_YES/ChawdharyCookGulwaniSagivYang-ESOP2008-random1d_true-termination.c"
"ChenFlurMukhopadhyay-SAS2012-Ex2.01_true-termination.c",MAYBE,"",MAYBE,"","TPDB_YES/ChenFlurMukhopadhyay-SAS2012-Ex2.01_true-termination.c"
"PastaB1.c",YES,"",YES,"","TPDB_YES/PastaB1.c"
"svcomp_CookSeeZuleger-2013TACAS-Fig7a_true-alloca.c",MAYBE,"",MAYBE,"","TPDB_YES/svcomp_CookSeeZuleger-2013TACAS-Fig7a_true-alloca.c"
"svcomp_BrockschmidtCookFuhs-2013CAV-Fig1_true-alloca.c",MAYBE,"",MAYBE,"","TPDB_YES/svcomp_BrockschmidtCookFuhs-2013CAV-Fig1_true-alloca.c"
"svcomp_a.09_assume.c",MAYBE,"",MAYBE,"","TPDB_YES/svcomp_a.09_assume.c"
"svcomp_subseq_alloca.c",MAYBE,"",MAYBE,"","TPDB_YES/svcomp_subseq_alloca.c"
"svcomp_b.16-alloca.c",MAYBE,"",MAYBE,"","TPDB_YES/svcomp_b.16-alloca.c"
"svcomp_b.06-alloca.c",MAYBE,"",MAYBE,"","TPDB_YES/svcomp_b.06-alloca.c"
"HeizmannHoenickeLeikePodelski-ATVA2013-Fig7_true-termination.c",MAYBE,"",MAYBE,"","TPDB_YES/HeizmannHoenickeLeikePodelski-ATVA2013-Fig7_true-termination.c"
"svcomp_genady_true-alloca.c",MAYBE,"",MAYBE,"","TPDB_YES/svcomp_genady_true-alloca.c"
"svcomp_KroeningSharyginaTsitovichWintersteiger-2010CAV-Fig1_true-alloca.c",MAYBE,"",MAYBE,"","TPDB_YES/svcomp_KroeningSharyginaTsitovichWintersteiger-2010CAV-Fig1_true-alloca.c"
"PastaA8.c",YES,"",MAYBE,"","TPDB_YES/PastaA8.c"
"LeikeHeizmann-TACAS2014-Fig1_true-termination.c",YES,"",YES,"","TPDB_YES/LeikeHeizmann-TACAS2014-Fig1_true-termination.c"
"PastaC1.c",YES,"",YES,"","TPDB_YES/PastaC1.c"
"fibo_5_false-unreach-call.c",MAYBE,"",ERROR,"","TPDB_YES/fibo_5_false-unreach-call.c"
"Urban-WST2013-Fig2_true-termination.c",YES,"",YES,"","TPDB_YES/Urban-WST2013-Fig2_true-termination.c"
"svcomp_NoriSharma-2013FSE-Fig7_true-alloca.c",MAYBE,"",MAYBE,"","TPDB_YES/svcomp_NoriSharma-2013FSE-Fig7_true-alloca.c"
"PastaA1.c",YES,"",YES,"","TPDB_YES/PastaA1.c"
"svcomp_array02_alloca.c",MAYBE,"",MAYBE,"","TPDB_YES/svcomp_array02_alloca.c"
"easy1_true-termination.c",YES,"",YES,"","TPDB_YES/easy1_true-termination.c"
"AliasDarteFeautrierGonnord-SAS2010-random2d_true-termination.c",YES,"",YES,"","TPDB_YES/AliasDarteFeautrierGonnord-SAS2010-random2d_true-termination.c"
"Nested.c",YES,"",YES,"","TPDB_YES/Nested.c"
"svcomp_a.04-alloca.c",MAYBE,"",MAYBE,"","TPDB_YES/svcomp_a.04-alloca.c"
"svcomp_java_Continue1-alloca.c",MAYBE,"",MAYBE,"","TPDB_YES/svcomp_java_Continue1-alloca.c"
"McCarthy91_false-unreach-call_false-termination.c",MAYBE,"",ERROR,"","TPDB_YES/McCarthy91_false-unreach-call_false-termination.c"
"svcomp_b.18.c",YES,"",YES,"","TPDB_YES/svcomp_b.18.c"
"svcomp_java_LogBuiltIn.c",YES,"",MAYBE,"","TPDB_YES/svcomp_java_LogBuiltIn.c"
"svcomp_c.08-alloca.c",MAYBE,"",MAYBE,"","TPDB_YES/svcomp_c.08-alloca.c"
"email_spec0_product05_true-unreach-call.cil.c",ERROR,"",ERROR,"","TPDB_YES/email_spec0_product05_true-unreach-call.cil.c"
"svcomp_NoriSharma-2013FSE-Fig8_true-alloca.c",MAYBE,"",MAYBE,"","TPDB_YES/svcomp_NoriSharma-2013FSE-Fig8_true-alloca.c"
"svcomp_b.18-alloca.c",MAYBE,"",MAYBE,"","TPDB_YES/svcomp_b.18-alloca.c"
"CookSeeZuleger-TACAS2013-Fig7b_true-termination.c",YES,"",YES,"","TPDB_YES/CookSeeZuleger-TACAS2013-Fig7b_true-termination.c"
"svcomp_b.13-alloca.c",MAYBE,"",MAYBE,"","TPDB_YES/svcomp_b.13-alloca.c"
"svcomp_cstrchr_true_alloca.c",MAYBE,"",MAYBE,"","TPDB_YES/svcomp_cstrchr_true_alloca.c"
"HeizmannHoenickeLeikePodelski-ATVA2013-Fig1_true-termination.c",YES,"",YES,"","TPDB_YES/HeizmannHoenickeLeikePodelski-ATVA2013-Fig1_true-termination.c"
"svcomp_cstrncmp_true_alloca.c",MAYBE,"",MAYBE,"","TPDB_YES/svcomp_cstrncmp_true_alloca.c"
"standard_compare_true-unreach-call_ground.c",TIMEOUT,"Analysis timed out after 120 seconds",TIMEOUT,"Analysis timed out after 120 seconds","TPDB_YES/standard_compare_true-unreach-call_ground.c"
"svcomp_b.05-alloca.c",MAYBE,"",MAYBE,"","TPDB_YES/svcomp_b.05-alloca.c"
"svcomp_cstrcmp_true-termination.c",MAYBE,"",MAYBE,"","TPDB_YES/svcomp_cstrcmp_true-termination.c"
"svcomp_cstrpbrk_true_alloca.c",MAYBE,"",MAYBE,"","TPDB_YES/svcomp_cstrpbrk_true_alloca.c"
"Toulouse-MultiBranchesToLoop_true-termination.c",YES,"",TIMEOUT,"Analysis timed out after 120 seconds","TPDB_YES/Toulouse-MultiBranchesToLoop_true-termination.c"
"Pure3Phase_true-termination.c",MAYBE,"",MAYBE,"","TPDB_YES/Pure3Phase_true-termination.c"
"AliasDarteFeautrierGonnord-SAS2010-speedpldi3_true-termination.c",YES,"",YES,"","TPDB_YES/AliasDarteFeautrierGonnord-SAS2010-speedpldi3_true-termination.c"
"svcomp_openbsd_cstrlcpy_alloca.c",MAYBE,"",MAYBE,"","TPDB_YES/svcomp_openbsd_cstrlcpy_alloca.c"
"Pure2Phase_true-termination.c",YES,"",YES,"","TPDB_YES/Pure2Phase_true-termination.c"
"McCarthy91_Recursion_true-termination.c",MAYBE,"",ERROR,"","TPDB_YES/McCarthy91_Recursion_true-termination.c"
"svcomp_ex2.c",MAYBE,"",MAYBE,"","TPDB_YES/svcomp_ex2.c"
"ChawdharyCookGulwaniSagivYang-ESOP2008-aaron12_true-termination.c",NO,"",MAYBE,"","TPDB_YES/ChawdharyCookGulwaniSagivYang-ESOP2008-aaron12_true-termination.c"
"svcomp_cstrcpy_alloca.c",MAYBE,"",MAYBE,"","TPDB_YES/svcomp_cstrcpy_alloca.c"
"PastaB7.c",YES,"",YES,"","TPDB_YES/PastaB7.c"
"svcomp_array03_alloca.c",MAYBE,"",MAYBE,"","TPDB_YES/svcomp_array03_alloca.c"
"svcomp_a.05.c",YES,"",YES,"","TPDB_YES/svcomp_a.05.c"
"svcomp_java_LogBuiltIn-alloca.c",MAYBE,"",MAYBE,"","TPDB_YES/svcomp_java_LogBuiltIn-alloca.c"
"desc_ll_search_mod.c",MAYBE,"",MAYBE,"","TPDB_YES/desc_ll_search_mod.c"
"svcomp_b.10.c",YES,"",YES,"","TPDB_YES/svcomp_b.10.c"
"svcomp_Toulouse-MultiBranchesToLoop_true-alloca.c",MAYBE,"",MAYBE,"","TPDB_YES/svcomp_Toulouse-MultiBranchesToLoop_true-alloca.c"
"AliasDarteFeautrierGonnord-SAS2010-while2_true-termination.c",YES,"",YES,"","TPDB_YES/AliasDarteFeautrierGonnord-SAS2010-while2_true-termination.c"
"AliasDarteFeautrierGonnord-SAS2010-Fig1_true-termination.c",YES,"",YES,"","TPDB_YES/AliasDarteFeautrierGonnord-SAS2010-Fig1_true-termination.c"
"ChenFlurMukhopadhyay-SAS2012-Ex2.20_true-termination.c",YES,"",YES,"","TPDB_YES/ChenFlurMukhopadhyay-SAS2012-Ex2.20_true-termination.c"
"svcomp_b.11.c",YES,"",YES,"","TPDB_YES/svcomp_b.11.c"
"desc_ll_with_offset_search.c",MAYBE,"",MAYBE,"","TPDB_YES/desc_ll_with_offset_search.c"
"svcomp_ex1-alloca.c",MAYBE,"",MAYBE,"","TPDB_YES/svcomp_ex1-alloca.c"
"Ackermann_true-termination.c",MAYBE,"",ERROR,"","TPDB_YES/Ackermann_true-termination.c"
"HeizmannHoenickeLeikePodelski-ATVA2013-Fig4_true-termination.c",YES,"",YES,"","TPDB_YES/HeizmannHoenickeLeikePodelski-ATVA2013-Fig4_true-termination.c"
"Lobnya-Boolean-Reordered_true-termination.c",MAYBE,"",MAYBE,"","TPDB_YES/Lobnya-Boolean-Reordered_true-termination.c"
"AliasDarteFeautrierGonnord-SAS2010-Fig2b_true-termination.c",MAYBE,"",TIMEOUT,"Analysis timed out after 120 seconds","TPDB_YES/AliasDarteFeautrierGonnord-SAS2010-Fig2b_true-termination.c"
"svcomp_GulwaniJainKoskinen-2009PLDI-Fig1_true-alloca.c",MAYBE,"",MAYBE,"","TPDB_YES/svcomp_GulwaniJainKoskinen-2009PLDI-Fig1_true-alloca.c"
"NestedRecursion_1b_true-termination.c",MAYBE,"",ERROR,"","TPDB_YES/NestedRecursion_1b_true-termination.c"
"svcomp_cstrncmp_true-termination.c",MAYBE,"",MAYBE,"","TPDB_YES/svcomp_cstrncmp_true-termination.c"
"svcomp_ex3b-alloca.c",MAYBE,"",MAYBE,"","TPDB_YES/svcomp_ex3b-alloca.c"
"svcomp_java_Sequence-alloca.c",MAYBE,"",MAYBE,"","TPDB_YES/svcomp_java_Sequence-alloca.c"
"ChenFlurMukhopadhyay-SAS2012-Ex1.01_true-termination.c",MAYBE,"",MAYBE,"","TPDB_YES/ChenFlurMukhopadhyay-SAS2012-Ex1.01_true-termination.c"
"ChenFlurMukhopadhyay-SAS2012-Ex3.07_true-termination.c",YES,"",YES,"","TPDB_YES/ChenFlurMukhopadhyay-SAS2012-Ex3.07_true-termination.c"
"svcomp_openbsd_cstrcpy_alloca.c",MAYBE,"",MAYBE,"","TPDB_YES/svcomp_openbsd_cstrcpy_alloca.c"
"svcomp_substring_alloca.c",MAYBE,"",MAYBE,"","TPDB_YES/svcomp_substring_alloca.c"
"GulavaniGulwani-CAV2008-Fig1a_true-termination.c",YES,"",MAYBE,"","TPDB_YES/GulavaniGulwani-CAV2008-Fig1a_true-termination.c"
"ChenFlurMukhopadhyay-SAS2012-Fig1_true-termination.c",YES,"",YES,"","TPDB_YES/ChenFlurMukhopadhyay-SAS2012-Fig1_true-termination.c"
"svcomp_a.08-alloca.c",MAYBE,"",MAYBE,"","TPDB_YES/svcomp_a.08-alloca.c"
"Et1_true.c",MAYBE,"",ERROR,"","TPDB_YES/Et1_true.c"
"Waldkirch_true-termination.c",YES,"",YES,"","TPDB_YES/Waldkirch_true-termination.c"
"AliasDarteFeautrierGonnord-SAS2010-speedpldi2_true-termination.c",MAYBE,"",MAYBE,"","TPDB_YES/AliasDarteFeautrierGonnord-SAS2010-speedpldi2_true-termination.c"
"TerminatorRec02_true.c",MAYBE,"",ERROR,"","TPDB_YES/TerminatorRec02_true.c"
"LeikeHeizmann-TACAS2014-Ex9_true-termination.c",YES,"",YES,"","TPDB_YES/LeikeHeizmann-TACAS2014-Ex9_true-termination.c"
"nondet_ll_traverse-ptrdiff.c",MAYBE,"",MAYBE,"","TPDB_YES/nondet_ll_traverse-ptrdiff.c"
"svcomp_CookSeeZuleger-2013TACAS-Fig3_true-alloca.c",MAYBE,"",MAYBE,"","TPDB_YES/svcomp_CookSeeZuleger-2013TACAS-Fig3_true-alloca.c"
"AliasDarteFeautrierGonnord-SAS2010-Fig2a_true-termination.c",YES,"",YES,"","TPDB_YES/AliasDarteFeautrierGonnord-SAS2010-Fig2a_true-termination.c"
"svcomp_b.07-alloca.c",MAYBE,"",MAYBE,"","TPDB_YES/svcomp_b.07-alloca.c"
"PastaB6.c",YES,"",YES,"","TPDB_YES/PastaB6.c"
"svcomp_insertionsort_alloca.c",MAYBE,"",MAYBE,"","TPDB_YES/svcomp_insertionsort_alloca.c"
"Addition01_true-unreach-call_true-termination.c",MAYBE,"",ERROR,"","TPDB_YES/Addition01_true-unreach-call_true-termination.c"
"DivMinus2.c",YES,"",YES,"","TPDB_YES/DivMinus2.c"
"LeikeHeizmann-WST2014-Ex9_true-termination.c",MAYBE,"",MAYBE,"","TPDB_YES/LeikeHeizmann-WST2014-Ex9_true-termination.c"
"PastaB2.c",YES,"",YES,"","TPDB_YES/PastaB2.c"
"PastaB3.c",MAYBE,"",MAYBE,"","TPDB_YES/PastaB3.c"
"HeizmannHoenickeLeikePodelski-ATVA2013-Fig8_true-termination.c",MAYBE,"",MAYBE,"","TPDB_YES/HeizmannHoenickeLeikePodelski-ATVA2013-Fig8_true-termination.c"
"PastaA4.c",YES,"",YES,"","TPDB_YES/PastaA4.c"
"svcomp_BrockschmidtCookFuhs-2013CAV-Introduction_true-alloca.c",MAYBE,"",MAYBE,"","TPDB_YES/svcomp_BrockschmidtCookFuhs-2013CAV-Introduction_true-alloca.c"
"svcomp_stroeder2_alloca.c",MAYBE,"",MAYBE,"","TPDB_YES/svcomp_stroeder2_alloca.c"
"genady_true-termination.c",YES,"",YES,"","TPDB_YES/genady_true-termination.c"
"Thun_true-termination.c",YES,"",YES,"","TPDB_YES/Thun_true-termination.c"
"svcomp_cstrcspn_true_alloca.c",MAYBE,"",MAYBE,"","TPDB_YES/svcomp_cstrcspn_true_alloca.c"
"svcomp_openbsd_cbzero_alloca.c",MAYBE,"",MAYBE,"","TPDB_YES/svcomp_openbsd_cbzero_alloca.c"
"svcomp_Urban-2013WST-Fig2_true-alloca.c",MAYBE,"",MAYBE,"","TPDB_YES/svcomp_Urban-2013WST-Fig2_true-alloca.c"
"SyntaxSupportPointer01_true-termination.c",MAYBE,"",MAYBE,"","TPDB_YES/SyntaxSupportPointer01_true-termination.c"
"ChenFlurMukhopadhyay-SAS2012-Ex2.16_true-termination.c",MAYBE,"",MAYBE,"","TPDB_YES/ChenFlurMukhopadhyay-SAS2012-Ex2.16_true-termination.c"
"RecursiveMultiplication_true-termination.c",MAYBE,"",ERROR,"","TPDB_YES/RecursiveMultiplication_true-termination.c"
"svcomp_Avery-2006FLOPS-Tabel1_true-alloca.c",MAYBE,"",MAYBE,"","TPDB_YES/svcomp_Avery-2006FLOPS-Tabel1_true-alloca.c"
"PastaC2.c",YES,"",YES,"","TPDB_YES/PastaC2.c"
"svcomp_b.04-alloca.c",MAYBE,"",MAYBE,"","TPDB_YES/svcomp_b.04-alloca.c"
"svcomp_c.07.c",YES,"",YES,"","TPDB_YES/svcomp_c.07.c"
"UrbanMine-ESOP2014-Fig3_true-termination.c",YES,"",YES,"","TPDB_YES/UrbanMine-ESOP2014-Fig3_true-termination.c"
"LeeJonesBen-Amram-POPL2001-Ex4_true-termination.c",MAYBE,"",ERROR,"","TPDB_YES/LeeJonesBen-Amram-POPL2001-Ex4_true-termination.c"
"svcomp_a.04.c",YES,"",YES,"","TPDB_YES/svcomp_a.04.c"
"svcomp_easySum.c",YES,"",YES,"","TPDB_YES/svcomp_easySum.c"
"ChenFlurMukhopadhyay-SAS2012-Ex3.01_true-termination.c",MAYBE,"",MAYBE,"","TPDB_YES/ChenFlurMukhopadhyay-SAS2012-Ex3.01_true-termination.c"
"svcomp_b.04.c",MAYBE,"",MAYBE,"","TPDB_YES/svcomp_b.04.c"
"GulavaniGulwani-CAV2008-Fig1c_true-termination.c",YES,"",YES,"","TPDB_YES/GulavaniGulwani-CAV2008-Fig1c_true-termination.c"
"gcd1_true-termination.c",MAYBE,"",MAYBE,"","TPDB_YES/gcd1_true-termination.c"
"sum_2x3_false-unreach-call.c",MAYBE,"",ERROR,"","TPDB_YES/sum_2x3_false-unreach-call.c"
"svcomp_b.09-no-inv_assume-alloca.c",MAYBE,"",MAYBE,"","TPDB_YES/svcomp_b.09-no-inv_assume-alloca.c"
"standard_copy7_true-unreach-call_ground.c",TIMEOUT,"Analysis timed out after 120 seconds",TIMEOUT,"Analysis timed out after 120 seconds","TPDB_YES/standard_copy7_true-unreach-call_ground.c"
"svcomp_a.06-alloca.c",MAYBE,"",MAYBE,"","TPDB_YES/svcomp_a.06-alloca.c"
"LeeJonesBen-Amram-POPL2001-Ex1_true-termination.c",MAYBE,"",ERROR,"","TPDB_YES/LeeJonesBen-Amram-POPL2001-Ex1_true-termination.c"
"NoriSharma-FSE2013-Fig7_true-termination.c",YES,"",MAYBE,"","TPDB_YES/NoriSharma-FSE2013-Fig7_true-termination.c"
"svcomp_b.03-no-inv_assume-alloca.c",MAYBE,"",MAYBE,"","TPDB_YES/svcomp_b.03-no-inv_assume-alloca.c"
"svcomp_cstrlen_true_alloca.c",MAYBE,"",MAYBE,"","TPDB_YES/svcomp_cstrlen_true_alloca.c"
"ChenFlurMukhopadhyay-SAS2012-Ex3.05_true-termination.c",MAYBE,"",YES,"","TPDB_YES/ChenFlurMukhopadhyay-SAS2012-Ex3.05_true-termination.c"
"ColonSipma-TACAS2001-Fig1_true-termination.c",YES,"",YES,"","TPDB_YES/ColonSipma-TACAS2001-Fig1_true-termination.c"
"svcomp_openbsd_cstrlen_alloca.c",MAYBE,"",MAYBE,"","TPDB_YES/svcomp_openbsd_cstrlen_alloca.c"
"GulwaniJainKoskinen-PLDI2009-Fig1_true-termination.c",YES,"",YES,"","TPDB_YES/GulwaniJainKoskinen-PLDI2009-Fig1_true-termination.c"
"svcomp_b.14-alloca.c",MAYBE,"",MAYBE,"","TPDB_YES/svcomp_b.14-alloca.c"
"ChenFlurMukhopadhyay-SAS2012-Ex1.05_true-termination.c",MAYBE,"",MAYBE,"","TPDB_YES/ChenFlurMukhopadhyay-SAS2012-Ex1.05_true-termination.c"
"HarrisLalNoriRajamani-SAS2010-Fig1_true-termination.c",YES,"",YES,"","TPDB_YES/HarrisLalNoriRajamani-SAS2010-Fig1_true-termination.c"
"960521-1_1_true-valid-memsafety.c",MAYBE,"",MAYBE,"","TPDB_YES/960521-1_1_true-valid-memsafety.c"
"svcomp_openbsd_cstrstr_alloca.c",MAYBE,"",MAYBE,"","TPDB_YES/svcomp_openbsd_cstrstr_alloca.c"
"Masse-VMCAI2014-Ex6_true-termination.c",MAYBE,"",MAYBE,"","TPDB_YES/Masse-VMCAI2014-Ex6_true-termination.c"
"BrockschmidtCookFuhs-CAV2013-Introduction_true-termination.c",YES,"",YES,"","TPDB_YES/BrockschmidtCookFuhs-CAV2013-Introduction_true-termination.c"
"svcomp_b.14.c",YES,"",YES,"","TPDB_YES/svcomp_b.14.c"
"svcomp_b.02-alloca.c",MAYBE,"",MAYBE,"","TPDB_YES/svcomp_b.02-alloca.c"
"svcomp_b.09-no-inv_assume.c",YES,"",YES,"","TPDB_YES/svcomp_b.09-no-inv_assume.c"
"MutualRecursion_1b_true-termination.c",MAYBE,"",ERROR,"","TPDB_YES/MutualRecursion_1b_true-termination.c"
"nondet_ll_skip.c",MAYBE,"",MAYBE,"","TPDB_YES/nondet_ll_skip.c"
"svcomp_ex3a-alloca.c",MAYBE,"",MAYBE,"","TPDB_YES/svcomp_ex3a-alloca.c"
"HarrisLalNoriRajamani-SAS2010-Fig3_true-termination.c",YES,"",YES,"","TPDB_YES/HarrisLalNoriRajamani-SAS2010-Fig3_true-termination.c"
"afterrec_2calls_false-unreach-call.c",MAYBE,"",ERROR,"","TPDB_YES/afterrec_2calls_false-unreach-call.c"
"svcomp_gcd01_true-unreach-call_true-termination_modified.c",MAYBE,"",ERROR,"","TPDB_YES/svcomp_gcd01_true-unreach-call_true-termination_modified.c"
"TwoWay_true.c",MAYBE,"",ERROR,"","TPDB_YES/TwoWay_true.c"
"data_structures_set_multi_proc_false-unreach-call_ground.c",ERROR,"",ERROR,"","TPDB_YES/data_structures_set_multi_proc_false-unreach-call_ground.c"
"ChawdharyCookGulwaniSagivYang-ESOP2008-aaron4_true-termination.c",MAYBE,"",YES,"","TPDB_YES/ChawdharyCookGulwaniSagivYang-ESOP2008-aaron4_true-termination.c"
"svcomp_c.01-no-inv-alloca.c",MAYBE,"",MAYBE,"","TPDB_YES/svcomp_c.01-no-inv-alloca.c"
"Sequence.c",MAYBE,"",MAYBE,"","TPDB_YES/Sequence.c"
"asc_ll_search_last.c",MAYBE,"",MAYBE,"","TPDB_YES/asc_ll_search_last.c"
"svcomp_c.02.c",YES,"",YES,"","TPDB_YES/svcomp_c.02.c"
"GCD4.c",MAYBE,"",MAYBE,"","TPDB_YES/GCD4.c"
"KroeningSharyginaTsitovichWintersteiger-CAV2010-Fig1_true-termination.c",MAYBE,"",MAYBE,"","TPDB_YES/KroeningSharyginaTsitovichWintersteiger-CAV2010-Fig1_true-termination.c"
"svcomp_ex1.c",YES,"",YES,"","TPDB_YES/svcomp_ex1.c"
"Copenhagen_disj_true-termination.c",YES,"",MAYBE,"","TPDB_YES/Copenhagen_disj_true-termination.c"
"svcomp_java_AG313.c",MAYBE,"",MAYBE,"","TPDB_YES/svcomp_java_AG313.c"
"AliasDarteFeautrierGonnord-SAS2010-wise_true-termination.c",YES,"",YES,"","TPDB_YES/AliasDarteFeautrierGonnord-SAS2010-wise_true-termination.c"
"AliasDarteFeautrierGonnord-SAS2010-terminate_true-termination.c",YES,"",YES,"","TPDB_YES/AliasDarteFeautrierGonnord-SAS2010-terminate_true-termination.c"
"GulavaniGulwani-CAV2008-Fig1b_true-termination.c",YES,"",MAYBE,"","TPDB_YES/GulavaniGulwani-CAV2008-Fig1b_true-termination.c"
"ChenFlurMukhopadhyay-SAS2012-Ex3.09_true-termination.c",MAYBE,"",MAYBE,"","TPDB_YES/ChenFlurMukhopadhyay-SAS2012-Ex3.09_true-termination.c"
"PastaC3.c",YES,"",YES,"","TPDB_YES/PastaC3.c"
"BradleyMannaSipma-ICALP2005-Fig1_true-termination.c",YES,"",YES,"","TPDB_YES/BradleyMannaSipma-ICALP2005-Fig1_true-termination.c"
"Gothenburg_v2_true-termination.c",YES,"",YES,"","TPDB_YES/Gothenburg_v2_true-termination.c"
"svcomp_openbsd_cstpcpy_alloca.c",MAYBE,"",MAYBE,"","TPDB_YES/svcomp_openbsd_cstpcpy_alloca.c"
"PodelskiRybalchenko-LICS2004-Fig2-TACAS2011-Fig3_true-termination.c",YES,"",YES,"","TPDB_YES/PodelskiRybalchenko-LICS2004-Fig2-TACAS2011-Fig3_true-termination.c"
"PastaB14.c",YES,"",YES,"","TPDB_YES/PastaB14.c"
"svcomp_a.08.c",YES,"",YES,"","TPDB_YES/svcomp_a.08.c"
"ChenFlurMukhopadhyay-SAS2012-Ex2.21_true-termination.c",YES,"",YES,"","TPDB_YES/ChenFlurMukhopadhyay-SAS2012-Ex2.21_true-termination.c"
"McCarthyIterative.c",YES,"",MAYBE,"","TPDB_YES/McCarthyIterative.c"
"svcomp_b.17-alloca.c",MAYBE,"",MAYBE,"","TPDB_YES/svcomp_b.17-alloca.c"
"nondet_ll_search_last_n.c",MAYBE,"",MAYBE,"","TPDB_YES/nondet_ll_search_last_n.c"
"svcomp_b.07.c",YES,"",YES,"","TPDB_YES/svcomp_b.07.c"
"svcomp_MultCommutative_true-unreach-call_true-termination_modified.c",MAYBE,"",ERROR,"","TPDB_YES/svcomp_MultCommutative_true-unreach-call_true-termination_modified.c"
"AliasDarteFeautrierGonnord-SAS2010-nestedLoop_true-termination.c",YES,"",TIMEOUT,"Analysis timed out after 120 seconds","TPDB_YES/AliasDarteFeautrierGonnord-SAS2010-nestedLoop_true-termination.c"
"PlusSwap.c",YES,"",YES,"","TPDB_YES/PlusSwap.c"
"LeikeHeizmann-TACAS2014-Ex7_true-termination.c",YES,"",YES,"","TPDB_YES/LeikeHeizmann-TACAS2014-Ex7_true-termination.c"
"svcomp_java_BubbleSort_alloca.c",MAYBE,"",MAYBE,"","TPDB_YES/svcomp_java_BubbleSort_alloca.c"
"ChenFlurMukhopadhyay-SAS2012-Ex3.10_true-termination.c",YES,"",YES,"","TPDB_YES/ChenFlurMukhopadhyay-SAS2012-Ex3.10_true-termination.c"
"svcomp_a.09_assume-alloca.c",MAYBE,"",MAYBE,"","TPDB_YES/svcomp_a.09_assume-alloca.c"
"svcomp_CookSeeZuleger-2013TACAS-Fig7b_true-alloca.c",MAYBE,"",MAYBE,"","TPDB_YES/svcomp_CookSeeZuleger-2013TACAS-Fig7b_true-alloca.c"
"PastaB15.c",YES,"",YES,"","TPDB_YES/PastaB15.c"
"PodelskiRybalchenko-LICS2004-Fig1_true-termination.c",YES,"",YES,"","TPDB_YES/PodelskiRybalchenko-LICS2004-Fig1_true-termination.c"
"svcomp_selectionsort_alloca.c",MAYBE,"",MAYBE,"","TPDB_YES/svcomp_selectionsort_alloca.c"
"svcomp_Addition01_true-unreach-call_true-termination_modified.c",MAYBE,"",ERROR,"","TPDB_YES/svcomp_Addition01_true-unreach-call_true-termination_modified.c"
"ChenFlurMukhopadhyay-SAS2012-Ex3.03_true-termination.c",MAYBE,"",MAYBE,"","TPDB_YES/ChenFlurMukhopadhyay-SAS2012-Ex3.03_true-termination.c"
"svcomp_cstrspn_true-termination.c",MAYBE,"",MAYBE,"","TPDB_YES/svcomp_cstrspn_true-termination.c"
"LogAG.c",YES,"",YES,"","TPDB_YES/LogAG.c"
"svcomp_c.01_assume.c",YES,"",YES,"","TPDB_YES/svcomp_c.01_assume.c"
"svcomp_array01_alloca.c",MAYBE,"",MAYBE,"","TPDB_YES/svcomp_array01_alloca.c"
"AliasDarteFeautrierGonnord-SAS2010-ndecr_true-termination.c",YES,"",YES,"","TPDB_YES/AliasDarteFeautrierGonnord-SAS2010-ndecr_true-termination.c"
"Mysore_true-termination.c",YES,"",YES,"","TPDB_YES/Mysore_true-termination.c"
"svcomp_ChenFlurMukhopadhyay-2012SAS-Fig1_true-alloca.c",MAYBE,"",MAYBE,"","TPDB_YES/svcomp_ChenFlurMukhopadhyay-2012SAS-Fig1_true-alloca.c"
"svcomp_twisted-alloca.c",MAYBE,"",MAYBE,"","TPDB_YES/svcomp_twisted-alloca.c"
"svcomp_cstrspn_true_alloca.c",MAYBE,"",MAYBE,"","TPDB_YES/svcomp_cstrspn_true_alloca.c"
"NestedRecursion_1c_true-termination.c",MAYBE,"",ERROR,"","TPDB_YES/NestedRecursion_1c_true-termination.c"
"BrockschmidtCookFuhs-CAV2013-Fig1_true-termination.c",MAYBE,"",MAYBE,"","TPDB_YES/BrockschmidtCookFuhs-CAV2013-Fig1_true-termination.c"
"ChenFlurMukhopadhyay-SAS2012-Ex1.02_true-termination.c",YES,"",YES,"","TPDB_YES/ChenFlurMukhopadhyay-SAS2012-Ex1.02_true-termination.c"
"PodelskiRybalchenko-TACAS2011-Fig1_true-termination.c",YES,"",YES,"","TPDB_YES/PodelskiRybalchenko-TACAS2011-Fig1_true-termination.c"
"svcomp_Fibonacci01_true-unreach-call_modified.c",MAYBE,"",ERROR,"","TPDB_YES/svcomp_Fibonacci01_true-unreach-call_modified.c"
"svcomp_b.01-alloca.c",MAYBE,"",MAYBE,"","TPDB_YES/svcomp_b.01-alloca.c"
"svcomp_cstrcmp_true_alloca.c",MAYBE,"",MAYBE,"","TPDB_YES/svcomp_cstrcmp_true_alloca.c"
"4BitCounterPointer_true-termination.c",MAYBE,"",MAYBE,"","TPDB_YES/4BitCounterPointer_true-termination.c"
"svcomp_b.10-alloca.c",MAYBE,"",MAYBE,"","TPDB_YES/svcomp_b.10-alloca.c"
"AliasDarteFeautrierGonnord-SAS2010-counterex1a_true-termination.c",YES,"",MAYBE,"","TPDB_YES/AliasDarteFeautrierGonnord-SAS2010-counterex1a_true-termination.c"
"Bangalore_true-termination.c",YES,"",YES,"","TPDB_YES/Bangalore_true-termination.c"
"Nyala-2lex_true-termination.c",YES,"",YES,"","TPDB_YES/Nyala-2lex_true-termination.c"
"Binomial_true.c",MAYBE,"",MAYBE,"","TPDB_YES/Binomial_true.c"
"Et2_true.c",MAYBE,"",ERROR,"","TPDB_YES/Et2_true.c"
"MenloPark_true-termination.c",YES,"",YES,"","TPDB_YES/MenloPark_true-termination.c"
"desc_ll_search_last.c",MAYBE,"",MAYBE,"","TPDB_YES/desc_ll_search_last.c"
"Copenhagen_true-termination.c",YES,"",YES,"","TPDB_YES/Copenhagen_true-termination.c"
"2Nested_true-termination.c",YES,"",YES,"","TPDB_YES/2Nested_true-termination.c"
"Log.c",YES,"",YES,"","TPDB_YES/Log.c"
"svcomp_Ben-Amram-2010LMCS-Ex2.3_true-alloca.c",MAYBE,"",MAYBE,"","TPDB_YES/svcomp_Ben-Amram-2010LMCS-Ex2.3_true-alloca.c"
"CookSeeZuleger-TACAS2013-Fig8a-modified_true-termination.c",YES,"",YES,"","TPDB_YES/CookSeeZuleger-TACAS2013-Fig8a-modified_true-termination.c"
"ChenFlurMukhopadhyay-SAS2012-Ex2.13_true-termination.c",MAYBE,"",MAYBE,"","TPDB_YES/ChenFlurMukhopadhyay-SAS2012-Ex2.13_true-termination.c"
"aaron2_true-termination.c",YES,"",YES,"","TPDB_YES/aaron2_true-termination.c"
"IntPath.c",YES,"",YES,"","TPDB_YES/IntPath.c"
"DivMinus.c",MAYBE,"",MAYBE,"","TPDB_YES/DivMinus.c"
"svcomp_openbsd_cmemchr_alloca.c",MAYBE,"",MAYBE,"","TPDB_YES/svcomp_openbsd_cmemchr_alloca.c"
"svcomp_openbsd_cstrncmp_alloca.c",MAYBE,"",MAYBE,"","TPDB_YES/svcomp_openbsd_cstrncmp_alloca.c"
"svcomp_HarrisLalNoriRajamani-2010SAS-Fig3_true-alloca.c",MAYBE,"",MAYBE,"","TPDB_YES/svcomp_HarrisLalNoriRajamani-2010SAS-Fig3_true-alloca.c"
"svcomp_c.03-alloca.c",MAYBE,"",MAYBE,"","TPDB_YES/svcomp_c.03-alloca.c"
"aaron3_true-termination.c",MAYBE,"",MAYBE,"","TPDB_YES/aaron3_true-termination.c"
"svcomp_fermat.c",TIMEOUT,"Analysis timed out after 120 seconds",TIMEOUT,"Analysis timed out after 120 seconds","TPDB_YES/svcomp_fermat.c"
"Arrays01-EquivalentConstantIndices_true-termination.c",MAYBE,"",MAYBE,"","TPDB_YES/Arrays01-EquivalentConstantIndices_true-termination.c"
"Piecewise_true-termination.c",YES,"",YES,"","TPDB_YES/Piecewise_true-termination.c"
"svcomp_java_Nested.c",YES,"",YES,"","TPDB_YES/svcomp_java_Nested.c"
"svcomp_a.10.c",YES,"",YES,"","TPDB_YES/svcomp_a.10.c"
"LeeJonesBen-Amram-POPL2001-Ex3_true-termination.c",MAYBE,"",ERROR,"","TPDB_YES/LeeJonesBen-Amram-POPL2001-Ex3_true-termination.c"
"svcomp_java_Sequence.c",MAYBE,"",MAYBE,"","TPDB_YES/svcomp_java_Sequence.c"
"4NestedWith3Variables_true-termination.c",MAYBE,"",TIMEOUT,"Analysis timed out after 120 seconds","TPDB_YES/4NestedWith3Variables_true-termination.c"
"svcomp_b.17.c",YES,"",YES,"","TPDB_YES/svcomp_b.17.c"
"WhileFalse_true-termination.c",YES,"",YES,"","TPDB_YES/WhileFalse_true-termination.c"
"svcomp_a.01-alloca.c",MAYBE,"",MAYBE,"","TPDB_YES/svcomp_a.01-alloca.c"
"nondet_ll_init.c",MAYBE,"",MAYBE,"","TPDB_YES/nondet_ll_init.c"
"svcomp_a.06.c",YES,"",YES,"","TPDB_YES/svcomp_a.06.c"
"PastaA7.c",YES,"",YES,"","TPDB_YES/PastaA7.c"
"svcomp_b.13.c",YES,"",YES,"","TPDB_YES/svcomp_b.13.c"
"svcomp_min_rf_true-alloca.c",MAYBE,"",MAYBE,"","TPDB_YES/svcomp_min_rf_true-alloca.c"
"ChenFlurMukhopadhyay-SAS2012-Ex2.08_true-termination.c",MAYBE,"",MAYBE,"","TPDB_YES/ChenFlurMukhopadhyay-SAS2012-Ex2.08_true-termination.c"
"svcomp_b.12-alloca.c",MAYBE,"",MAYBE,"","TPDB_YES/svcomp_b.12-alloca.c"
"nondet_ll_init_rec.c",MAYBE,"",ERROR,"","TPDB_YES/nondet_ll_init_rec.c"
"PastaB17.c",YES,"",YES,"","TPDB_YES/PastaB17.c"
"Urban-WST2013-Fig2-modified1000_true-termination.c",MAYBE,"",MAYBE,"","TPDB_YES/Urban-WST2013-Fig2-modified1000_true-termination.c"
"svcomp_count_down_alloca.c",MAYBE,"",MAYBE,"","TPDB_YES/svcomp_count_down_alloca.c"
"svcomp_b.09_assume-alloca.c",MAYBE,"",MAYBE,"","TPDB_YES/svcomp_b.09_assume-alloca.c"
"svcomp_b.15.c",YES,"",YES,"","TPDB_YES/svcomp_b.15.c"
"ChawdharyCookGulwaniSagivYang-ESOP2008-aaron1_true-termination.c",YES,"",YES,"","TPDB_YES/ChawdharyCookGulwaniSagivYang-ESOP2008-aaron1_true-termination.c"
"ChawdharyCookGulwaniSagivYang-ESOP2008-random2d_true-termination.c",YES,"",YES,"","TPDB_YES/ChawdharyCookGulwaniSagivYang-ESOP2008-random2d_true-termination.c"
"svcomp_b.03_assume.c",MAYBE,"",MAYBE,"","TPDB_YES/svcomp_b.03_assume.c"
"svcomp_b.11-alloca.c",MAYBE,"",MAYBE,"","TPDB_YES/svcomp_b.11-alloca.c"
"Et4_true.c",MAYBE,"",ERROR,"","TPDB_YES/Et4_true.c"
"svcomp_openbsd_cstrspn_alloca.c",MAYBE,"",MAYBE,"","TPDB_YES/svcomp_openbsd_cstrspn_alloca.c"
"LeUserDefRec_true.c",MAYBE,"",ERROR,"","TPDB_YES/LeUserDefRec_true.c"
"svcomp_a.10-alloca.c",MAYBE,"",MAYBE,"","TPDB_YES/svcomp_a.10-alloca.c"
"recHanoi01_true-unreach-call_true-termination.c",MAYBE,"",MAYBE,"","TPDB_YES/recHanoi01_true-unreach-call_true-termination.c"
"BallRajamani-SPIN2000-Fig1_false-unreach-call.c",MAYBE,"",ERROR,"","TPDB_YES/BallRajamani-SPIN2000-Fig1_false-unreach-call.c"
"PastaA10.c",YES,"",YES,"","TPDB_YES/PastaA10.c"
"svcomp_EvenOdd01_true-unreach-call_true-termination_modified.c",MAYBE,"",ERROR,"","TPDB_YES/svcomp_EvenOdd01_true-unreach-call_true-termination_modified.c"
"svcomp_ex3b.c",NO,"",MAYBE,"","TPDB_YES/svcomp_ex3b.c"
"svcomp_easySum-alloca.c",MAYBE,"",MAYBE,"","TPDB_YES/svcomp_easySum-alloca.c"
"svcomp_c.01-no-inv.c",YES,"",YES,"","TPDB_YES/svcomp_c.01-no-inv.c"
"PastaC9.c",YES,"",YES,"","TPDB_YES/PastaC9.c"
"nondet_ll_insert.c",MAYBE,"",MAYBE,"","TPDB_YES/nondet_ll_insert.c"
"fibo_2calls_2_false-unreach-call.c",MAYBE,"",ERROR,"","TPDB_YES/fibo_2calls_2_false-unreach-call.c"
"HeizmannHoenickeLeikePodelski-ATVA2013-Fig2_true-termination.c",YES,"",YES,"","TPDB_YES/HeizmannHoenickeLeikePodelski-ATVA2013-Fig2_true-termination.c"
"Masse-VMCAI2014-Fig1a_true-termination.c",MAYBE,"",MAYBE,"","TPDB_YES/Masse-VMCAI2014-Fig1a_true-termination.c"
"svcomp_a.01.c",YES,"",YES,"","TPDB_YES/svcomp_a.01.c"
"aviad_true-termination.c",YES,"",YES,"","TPDB_YES/aviad_true-termination.c"
"Et3_true.c",MAYBE,"",ERROR,"","TPDB_YES/Et3_true.c"
"BradleyMannaSipma-CAV2005-Fig1_true-termination.c",MAYBE,"",MAYBE,"","TPDB_YES/BradleyMannaSipma-CAV2005-Fig1_true-termination.c"
"gcd01_true-unreach-call_true-termination.c",MAYBE,"",ERROR,"","TPDB_YES/gcd01_true-unreach-call_true-termination.c"
"TelAviv-Amir-Minimum_true-termination.c",YES,"",YES,"","TPDB_YES/TelAviv-Amir-Minimum_true-termination.c"
"diskperf_simpl1_true-unreach-call_true-termination.cil.c",YES,"",YES,"","TPDB_YES/diskperf_simpl1_true-unreach-call_true-termination.cil.c"
"svcomp_Urban-2013WST-Fig2-modified1000_true-alloca.c",MAYBE,"",MAYBE,"","TPDB_YES/svcomp_Urban-2013WST-Fig2-modified1000_true-alloca.c"
"svcomp_HarrisLalNoriRajamani-2010SAS-Fig1_true-alloca.c",MAYBE,"",MAYBE,"","TPDB_YES/svcomp_HarrisLalNoriRajamani-2010SAS-Fig1_true-alloca.c"
"cdaudio_simpl1_false-unreach-call_true-termination.cil.c",YES,"",YES,"","TPDB_YES/cdaudio_simpl1_false-unreach-call_true-termination.cil.c"
"PastaC7.c",YES,"",YES,"","TPDB_YES/PastaC7.c"
"majority-noarray_true-termination.c",NO,"",ERROR,"","TPDB_YES/majority-noarray_true-termination.c"
"ChenFlurMukhopadhyay-SAS2012-Ex1.03_true-termination.c",YES,"",YES,"","TPDB_YES/ChenFlurMukhopadhyay-SAS2012-Ex1.03_true-termination.c"
"LeeJonesBen-Amram-POPL2001-Ex5_true-termination.c",MAYBE,"",ERROR,"","TPDB_YES/LeeJonesBen-Amram-POPL2001-Ex5_true-termination.c"
"svcomp_bubblesort_alloca.c",MAYBE,"",MAYBE,"","TPDB_YES/svcomp_bubblesort_alloca.c"
"svcomp_flag.c",MAYBE,"",YES,"","TPDB_YES/svcomp_flag.c"
"svcomp_openbsd_cstrcmp_alloca.c",MAYBE,"",MAYBE,"","TPDB_YES/svcomp_openbsd_cstrcmp_alloca.c"
"svcomp_b.15-alloca.c",MAYBE,"",MAYBE,"","TPDB_YES/svcomp_b.15-alloca.c"
"svcomp_b.03-no-inv_assume.c",MAYBE,"",MAYBE,"","TPDB_YES/svcomp_b.03-no-inv_assume.c"
"id_i10_o10_false-unreach-call.c",MAYBE,"",ERROR,"","TPDB_YES/id_i10_o10_false-unreach-call.c"
"svcomp_b.03_assume-alloca.c",MAYBE,"",MAYBE,"","TPDB_YES/svcomp_b.03_assume-alloca.c"
"svcomp_Toulouse-BranchesToLoop_true-alloca.c",MAYBE,"",MAYBE,"","TPDB_YES/svcomp_Toulouse-BranchesToLoop_true-alloca.c"
"ChenFlurMukhopadhyay-SAS2012-Ex2.09_true-termination.c",YES,"",YES,"","TPDB_YES/ChenFlurMukhopadhyay-SAS2012-Ex2.09_true-termination.c"
"Stockholm_true-termination.c",YES,"",YES,"","TPDB_YES/Stockholm_true-termination.c"
"svcomp_java_Break-alloca.c",MAYBE,"",MAYBE,"","TPDB_YES/svcomp_java_Break-alloca.c"
"svcomp_a.05-alloca.c",MAYBE,"",MAYBE,"","TPDB_YES/svcomp_a.05-alloca.c"
"svcomp_b.05.c",YES,"",YES,"","TPDB_YES/svcomp_b.05.c"
"floppy_simpl3_false-unreach-call_true-termination.cil.c",YES,"",YES,"","TPDB_YES/floppy_simpl3_false-unreach-call_true-termination.cil.c"
"NestedRecursion_2c_true-termination.c",MAYBE,"",ERROR,"","TPDB_YES/NestedRecursion_2c_true-termination.c"
"standard_password_true-unreach-call_ground.c",TIMEOUT,"Analysis timed out after 120 seconds",TIMEOUT,"Analysis timed out after 120 seconds","TPDB_YES/standard_password_true-unreach-call_ground.c"
"MinusMin.c",YES,"",YES,"","TPDB_YES/MinusMin.c"
"ChenFlurMukhopadhyay-SAS2012-Ex3.08_true-termination.c",YES,"",YES,"","TPDB_YES/ChenFlurMukhopadhyay-SAS2012-Ex3.08_true-termination.c"
"svcomp_c.01_assume-alloca.c",MAYBE,"",MAYBE,"","TPDB_YES/svcomp_c.01_assume-alloca.c"
"LeikeHeizmann-TACAS2014-Ex8_true-termination.c",MAYBE,"",MAYBE,"","TPDB_YES/LeikeHeizmann-TACAS2014-Ex8_true-termination.c"
"svcomp_openbsd_cstrnlen_alloca.c",MAYBE,"",MAYBE,"","TPDB_YES/svcomp_openbsd_cstrnlen_alloca.c"
"svcomp_b.12.c",YES,"",YES,"","TPDB_YES/svcomp_b.12.c"
"s3_clnt_1_false-unreach-call.cil.c",TIMEOUT,"Analysis timed out after 120 seconds",TIMEOUT,"Analysis timed out after 120 seconds","TPDB_YES/s3_clnt_1_false-unreach-call.cil.c"
"ex2.c",MAYBE,"",ERROR,"","TPDB_YES/ex2.c"
"svcomp_cstrcspn_true-termination.c",MAYBE,"",MAYBE,"","TPDB_YES/svcomp_cstrcspn_true-termination.c"
"LeeJonesBen-Amram-POPL2001-Ex2_true-termination.c",MAYBE,"",ERROR,"","TPDB_YES/LeeJonesBen-Amram-POPL2001-Ex2_true-termination.c"
"NoriSharma-FSE2013-Fig8_true-termination.c",YES,"",MAYBE,"","TPDB_YES/NoriSharma-FSE2013-Fig8_true-termination.c"
"GopanReps-CAV2006-Fig1a_true-termination.c.c",MAYBE,"",MAYBE,"","TPDB_YES/GopanReps-CAV2006-Fig1a_true-termination.c.c"
"svcomp_c.03.c",YES,"",YES,"","TPDB_YES/svcomp_c.03.c"
"svcomp_gcd1_true-alloca.c",MAYBE,"",MAYBE,"","TPDB_YES/svcomp_gcd1_true-alloca.c"
"HeizmannHoenickeLeikePodelski-ATVA2013-Fig9_true-termination.c",MAYBE,"",MAYBE,"","TPDB_YES/HeizmannHoenickeLeikePodelski-ATVA2013-Fig9_true-termination.c"
"Arrays03-ValueRestictsIndex_true-termination.c",MAYBE,"",MAYBE,"","TPDB_YES/Arrays03-ValueRestictsIndex_true-termination.c"
"Parallel_true-termination.c",YES,"",YES,"","TPDB_YES/Parallel_true-termination.c"
"Overflow.c",YES,"",YES,"","TPDB_YES/Overflow.c"
"MinusBuiltIn.c",YES,"",YES,"","TPDB_YES/MinusBuiltIn.c"
"svcomp_lis_alloca.c",MAYBE,"",MAYBE,"","TPDB_YES/svcomp_lis_alloca.c"
"nondet_ll_search_last_zero.c",MAYBE,"",MAYBE,"","TPDB_YES/nondet_ll_search_last_zero.c"
"PastaA9.c",MAYBE,"",MAYBE,"","TPDB_YES/PastaA9.c"
"Gothenburg_true-termination.c",YES,"",YES,"","TPDB_YES/Gothenburg_true-termination.c"
"PodelskiRybalchenko-TACAS2011-Fig2_true-termination.c",YES,"",YES,"","TPDB_YES/PodelskiRybalchenko-TACAS2011-Fig2_true-termination.c"
"svcomp_flag-alloca.c",MAYBE,"",MAYBE,"","TPDB_YES/svcomp_flag-alloca.c"
"Toulouse-BranchesToLoop_true-termination.c",YES,"",MAYBE,"","TPDB_YES/Toulouse-BranchesToLoop_true-termination.c"
"svcomp_cstrpbrk_true-termination.c",MAYBE,"",MAYBE,"","TPDB_YES/svcomp_cstrpbrk_true-termination.c"
"svcomp_c.02-alloca.c",MAYBE,"",MAYBE,"","TPDB_YES/svcomp_c.02-alloca.c"
"AliasDarteFeautrierGonnord-SAS2010-random1d_true-termination.c",YES,"",YES,"","TPDB_YES/AliasDarteFeautrierGonnord-SAS2010-random1d_true-termination.c"
"svcomp_fermat-alloca.c",MAYBE,"",MAYBE,"","TPDB_YES/svcomp_fermat-alloca.c"
"Ben-Amram-LMCS2010-Ex2.3_true-termination.c",YES,"",YES,"","TPDB_YES/Ben-Amram-LMCS2010-Ex2.3_true-termination.c"
"AliasDarteFeautrierGonnord-SAS2010-speedFails4_true-termination.c",YES,"",TIMEOUT,"Analysis timed out after 120 seconds","TPDB_YES/AliasDarteFeautrierGonnord-SAS2010-speedFails4_true-termination.c"
"svcomp_stroeder1_alloca.c",MAYBE,"",MAYBE,"","TPDB_YES/svcomp_stroeder1_alloca.c"
"AliasDarteFeautrierGonnord-SAS2010-exmini_true-termination.c",YES,"",YES,"","TPDB_YES/AliasDarteFeautrierGonnord-SAS2010-exmini_true-termination.c"
"svcomp_openbsd_cmemset_alloca.c",MAYBE,"",MAYBE,"","TPDB_YES/svcomp_openbsd_cmemset_alloca.c"
"PastaA5.c",YES,"",YES,"","TPDB_YES/PastaA5.c"
"svcomp_java_Continue1.c",YES,"",YES,"","TPDB_YES/svcomp_java_Continue1.c"
"easy2_true-termination.c",YES,"",MAYBE,"","TPDB_YES/easy2_true-termination.c"
"svcomp_diff_alloca.c",MAYBE,"",MAYBE,"","TPDB_YES/svcomp_diff_alloca.c"
"ChenFlurMukhopadhyay-SAS2012-Ex2.07_true-termination.c",MAYBE,"",MAYBE,"","TPDB_YES/ChenFlurMukhopadhyay-SAS2012-Ex2.07_true-termination.c"
"svcomp_b.16.c",YES,"",YES,"","TPDB_YES/svcomp_b.16.c"
"McCarthy91_Iteration_true-termination.c",YES,"",YES,"","TPDB_YES/McCarthy91_Iteration_true-termination.c"
"nondet_ll_delete.c",MAYBE,"",MAYBE,"","TPDB_YES/nondet_ll_delete.c"
"LeikeHeizmann-TACAS2014-Ex1_true-termination.c",YES,"",YES,"","TPDB_YES/LeikeHeizmann-TACAS2014-Ex1_true-termination.c"
"CookSeeZuleger-TACAS2013-Fig7a_true-termination.c",YES,"",YES,"","TPDB_YES/CookSeeZuleger-TACAS2013-Fig7a_true-termination.c"
"pals_opt-floodmax.3_false-unreach-call.1.ufo.BOUNDED-6.pals.c",MAYBE,"",MAYBE,"","TPDB_NO/pals_opt-floodmax.3_false-unreach-call.1.ufo.BOUNDED-6.pals.c"
"ChenFlurMukhopadhyay-SAS2012-Ex2.03_false-termination.c",NO,"",MAYBE,"","TPDB_NO/ChenFlurMukhopadhyay-SAS2012-Ex2.03_false-termination.c"
"NO_01.c",NO,"",MAYBE,"","TPDB_NO/NO_01.c"
"ComplInterv3.c",NO,"",MAYBE,"","TPDB_NO/ComplInterv3.c"
"NonTerminationSimple5_false-termination.c",NO,"",MAYBE,"","TPDB_NO/NonTerminationSimple5_false-termination.c"
"NO_00.c",NO,"",MAYBE,"","TPDB_NO/NO_00.c"
"DivWithoutMinus.c",NO,"",MAYBE,"","TPDB_NO/DivWithoutMinus.c"
"NO_12.c",NO,"",MAYBE,"","TPDB_NO/NO_12.c"
"Flip2.c",MAYBE,"",MAYBE,"","TPDB_NO/Flip2.c"
"svcomp_Velroyen_false-unreach-label-termination-alloca.c",MAYBE,"",MAYBE,"","TPDB_NO/svcomp_Velroyen_false-unreach-label-termination-alloca.c"
"Middle.c",NO,"",MAYBE,"","TPDB_NO/Middle.c"
"AlternKonv.c",NO,"",MAYBE,"","TPDB_NO/AlternKonv.c"
"AlternDivWidening.c",NO,"",MAYBE,"","TPDB_NO/AlternDivWidening.c"
"Loop.c",NO,"",MAYBE,"","TPDB_NO/Loop.c"
"NonTerminationSimple8_false-termination.c",NO,"",MAYBE,"","TPDB_NO/NonTerminationSimple8_false-termination.c"
"NestedRecursion_2b_false-termination.c",MAYBE,"",ERROR,"","TPDB_NO/NestedRecursion_2b_false-termination.c"
"Marbie1.c",NO,"",MAYBE,"","TPDB_NO/Marbie1.c"
"NO_22.c",MAYBE,"",MAYBE,"","TPDB_NO/NO_22.c"
"Ex03.c",NO,"",MAYBE,"","TPDB_NO/Ex03.c"
"ComplInterv2.c",NO,"",MAYBE,"","TPDB_NO/ComplInterv2.c"
"UpAndDown.c",TIMEOUT,"Analysis timed out after 120 seconds",MAYBE,"","TPDB_NO/UpAndDown.c"
"ChenFlurMukhopadhyay-SAS2012-Ex2.17_false-termination.c",MAYBE,"",MAYBE,"","TPDB_NO/ChenFlurMukhopadhyay-SAS2012-Ex2.17_false-termination.c"
"minepump_spec1_product01_true-unreach-call.cil.c",NO,"",MAYBE,"","TPDB_NO/minepump_spec1_product01_true-unreach-call.cil.c"
"HenzingerJhalaMajumdarSutre-POPL2002-LockingExample_false-termination.c",ERROR,"",ERROR,"","TPDB_NO/HenzingerJhalaMajumdarSutre-POPL2002-LockingExample_false-termination.c"
"token_ring.05_false-unreach-call_false-termination.cil.c",NO,"",MAYBE,"","TPDB_NO/token_ring.05_false-unreach-call_false-termination.cil.c"
"NO_21.c",NO,"",MAYBE,"","TPDB_NO/NO_21.c"
"WhileIncr.c",NO,"",MAYBE,"","TPDB_NO/WhileIncr.c"
"NO_04.c",NO,"",MAYBE,"","TPDB_NO/NO_04.c"
"Ex05.c",NO,"",MAYBE,"","TPDB_NO/Ex05.c"
"pals_STARTPALS_Triplicated_false-unreach-call.1.ufo.BOUNDED-10.pals.c",MAYBE,"",MAYBE,"","TPDB_NO/pals_STARTPALS_Triplicated_false-unreach-call.1.ufo.BOUNDED-10.pals.c"
"NonTerminationSimple4_false-termination.c",NO,"",MAYBE,"","TPDB_NO/NonTerminationSimple4_false-termination.c"
"Hanoi_2vars_false-termination.c",NO,"",MAYBE,"","TPDB_NO/Hanoi_2vars_false-termination.c"
"Flip.c",MAYBE,"",MAYBE,"","TPDB_NO/Flip.c"
"NonTerminationSimple3_false-termination.c",NO,"",MAYBE,"","TPDB_NO/NonTerminationSimple3_false-termination.c"
"NO_24.c",MAYBE,"",MAYBE,"","TPDB_NO/NO_24.c"
"NO_10.c",NO,"",MAYBE,"","TPDB_NO/NO_10.c"
"pals_lcr-var-start-time.3_false-unreach-call.1.ufo.BOUNDED-6.pals.c",MAYBE,"",MAYBE,"","TPDB_NO/pals_lcr-var-start-time.3_false-unreach-call.1.ufo.BOUNDED-6.pals.c"
"Lcm.c",NO,"",MAYBE,"","TPDB_NO/Lcm.c"
"sum_non_eq_false-unreach-call.c",MAYBE,"",ERROR,"","TPDB_NO/sum_non_eq_false-unreach-call.c"
"GCD.c",MAYBE,"",MAYBE,"","TPDB_NO/GCD.c"
"NestedRecursion_2a_false-termination.c",MAYBE,"",ERROR,"","TPDB_NO/NestedRecursion_2a_false-termination.c"
"Ex04.c",NO,"",MAYBE,"","TPDB_NO/Ex04.c"
"NonTermination1_false-termination.c",MAYBE,"",MAYBE,"","TPDB_NO/NonTermination1_false-termination.c"
"Arrays02-EquivalentConstantIndices_false-termination.c",MAYBE,"",MAYBE,"","TPDB_NO/Arrays02-EquivalentConstantIndices_false-termination.c"
"WhileTrue_false-termination.c",NO,"",MAYBE,"","TPDB_NO/WhileTrue_false-termination.c"
"Problem02_label00_true-unreach-call.c",NO,"",ERROR,"","TPDB_NO/Problem02_label00_true-unreach-call.c"
"NonTerminationSimple6_false-termination.c",NO,"",MAYBE,"","TPDB_NO/NonTerminationSimple6_false-termination.c"
"UpAndDownIneq.c",TIMEOUT,"Analysis timed out after 120 seconds",MAYBE,"","TPDB_NO/UpAndDownIneq.c"
"Ex08.c",NO,"",TIMEOUT,"Analysis timed out after 120 seconds","TPDB_NO/Ex08.c"
"ChenFlurMukhopadhyay-SAS2012-Ex2.12_false-termination.c",NO,"",MAYBE,"","TPDB_NO/ChenFlurMukhopadhyay-SAS2012-Ex2.12_false-termination.c"
"Narrowing.c",TIMEOUT,"Analysis timed out after 120 seconds",TIMEOUT,"Analysis timed out after 120 seconds","TPDB_NO/Narrowing.c"
"Cairo_nondet_false-termination.c",NO,"",MAYBE,"","TPDB_NO/Cairo_nondet_false-termination.c"
"ChenCookFuhsNimkarOHearn-TACAS2014-Introduction_false-termination.c",NO,"",MAYBE,"","TPDB_NO/ChenCookFuhsNimkarOHearn-TACAS2014-Introduction_false-termination.c"
"svcomp_Urban-2013WST-Fig1_false-unreach-label-termination-alloca.c",MAYBE,"",MAYBE,"","TPDB_NO/svcomp_Urban-2013WST-Fig1_false-unreach-label-termination-alloca.c"
"ChenFlurMukhopadhyay-SAS2012-Ex2.05_false-termination.c",NO,"",MAYBE,"","TPDB_NO/ChenFlurMukhopadhyay-SAS2012-Ex2.05_false-termination.c"
"NO_03.c",NO,"",MAYBE,"","TPDB_NO/NO_03.c"
"LeikeHeizmann-WST2014-Ex6_false-termination.c",MAYBE,"",MAYBE,"","TPDB_NO/LeikeHeizmann-WST2014-Ex6_false-termination.c"
"MirrorIntervSim.c",NO,"",MAYBE,"","TPDB_NO/MirrorIntervSim.c"
"Singapore_v2_false-termination.c",MAYBE,"",MAYBE,"","TPDB_NO/Singapore_v2_false-termination.c"
"token_ring.01_false-unreach-call_false-termination.cil.c",NO,"",MAYBE,"","TPDB_NO/token_ring.01_false-unreach-call_false-termination.cil.c"
"mem_slave_tlm.1_true-unreach-call_false-termination.cil.c",NO,"",MAYBE,"","TPDB_NO/mem_slave_tlm.1_true-unreach-call_false-termination.cil.c"
"id2_b2_o3_true-unreach-call.c",MAYBE,"",ERROR,"","TPDB_NO/id2_b2_o3_true-unreach-call.c"
"Singapore_v1_false-termination.c",NO,"",MAYBE,"","TPDB_NO/Singapore_v1_false-termination.c"
"Primes_true-unreach-call.c",MAYBE,"",MAYBE,"","TPDB_NO/Primes_true-unreach-call.c"
"Cousot.c",NO,"",MAYBE,"","TPDB_NO/Cousot.c"
"svcomp_BradleyMannaSipma-2005CAV-Fig1-modified_false-termination.c",MAYBE,"",MAYBE,"","TPDB_NO/svcomp_BradleyMannaSipma-2005CAV-Fig1-modified_false-termination.c"
"Rotation180_false-termination.c",NO,"",MAYBE,"","TPDB_NO/Rotation180_false-termination.c"
"GCD2.c",MAYBE,"",MAYBE,"","TPDB_NO/GCD2.c"
"ConvLower.c",NO,"",MAYBE,"","TPDB_NO/ConvLower.c"
"ChenFlurMukhopadhyay-SAS2012-Ex2.15_false-termination.c",NO,"",MAYBE,"","TPDB_NO/ChenFlurMukhopadhyay-SAS2012-Ex2.15_false-termination.c"
"transmitter.06_false-unreach-call_false-termination.cil.c",MAYBE,"",MAYBE,"","TPDB_NO/transmitter.06_false-unreach-call_false-termination.cil.c"
"AlternDivWide.c",NO,"",MAYBE,"","TPDB_NO/AlternDivWide.c"
"ChenFlurMukhopadhyay-SAS2012-Ex2.02_false-termination.c",MAYBE,"",MAYBE,"","TPDB_NO/ChenFlurMukhopadhyay-SAS2012-Ex2.02_false-termination.c"
"Velroyen_false-termination.c",NO,"",MAYBE,"","TPDB_NO/Velroyen_false-termination.c"
"Madrid_false-termination.c",MAYBE,"",MAYBE,"","TPDB_NO/Madrid_false-termination.c"
"pals_lcr.8_false-unreach-call.1.ufo.BOUNDED-16.pals.c",MAYBE,"",MAYBE,"","TPDB_NO/pals_lcr.8_false-unreach-call.1.ufo.BOUNDED-16.pals.c"
"Hanoi_plus_false-termination.c",MAYBE,"",MAYBE,"","TPDB_NO/Hanoi_plus_false-termination.c"
"ChenFlurMukhopadhyay-SAS2012-Ex2.04_false-termination.c",NO,"",MAYBE,"","TPDB_NO/ChenFlurMukhopadhyay-SAS2012-Ex2.04_false-termination.c"
"Marbie2.c",NO,"",MAYBE,"","TPDB_NO/Marbie2.c"
"NO_02.c",NO,"",MAYBE,"","TPDB_NO/NO_02.c"
"WhileSingle.c",NO,"",MAYBE,"","TPDB_NO/WhileSingle.c"
"Gauss.c",NO,"",MAYBE,"","TPDB_NO/Gauss.c"
"svcomp_HarrisLalNoriRajamani-2010SAS-Fig2_false-unreach-label-termination-alloca.c",MAYBE,"",MAYBE,"","TPDB_NO/svcomp_HarrisLalNoriRajamani-2010SAS-Fig2_false-unreach-label-termination-alloca.c"
"HarrisLalNoriRajamani-SAS2010-Fig2_false-termination.c",NO,"",MAYBE,"","TPDB_NO/HarrisLalNoriRajamani-SAS2010-Fig2_false-termination.c"
"WhilePart.c",NO,"",MAYBE,"","TPDB_NO/WhilePart.c"
"ChenFlurMukhopadhyay-SAS2012-Ex2.14_false-termination.c",NO,"",MAYBE,"","TPDB_NO/ChenFlurMukhopadhyay-SAS2012-Ex2.14_false-termination.c"
"pals_lcr-var-start-time.6_false-unreach-call.1.ufo.BOUNDED-12.pals.c",MAYBE,"",MAYBE,"","TPDB_NO/pals_lcr-var-start-time.6_false-unreach-call.1.ufo.BOUNDED-12.pals.c"
"TrueDiv.c",NO,"",MAYBE,"","TPDB_NO/TrueDiv.c"
"LeikeHeizmann-WST2014-Ex5_false-termination.c",MAYBE,"",MAYBE,"","TPDB_NO/LeikeHeizmann-WST2014-Ex5_false-termination.c"
"stateful_check_false-unreach-call.c",NO,"",ERROR,"","TPDB_NO/stateful_check_false-unreach-call.c"
"Cairo_step2_false-termination.c",NO,"",MAYBE,"","TPDB_NO/Cairo_step2_false-termination.c"
"Hanoi_3vars_false-termination.c",NO,"",MAYBE,"","TPDB_NO/Hanoi_3vars_false-termination.c"
"pals_lcr.3_false-unreach-call.1.ufo.BOUNDED-6.pals.c",MAYBE,"",MAYBE,"","TPDB_NO/pals_lcr.3_false-unreach-call.1.ufo.BOUNDED-6.pals.c"
"Sunset.c",NO,"",MAYBE,"","TPDB_NO/Sunset.c"
"MirrorInterv.c",NO,"",MAYBE,"","TPDB_NO/MirrorInterv.c"
"Fibonacci.c",MAYBE,"",MAYBE,"","TPDB_NO/Fibonacci.c"
"Bangalore_false-termination.c",NO,"",MAYBE,"","TPDB_NO/Bangalore_false-termination.c"
"pals_STARTPALS_ActiveStandby_false-unreach-call.1.ufo.BOUNDED-10.pals.c",MAYBE,"",MAYBE,"","TPDB_NO/pals_STARTPALS_ActiveStandby_false-unreach-call.1.ufo.BOUNDED-10.pals.c"
"NestedRecursion_1a_false-termination.c",MAYBE,"",ERROR,"","TPDB_NO/NestedRecursion_1a_false-termination.c"
"Ex02.c",NO,"",MAYBE,"","TPDB_NO/Ex02.c"
"Ex01.c",NO,"",MAYBE,"","TPDB_NO/Ex01.c"
"joey_false-termination.c",MAYBE,"",ERROR,"","TPDB_NO/joey_false-termination.c"
"NonTermination4_false-termination.c",TIMEOUT,"Analysis timed out after 120 seconds",TIMEOUT,"Analysis timed out after 120 seconds","TPDB_NO/NonTermination4_false-termination.c"
"svcomp_PodelskiRybalchenko-2004VMCAI-Ex2_true-alloca.c",MAYBE,"",MAYBE,"","TPDB_NO/svcomp_PodelskiRybalchenko-2004VMCAI-Ex2_true-alloca.c"
"BradleyMannaSipma-CAV2005-Fig1-modified_false-termination.c",NO,"",MAYBE,"","TPDB_NO/BradleyMannaSipma-CAV2005-Fig1-modified_false-termination.c"
"ChenFlurMukhopadhyay-SAS2012-Ex3.02_false-termination.c",NO,"",MAYBE,"","TPDB_NO/ChenFlurMukhopadhyay-SAS2012-Ex3.02_false-termination.c"
"NonTerminationSimple7_false-termination.c",NO,"",MAYBE,"","TPDB_NO/NonTerminationSimple7_false-termination.c"
"transmitter.01_false-unreach-call_false-termination.cil.c",NO,"",MAYBE,"","TPDB_NO/transmitter.01_false-unreach-call_false-termination.cil.c"
"ComplxStruc.c",NO,"",MAYBE,"","TPDB_NO/ComplxStruc.c"
"ChenFlurMukhopadhyay-SAS2012-Ex3.06_false-termination.c",NO,"",MAYBE,"","TPDB_NO/ChenFlurMukhopadhyay-SAS2012-Ex3.06_false-termination.c"
"Et4.c",NO,"",MAYBE,"","TPDB_NO/Et4.c"
"Singapore_plus_false-termination.c",MAYBE,"",MAYBE,"","TPDB_NO/Singapore_plus_false-termination.c"
"Even.c",NO,"",MAYBE,"","TPDB_NO/Even.c"
"Bangalore_v2_false-termination.c",NO,"",MAYBE,"","TPDB_NO/Bangalore_v2_false-termination.c"
"s3_srvr_1_false-unreach-call.cil.c",ERROR,"",TIMEOUT,"Analysis timed out after 120 seconds","TPDB_NO/s3_srvr_1_false-unreach-call.cil.c"
"WhileTrue.c",NO,"",MAYBE,"","TPDB_NO/WhileTrue.c"
"WhileIncrPart.c",NO,"",MAYBE,"","TPDB_NO/WhileIncrPart.c"
"Division_false-termination.c",NO,"",MAYBE,"","TPDB_NO/Division_false-termination.c"
"AlternDiv.c",NO,"",MAYBE,"","TPDB_NO/AlternDiv.c"
"s3_srvr_14_false-unreach-call.cil.c",MAYBE,"",TIMEOUT,"Analysis timed out after 120 seconds","TPDB_NO/s3_srvr_14_false-unreach-call.cil.c"
"Swingers.c",MAYBE,"",MAYBE,"","TPDB_NO/Swingers.c"
"ChooseLife.c",MAYBE,"",MAYBE,"","TPDB_NO/ChooseLife.c"
"RecursiveNonterminating_false-termination.c",MAYBE,"",ERROR,"","TPDB_NO/RecursiveNonterminating_false-termination.c"
"Choose.c",NO,"",MAYBE,"","TPDB_NO/Choose.c"
"WhileNested.c",NO,"",MAYBE,"","TPDB_NO/WhileNested.c"
"NonTerminationSimple9_false-termination.c",NO,"",MAYBE,"","TPDB_NO/NonTerminationSimple9_false-termination.c"
"NonTermination2_false-termination.c",MAYBE,"",YES,"","TPDB_NO/NonTermination2_false-termination.c"
"TwoFloatInterv.c",NO,"",MAYBE,"","TPDB_NO/TwoFloatInterv.c"
"PastaC10.c",NO,"",MAYBE,"","TPDB_NO/PastaC10.c"
"Bangalore_v3_false-termination.c",NO,"",MAYBE,"","TPDB_NO/Bangalore_v3_false-termination.c"
"pc_sfifo_1_false-unreach-call_false-termination.cil.c",NO,"",MAYBE,"","TPDB_NO/pc_sfifo_1_false-unreach-call_false-termination.cil.c"
"NarrowKonv.c",MAYBE,"",MAYBE,"","TPDB_NO/NarrowKonv.c"
"Binary_Search_true-termination.c",MAYBE,"",ERROR,"","TPDB_NO/Binary_Search_true-termination.c"
"NO_13.c",MAYBE,"",MAYBE,"","TPDB_NO/NO_13.c"
"MutualRecursion_1a_false-termination.c",MAYBE,"",ERROR,"","TPDB_NO/MutualRecursion_1a_false-termination.c"
"WhileNestedOffset.c",NO,"",MAYBE,"","TPDB_NO/WhileNestedOffset.c"
"Ex06.c",NO,"",MAYBE,"","TPDB_NO/Ex06.c"
"NO_23.c",NO,"",MAYBE,"","TPDB_NO/NO_23.c"
"NonTerminationSimple2_false-termination.c",MAYBE,"",MAYBE,"","TPDB_NO/NonTerminationSimple2_false-termination.c"
"pals_floodmax.3_false-unreach-call.1.ufo.BOUNDED-6.pals.c",MAYBE,"",MAYBE,"","TPDB_NO/pals_floodmax.3_false-unreach-call.1.ufo.BOUNDED-6.pals.c"
"2Nested_false-termination.c",NO,"",MAYBE,"","TPDB_NO/2Nested_false-termination.c"
"Urban-WST2013-Fig1_false-termination.c",NO,"",MAYBE,"","TPDB_NO/Urban-WST2013-Fig1_false-termination.c"
"Mysore_false-termination.c",NO,"",MAYBE,"","TPDB_NO/Mysore_false-termination.c"
"test_locks_15_true-unreach-call_false-termination.c",MAYBE,"",MAYBE,"","TPDB_NO/test_locks_15_true-unreach-call_false-termination.c"
"Ex07.c",NO,"",MAYBE,"","TPDB_NO/Ex07.c"
"Et2.c",NO,"",MAYBE,"","TPDB_NO/Et2.c"
"svcomp_BradleyMannaSipma-2005ICALP-Fig1_true-alloca.c",MAYBE,"",MAYBE,"","TPDB_NO/svcomp_BradleyMannaSipma-2005ICALP-Fig1_true-alloca.c"
"Ackermann_false-termination.c",MAYBE,"",ERROR,"","TPDB_NO/Ackermann_false-termination.c"
"bist_cell_true-unreach-call_false-termination.cil.c",NO,"",MAYBE,"","TPDB_NO/bist_cell_true-unreach-call_false-termination.cil.c"
