c_path,result,error,status,execution_time,processed_time
SVComp_C/ldv-commit-tester/main2_drivers-media-video-tlg2300-poseidon-ko--32_7a--4a349aa-1.c,ERROR,Unexpected output: ,failed,0.006995439529418945,2025-05-24 04:13:36
SVComp_C/ldv-commit-tester/main2_drivers-media-video-tlg2300-poseidon-ko--32_7a--4a349aa.c,ERROR,Unexpected output: ,failed,0.0066165924072265625,2025-05-24 04:13:36
SVComp_C/ldv-commit-tester/main1_drivers-media-video-tlg2300-poseidon-ko--32_7a--4a349aa.c,ERROR,Unexpected output: ,failed,0.006029605865478516,2025-05-24 04:13:36
SVComp_C/ldv-commit-tester/main3_drivers-media-video-tlg2300-poseidon-ko--32_7a--4a349aa-1.c,ERROR,Unexpected output: ,failed,0.004918336868286133,2025-05-24 04:13:36
SVComp_C/ldv-commit-tester/main1_drivers-media-video-tlg2300-poseidon-ko--32_7a--4a349aa-1.c,ERROR,Unexpected output: ,failed,0.003391742706298828,2025-05-24 04:13:36
SVComp_C/ldv-commit-tester/main3_drivers-media-video-tlg2300-poseidon-ko--32_7a--4a349aa.c,ERROR,Unexpected output: ,failed,0.006629228591918945,2025-05-24 04:13:36
SVComp_C/bitvector/soft_float_1-3a.c.cil.c,ERROR,Unexpected output: ,failed,0.008194446563720703,2025-05-24 04:13:36
SVComp_C/bitvector/s3_srvr_2a_alt.BV.c.cil.c,ERROR,Unexpected output: ,failed,0.005931377410888672,2025-05-24 04:13:36
SVComp_C/bitvector/jain_1-1.c,ERROR,Unexpected output: ,failed,0.008328437805175781,2025-05-24 04:13:36
SVComp_C/bitvector/soft_float_1-2a.c.cil.c,YES,,success,75.47748589515686,2025-05-24 04:14:51
SVComp_C/bitvector/soft_float_4-2a.c.cil.c,ERROR,Unexpected output: ,failed,0.025019407272338867,2025-05-24 04:14:51
SVComp_C/bitvector/jain_7-2.c,NO,,success,27.223227977752686,2025-05-24 04:15:19
SVComp_C/bitvector/byte_add_2-2.c,ERROR,Unexpected output: ,failed,0.017193317413330078,2025-05-24 04:15:19
SVComp_C/bitvector/soft_float_3a.c.cil.c,YES,,success,59.32558465003967,2025-05-24 04:16:18
SVComp_C/bitvector/byte_add_1-1.c,ERROR,Unexpected output: ,failed,0.007878780364990234,2025-05-24 04:16:18
SVComp_C/bitvector/s3_srvr_2a.BV.c.cil.c,ERROR,Unexpected output: ,failed,0.004886627197265625,2025-05-24 04:16:18
SVComp_C/bitvector/gcd_4.c,MAYBE,,success,15.94996953010559,2025-05-24 04:16:34
SVComp_C/bitvector/byte_add-1.c,ERROR,Unexpected output: ,failed,0.010807991027832031,2025-05-24 04:16:34
SVComp_C/bitvector/jain_2-1.c,ERROR,Unexpected output: ,failed,0.005582332611083984,2025-05-24 04:16:34
SVComp_C/bitvector/soft_float_4-3a.c.cil.c,ERROR,Unexpected output: ,failed,0.006365776062011719,2025-05-24 04:16:34
SVComp_C/bitvector/jain_6-1.c,ERROR,Unexpected output: ,failed,0.005102872848510742,2025-05-24 04:16:34
SVComp_C/bitvector/soft_float_5a.c.cil.c,ERROR,Unexpected output: ,failed,0.0030951499938964844,2025-05-24 04:16:34
SVComp_C/bitvector/jain_4-2.c,NO,,success,23.108728647232056,2025-05-24 04:16:57
SVComp_C/bitvector/soft_float_2a.c.cil.c,ERROR,Unexpected output: ,failed,0.011147022247314453,2025-05-24 04:16:57
SVComp_C/bitvector-loops/verisec_sendmail_tTflag_arr_one_loop.c,ERROR,Unexpected output: ,failed,0.005069255828857422,2025-05-24 04:16:57
SVComp_C/ldv-sets/test_add-1.c,ERROR,Unexpected output: ,failed,0.005367755889892578,2025-05-24 04:16:57
SVComp_C/ldv-sets/test_add-2.c,ERROR,Unexpected output: ,failed,0.008921146392822266,2025-05-24 04:16:57
SVComp_C/ldv-sets/test_mutex_double_lock.c,ERROR,Unexpected output: ,failed,0.0026378631591796875,2025-05-24 04:16:57
SVComp_C/list-ext2-properties/list_and_tree_cnstr-2.c,ERROR,"[675968] Failed to execute script irankfinder
Traceback (most recent call last):
  File ""irankfinder.py"", line 190, in parse_file
  File ""genericparser/__init__.py"", line 109, in parse
  File ""genericparser/Parser_c.py"", line 25, in parse
  File ""genericparser/Parser_koat.py"", line 25, in parse_string
  File ""lark/lark.py"", line 197, in parse
  File ""lark/parser_frontends.py"", line 137, in parse
  File ""lark/parsers/xearley.py"", line 143, in parse
lark.common.ParseError: Unexpected end of input! Expecting a terminal of: ['__LPAR']

The above exception was the direct cause of the following exception:

Traceback (most recent call last):
  File ""irankfinder.py"", line 374, in <module>
  File ""irankfinder.py"", line 205, in launch
  File ""irankfinder.py"", line 197, in parse_file
Exception
",failed,0.4747140407562256,2025-05-24 04:16:58
SVComp_C/list-ext2-properties/list_and_tree_cnstr-1.c,ERROR,Unexpected output: ,failed,0.0046482086181640625,2025-05-24 04:16:58
SVComp_C/signedintegeroverflow-regression/UsualArithmeticConversions.c,ERROR,"[676000] Failed to execute script irankfinder
Traceback (most recent call last):
  File ""irankfinder.py"", line 190, in parse_file
  File ""genericparser/__init__.py"", line 109, in parse
  File ""genericparser/Parser_c.py"", line 25, in parse
  File ""genericparser/Parser_koat.py"", line 25, in parse_string
  File ""lark/lark.py"", line 197, in parse
  File ""lark/parser_frontends.py"", line 137, in parse
  File ""lark/parsers/xearley.py"", line 143, in parse
lark.common.ParseError: Unexpected end of input! Expecting a terminal of: ['__LPAR']

The above exception was the direct cause of the following exception:

Traceback (most recent call last):
  File ""irankfinder.py"", line 374, in <module>
  File ""irankfinder.py"", line 205, in launch
  File ""irankfinder.py"", line 197, in parse_file
Exception
",failed,0.46291351318359375,2025-05-24 04:16:58
SVComp_C/signedintegeroverflow-regression/Multiplication-1.c,ERROR,Unexpected output: ,failed,0.005363941192626953,2025-05-24 04:16:58
SVComp_C/signedintegeroverflow-regression/ConversionToSignedInt.c,ERROR,"[676031] Failed to execute script irankfinder
Traceback (most recent call last):
  File ""irankfinder.py"", line 190, in parse_file
  File ""genericparser/__init__.py"", line 109, in parse
  File ""genericparser/Parser_c.py"", line 25, in parse
  File ""genericparser/Parser_koat.py"", line 25, in parse_string
  File ""lark/lark.py"", line 197, in parse
  File ""lark/parser_frontends.py"", line 137, in parse
  File ""lark/parsers/xearley.py"", line 143, in parse
lark.common.ParseError: Unexpected end of input! Expecting a terminal of: ['__LPAR']

The above exception was the direct cause of the following exception:

Traceback (most recent call last):
  File ""irankfinder.py"", line 374, in <module>
  File ""irankfinder.py"", line 205, in launch
  File ""irankfinder.py"", line 197, in parse_file
Exception
",failed,0.4708893299102783,2025-05-24 04:16:59
SVComp_C/signedintegeroverflow-regression/IntegerPromotion-1.c,ERROR,"[676057] Failed to execute script irankfinder
Traceback (most recent call last):
  File ""irankfinder.py"", line 190, in parse_file
  File ""genericparser/__init__.py"", line 109, in parse
  File ""genericparser/Parser_c.py"", line 25, in parse
  File ""genericparser/Parser_koat.py"", line 25, in parse_string
  File ""lark/lark.py"", line 197, in parse
  File ""lark/parser_frontends.py"", line 137, in parse
  File ""lark/parsers/xearley.py"", line 143, in parse
lark.common.ParseError: Unexpected end of input! Expecting a terminal of: ['__LPAR']

The above exception was the direct cause of the following exception:

Traceback (most recent call last):
  File ""irankfinder.py"", line 374, in <module>
  File ""irankfinder.py"", line 205, in launch
  File ""irankfinder.py"", line 197, in parse_file
Exception
",failed,0.4686596393585205,2025-05-24 04:16:59
SVComp_C/signedintegeroverflow-regression/NoNegativeIntegerConstant.c,ERROR,Unexpected output: ,failed,0.35504579544067383,2025-05-24 04:17:00
SVComp_C/psyco/psyco_abp_1-1.c,ERROR,Unexpected output: ,failed,2.876702070236206,2025-05-24 04:17:03
SVComp_C/psyco/psyco_security.c,ERROR,Unexpected output: ,failed,0.005828857421875,2025-05-24 04:17:03
SVComp_C/psyco/psyco_abp_1-3.c,ERROR,Unexpected output: ,failed,2.2683205604553223,2025-05-24 04:17:05
SVComp_C/psyco/psyco_net_1.c,ERROR,Unexpected output: ,failed,11.733433723449707,2025-05-24 04:17:17
SVComp_C/psyco/psyco_io_1.c,ERROR,Unexpected output: ,failed,0.003137826919555664,2025-05-24 04:17:17
SVComp_C/loop-simple/nested_6.c,ERROR,Unexpected output: ,failed,4.442198038101196,2025-05-24 04:17:21
SVComp_C/loop-simple/nested_1b.c,ERROR,Unexpected output: ,failed,0.00750732421875,2025-05-24 04:17:21
SVComp_C/loop-simple/deep-nested.c,ERROR,Unexpected output: ,failed,0.0034182071685791016,2025-05-24 04:17:21
SVComp_C/loop-simple/nested_2.c,ERROR,Unexpected output: ,failed,1.617713451385498,2025-05-24 04:17:23
SVComp_C/loop-simple/nested_4.c,ERROR,Unexpected output: ,failed,2.0951972007751465,2025-05-24 04:17:25
SVComp_C/loop-simple/nested_1.c,ERROR,Unexpected output: ,failed,0.008009910583496094,2025-05-24 04:17:25
SVComp_C/loop-simple/nested_5.c,ERROR,Unexpected output: ,failed,0.005763530731201172,2025-05-24 04:17:25
SVComp_C/loop-simple/nested_3.c,ERROR,Unexpected output: ,failed,0.46579813957214355,2025-05-24 04:17:25
SVComp_C/ldv-regression/test_malloc-2.c,ERROR,"[676356] Failed to execute script irankfinder
Traceback (most recent call last):
  File ""irankfinder.py"", line 190, in parse_file
  File ""genericparser/__init__.py"", line 109, in parse
  File ""genericparser/Parser_c.py"", line 25, in parse
  File ""genericparser/Parser_koat.py"", line 25, in parse_string
  File ""lark/lark.py"", line 197, in parse
  File ""lark/parser_frontends.py"", line 137, in parse
  File ""lark/parsers/xearley.py"", line 143, in parse
lark.common.ParseError: Unexpected end of input! Expecting a terminal of: ['__LPAR']

The above exception was the direct cause of the following exception:

Traceback (most recent call last):
  File ""irankfinder.py"", line 374, in <module>
  File ""irankfinder.py"", line 205, in launch
  File ""irankfinder.py"", line 197, in parse_file
Exception
",failed,0.47776103019714355,2025-05-24 04:17:26
SVComp_C/ldv-regression/test26-1.c,ERROR,Unexpected output: ,failed,0.005397796630859375,2025-05-24 04:17:26
SVComp_C/ldv-regression/test12.c,ERROR,Unexpected output: ,failed,0.0060939788818359375,2025-05-24 04:17:26
SVComp_C/ldv-regression/test14.c,ERROR,Unexpected output: ,failed,0.4938678741455078,2025-05-24 04:17:26
SVComp_C/ldv-regression/test02.c,YES,,success,0.5545880794525146,2025-05-24 04:17:27
SVComp_C/ldv-regression/test06.c,ERROR,Unexpected output: ,failed,0.011478900909423828,2025-05-24 04:17:27
SVComp_C/ldv-regression/test_union_cast-1.c,ERROR,Unexpected output: ,failed,0.008121013641357422,2025-05-24 04:17:27
SVComp_C/ldv-regression/test25-1.c,ERROR,Unexpected output: ,failed,0.004120349884033203,2025-05-24 04:17:27
SVComp_C/ldv-regression/fo_test.c,ERROR,Unexpected output: ,failed,0.0029211044311523438,2025-05-24 04:17:27
SVComp_C/ldv-regression/test15.c,ERROR,Unexpected output: ,failed,0.003035306930541992,2025-05-24 04:17:27
SVComp_C/ldv-regression/test28-1.c,ERROR,Unexpected output: ,failed,0.007967472076416016,2025-05-24 04:17:27
SVComp_C/ldv-regression/test27-1.c,ERROR,Unexpected output: ,failed,0.0037674903869628906,2025-05-24 04:17:27
SVComp_C/ldv-regression/rule60_list.c,ERROR,Unexpected output: ,failed,0.005188941955566406,2025-05-24 04:17:27
SVComp_C/ldv-regression/test07.c,ERROR,Unexpected output: ,failed,0.004201412200927734,2025-05-24 04:17:27
SVComp_C/ldv-regression/test01.c,ERROR,Unexpected output: ,failed,0.007449626922607422,2025-05-24 04:17:27
SVComp_C/ldv-regression/test30-1.c,ERROR,Unexpected output: ,failed,0.006098031997680664,2025-05-24 04:17:27
SVComp_C/ldv-regression/test05.c,YES,,success,0.5395629405975342,2025-05-24 04:17:28
SVComp_C/ldv-regression/test21-2.c,YES,,success,0.5556790828704834,2025-05-24 04:17:28
SVComp_C/ldv-regression/nested_structure_noptr-1.c,ERROR,Unexpected output: ,failed,0.007421970367431641,2025-05-24 04:17:28
SVComp_C/ldv-regression/stateful_check.c,ERROR,Unexpected output: ,failed,0.0035047531127929688,2025-05-24 04:17:28
SVComp_C/ldv-regression/test10.c,ERROR,Unexpected output: ,failed,0.0056610107421875,2025-05-24 04:17:28
SVComp_C/ldv-regression/test16.c,ERROR,Unexpected output: ,failed,0.0052967071533203125,2025-05-24 04:17:28
SVComp_C/ldv-regression/test29-1.c,ERROR,Unexpected output: ,failed,0.002894163131713867,2025-05-24 04:17:28
SVComp_C/ldv-regression/test08.c,ERROR,Unexpected output: ,failed,0.007290363311767578,2025-05-24 04:17:28
SVComp_C/ldv-regression/test13.c,ERROR,Unexpected output: ,failed,0.003591775894165039,2025-05-24 04:17:28
SVComp_C/ldv-regression/sizeofparameters_test.c,ERROR,Unexpected output: ,failed,0.0056989192962646484,2025-05-24 04:17:28
SVComp_C/ldv-regression/test20.c,YES,,success,0.5433645248413086,2025-05-24 04:17:29
SVComp_C/ldv-regression/test_address.c,ERROR,Unexpected output: ,failed,0.005568265914916992,2025-05-24 04:17:29
SVComp_C/ldv-regression/nested_structure_ptr-2.c,YES,,success,0.5390164852142334,2025-05-24 04:17:29
SVComp_C/ldv-regression/test29-2.c,ERROR,Unexpected output: ,failed,0.0056650638580322266,2025-05-24 04:17:29
SVComp_C/ldv-regression/alt_test.c,ERROR,Unexpected output: ,failed,0.006227254867553711,2025-05-24 04:17:29
SVComp_C/ldv-regression/test_malloc-1.c,ERROR,"[676732] Failed to execute script irankfinder
Traceback (most recent call last):
  File ""irankfinder.py"", line 190, in parse_file
  File ""genericparser/__init__.py"", line 109, in parse
  File ""genericparser/Parser_c.py"", line 25, in parse
  File ""genericparser/Parser_koat.py"", line 25, in parse_string
  File ""lark/lark.py"", line 197, in parse
  File ""lark/parser_frontends.py"", line 137, in parse
  File ""lark/parsers/xearley.py"", line 143, in parse
lark.common.ParseError: Unexpected end of input! Expecting a terminal of: ['__LPAR']

The above exception was the direct cause of the following exception:

Traceback (most recent call last):
  File ""irankfinder.py"", line 374, in <module>
  File ""irankfinder.py"", line 205, in launch
  File ""irankfinder.py"", line 197, in parse_file
Exception
",failed,0.47133374214172363,2025-05-24 04:17:30
SVComp_C/ldv-regression/test03.c,ERROR,Unexpected output: ,failed,0.005036115646362305,2025-05-24 04:17:30
SVComp_C/ldv-regression/test09.c,ERROR,Unexpected output: ,failed,0.0061724185943603516,2025-05-24 04:17:30
SVComp_C/ldv-regression/test11.c,ERROR,Unexpected output: ,failed,0.004511594772338867,2025-05-24 04:17:30
SVComp_C/ldv-regression/test19.c,ERROR,Unexpected output: ,failed,0.0029144287109375,2025-05-24 04:17:30
SVComp_C/ldv-regression/rule60_list2.c,ERROR,Unexpected output: ,failed,0.004996538162231445,2025-05-24 04:17:30
SVComp_C/ldv-regression/test17.c,ERROR,Unexpected output: ,failed,0.0034286975860595703,2025-05-24 04:17:30
SVComp_C/ldv-regression/test04.c,ERROR,Unexpected output: ,failed,0.002467632293701172,2025-05-24 04:17:30
SVComp_C/ldv-regression/nested_structure-2.c,YES,,success,0.5383467674255371,2025-05-24 04:17:30
SVComp_C/ldv-regression/test_union_cast-2.c,YES,,success,0.5491352081298828,2025-05-24 04:17:31
SVComp_C/ldv-regression/test26-2.c,YES,,success,0.5383880138397217,2025-05-24 04:17:32
SVComp_C/ldv-regression/test18.c,ERROR,Unexpected output: ,failed,0.010270833969116211,2025-05-24 04:17:32
SVComp_C/ldv-regression/test24-1.c,ERROR,Unexpected output: ,failed,0.0041010379791259766,2025-05-24 04:17:32
SVComp_C/ldv-regression/test28-2.c,YES,,success,0.535099983215332,2025-05-24 04:17:32
SVComp_C/ldv-regression/test30-2.c,YES,,success,0.5518925189971924,2025-05-24 04:17:33
SVComp_C/ldv-regression/test21-1.c,ERROR,Unexpected output: ,failed,0.010643482208251953,2025-05-24 04:17:33
SVComp_C/ldv-regression/test_overflow.c,ERROR,Unexpected output: ,failed,0.0061376094818115234,2025-05-24 04:17:33
SVComp_C/ldv-regression/rule60_list2.c_1.c,ERROR,Unexpected output: ,failed,0.005883693695068359,2025-05-24 04:17:33
SVComp_C/loop-invariants/bin-suffix-5.c,ERROR,Unexpected output: ,failed,0.0034961700439453125,2025-05-24 04:17:33
SVComp_C/loop-invariants/eq2.c,ERROR,Unexpected output: ,failed,0.007815361022949219,2025-05-24 04:17:33
SVComp_C/loop-invariants/mod4.c,ERROR,Unexpected output: ,failed,0.0062329769134521484,2025-05-24 04:17:33
SVComp_C/loop-invariants/const.c,ERROR,Unexpected output: ,failed,0.006324052810668945,2025-05-24 04:17:33
SVComp_C/loop-invariants/eq1.c,ERROR,Unexpected output: ,failed,0.006559610366821289,2025-05-24 04:17:33
SVComp_C/loop-invariants/linear-inequality-inv-b.c,ERROR,Unexpected output: ,failed,0.4635324478149414,2025-05-24 04:17:33
SVComp_C/loop-invariants/even.c,ERROR,Unexpected output: ,failed,0.002712726593017578,2025-05-24 04:17:33
SVComp_C/loop-invariants/odd.c,ERROR,Unexpected output: ,failed,0.008214235305786133,2025-05-24 04:17:33
SVComp_C/loop-invariants/linear-inequality-inv-a.c,ERROR,Unexpected output: ,failed,0.005552530288696289,2025-05-24 04:17:33
SVComp_C/loop-invariants/linear-inequality-inv-c.c,ERROR,Unexpected output: ,failed,0.002990245819091797,2025-05-24 04:17:33
SVComp_C/memsafety-ext/tree_stack.c,ERROR,"[677086] Failed to execute script irankfinder
Traceback (most recent call last):
  File ""irankfinder.py"", line 190, in parse_file
  File ""genericparser/__init__.py"", line 109, in parse
  File ""genericparser/Parser_c.py"", line 25, in parse
  File ""genericparser/Parser_koat.py"", line 25, in parse_string
  File ""lark/lark.py"", line 197, in parse
  File ""lark/parser_frontends.py"", line 137, in parse
  File ""lark/parsers/xearley.py"", line 143, in parse
lark.common.ParseError: Unexpected end of input! Expecting a terminal of: ['__LPAR']

The above exception was the direct cause of the following exception:

Traceback (most recent call last):
  File ""irankfinder.py"", line 374, in <module>
  File ""irankfinder.py"", line 205, in launch
  File ""irankfinder.py"", line 197, in parse_file
Exception
",failed,0.44649791717529297,2025-05-24 04:17:34
SVComp_C/memsafety-ext/tree_parent_ptr.c,ERROR,Unexpected output: ,failed,0.005274057388305664,2025-05-24 04:17:34
SVComp_C/memsafety-ext/tree_cnstr.c,ERROR,Unexpected output: ,failed,0.006992816925048828,2025-05-24 04:17:34
SVComp_C/memsafety-ext/tree_dsw.c,ERROR,Unexpected output: ,failed,0.0028645992279052734,2025-05-24 04:17:34
SVComp_C/termination-restricted-15/java_Continue1.c,ERROR,Unexpected output: ,failed,0.0023529529571533203,2025-05-24 04:17:34
SVComp_C/termination-restricted-15/a.09_assume.c,ERROR,Unexpected output: ,failed,0.44827699661254883,2025-05-24 04:17:34
SVComp_C/termination-restricted-15/NO_01.c,ERROR,Unexpected output: ,failed,0.007623910903930664,2025-05-24 04:17:34
SVComp_C/termination-restricted-15/WhileDecr.c,ERROR,Unexpected output: ,failed,0.004763126373291016,2025-05-24 04:17:34
SVComp_C/termination-restricted-15/GCD3.c,ERROR,Unexpected output: ,failed,0.003200531005859375,2025-05-24 04:17:34
SVComp_C/termination-restricted-15/NO_00.c,ERROR,Unexpected output: ,failed,0.451676607131958,2025-05-24 04:17:35
SVComp_C/termination-restricted-15/a.05.c,ERROR,Unexpected output: ,failed,0.008683919906616211,2025-05-24 04:17:35
SVComp_C/termination-restricted-15/java_Break.c,ERROR,Unexpected output: ,failed,0.006363868713378906,2025-05-24 04:17:35
SVComp_C/termination-restricted-15/c.03.c,ERROR,Unexpected output: ,failed,0.4724419116973877,2025-05-24 04:17:35
SVComp_C/termination-restricted-15/c.01_assume.c,ERROR,Unexpected output: ,failed,0.005484104156494141,2025-05-24 04:17:35
SVComp_C/termination-restricted-15/Flip2.c,ERROR,Unexpected output: ,failed,0.00961613655090332,2025-05-24 04:17:35
SVComp_C/termination-restricted-15/PastaB4.c,ERROR,Unexpected output: ,failed,0.005688667297363281,2025-05-24 04:17:35
SVComp_C/termination-restricted-15/b.17.c,ERROR,Unexpected output: ,failed,0.0042400360107421875,2025-05-24 04:17:35
SVComp_C/termination-restricted-15/AlternKonv.c,ERROR,Unexpected output: ,failed,0.4538741111755371,2025-05-24 04:17:36
SVComp_C/termination-restricted-15/PastaB16.c,ERROR,Unexpected output: ,failed,0.005594491958618164,2025-05-24 04:17:36
SVComp_C/termination-restricted-15/MinusUserDefined.c,ERROR,Unexpected output: ,failed,0.0054931640625,2025-05-24 04:17:36
SVComp_C/termination-restricted-15/a.08.c,ERROR,Unexpected output: ,failed,0.002969980239868164,2025-05-24 04:17:36
SVComp_C/termination-restricted-15/NO_22.c,ERROR,Unexpected output: ,failed,0.4513835906982422,2025-05-24 04:17:36
SVComp_C/termination-restricted-15/Ex03.c,ERROR,Unexpected output: ,failed,0.003918647766113281,2025-05-24 04:17:36
SVComp_C/termination-restricted-15/ComplInterv2.c,ERROR,Unexpected output: ,failed,0.45445704460144043,2025-05-24 04:17:37
SVComp_C/termination-restricted-15/UpAndDown.c,ERROR,Unexpected output: ,failed,0.010550260543823242,2025-05-24 04:17:37
SVComp_C/termination-restricted-15/c.07.c,ERROR,Unexpected output: ,failed,0.45423388481140137,2025-05-24 04:17:37
SVComp_C/termination-restricted-15/NO_21.c,ERROR,Unexpected output: ,failed,0.008311271667480469,2025-05-24 04:17:37
SVComp_C/termination-restricted-15/PastaB1.c,ERROR,Unexpected output: ,failed,0.45899128913879395,2025-05-24 04:17:38
SVComp_C/termination-restricted-15/NO_04.c,ERROR,Unexpected output: ,failed,0.009143352508544922,2025-05-24 04:17:38
SVComp_C/termination-restricted-15/ex3a.c,ERROR,Unexpected output: ,failed,0.4668862819671631,2025-05-24 04:17:38
SVComp_C/termination-restricted-15/Ex05.c,ERROR,Unexpected output: ,failed,0.009670734405517578,2025-05-24 04:17:38
SVComp_C/termination-restricted-15/Flip.c,ERROR,Unexpected output: ,failed,0.005068778991699219,2025-05-24 04:17:38
SVComp_C/termination-restricted-15/PastaA1.c,ERROR,Unexpected output: ,failed,0.4452931880950928,2025-05-24 04:17:39
SVComp_C/termination-restricted-15/NO_24.c,ERROR,Unexpected output: ,failed,0.44278430938720703,2025-05-24 04:17:39
SVComp_C/termination-restricted-15/b.15.c,ERROR,Unexpected output: ,failed,0.0026221275329589844,2025-05-24 04:17:39
SVComp_C/termination-restricted-15/b.01.c,ERROR,Unexpected output: ,failed,0.0029828548431396484,2025-05-24 04:17:39
SVComp_C/termination-restricted-15/PastaB7.c,ERROR,Unexpected output: ,failed,0.0030965805053710938,2025-05-24 04:17:39
SVComp_C/termination-restricted-15/UpAndDownIneq.c,ERROR,Unexpected output: ,failed,0.4433481693267822,2025-05-24 04:17:40
SVComp_C/termination-restricted-15/Ex08.c,ERROR,Unexpected output: ,failed,0.009044885635375977,2025-05-24 04:17:40
SVComp_C/termination-restricted-15/Narrowing.c,ERROR,Unexpected output: ,failed,0.45029568672180176,2025-05-24 04:17:40
SVComp_C/termination-restricted-15/a.07.c,ERROR,Unexpected output: ,failed,0.005460500717163086,2025-05-24 04:17:40
SVComp_C/termination-restricted-15/java_Nested.c,ERROR,Unexpected output: ,failed,0.0030989646911621094,2025-05-24 04:17:40
SVComp_C/termination-restricted-15/c.01-no-inv.c,ERROR,Unexpected output: ,failed,0.44251537322998047,2025-05-24 04:17:41
SVComp_C/termination-restricted-15/PastaB6.c,ERROR,Unexpected output: ,failed,0.005118370056152344,2025-05-24 04:17:41
SVComp_C/termination-restricted-15/NO_03.c,ERROR,Unexpected output: ,failed,0.004317045211791992,2025-05-24 04:17:41
SVComp_C/termination-restricted-15/DivMinus2.c,ERROR,Unexpected output: ,failed,0.002535104751586914,2025-05-24 04:17:41
SVComp_C/termination-restricted-15/PastaB2.c,YES,,success,1.5478549003601074,2025-05-24 04:17:42
SVComp_C/termination-restricted-15/PastaA4.c,ERROR,Unexpected output: ,failed,0.0053555965423583984,2025-05-24 04:17:42
SVComp_C/termination-restricted-15/MirrorIntervSim.c,ERROR,Unexpected output: ,failed,0.008844614028930664,2025-05-24 04:17:42
SVComp_C/termination-restricted-15/b.06.c,ERROR,Unexpected output: ,failed,0.006112337112426758,2025-05-24 04:17:42
SVComp_C/termination-restricted-15/java_AG313.c,YES,,success,1.888068675994873,2025-05-24 04:17:44
SVComp_C/termination-restricted-15/b.10.c,ERROR,Unexpected output: ,failed,0.005049943923950195,2025-05-24 04:17:44
SVComp_C/termination-restricted-15/b.07.c,YES,,success,1.7790327072143555,2025-05-24 04:17:46
SVComp_C/termination-restricted-15/Sequence.c,ERROR,Unexpected output: ,failed,0.008578777313232422,2025-05-24 04:17:46
SVComp_C/termination-restricted-15/GCD4.c,ERROR,Unexpected output: ,failed,0.005818605422973633,2025-05-24 04:17:46
SVComp_C/termination-restricted-15/ex3b.c,ERROR,Unexpected output: ,failed,0.0037000179290771484,2025-05-24 04:17:46
SVComp_C/termination-restricted-15/GCD2.c,ERROR,Unexpected output: ,failed,0.006035327911376953,2025-05-24 04:17:46
SVComp_C/termination-restricted-15/PastaC3.c,ERROR,Unexpected output: ,failed,0.005601644515991211,2025-05-24 04:17:46
SVComp_C/termination-restricted-15/ConvLower.c,ERROR,Unexpected output: ,failed,0.0064318180084228516,2025-05-24 04:17:46
SVComp_C/termination-restricted-15/PastaB14.c,ERROR,Unexpected output: ,failed,0.004290342330932617,2025-05-24 04:17:46
SVComp_C/termination-restricted-15/McCarthyIterative.c,YES,,success,1.9556598663330078,2025-05-24 04:17:48
SVComp_C/termination-restricted-15/PastaB15.c,ERROR,Unexpected output: ,failed,0.011672258377075195,2025-05-24 04:17:48
SVComp_C/termination-restricted-15/b.03_assume.c,YES,,success,1.6321911811828613,2025-05-24 04:17:50
SVComp_C/termination-restricted-15/LogAG.c,ERROR,Unexpected output: ,failed,0.004380941390991211,2025-05-24 04:17:50
SVComp_C/termination-restricted-15/Loop-2.c,ERROR,Unexpected output: ,failed,0.0067882537841796875,2025-05-24 04:17:50
SVComp_C/termination-restricted-15/java_Sequence.c,YES,,success,1.1595661640167236,2025-05-24 04:17:51
SVComp_C/termination-restricted-15/b.09-no-inv_assume.c,ERROR,Unexpected output: ,failed,0.00508880615234375,2025-05-24 04:17:51
SVComp_C/termination-restricted-15/b.05.c,YES,,success,2.2423670291900635,2025-05-24 04:17:53
SVComp_C/termination-restricted-15/NO_02.c,ERROR,Unexpected output: ,failed,0.012136697769165039,2025-05-24 04:17:53
SVComp_C/termination-restricted-15/WhileSingle.c,ERROR,Unexpected output: ,failed,0.005741119384765625,2025-05-24 04:17:53
SVComp_C/termination-restricted-15/b.02.c,YES,,success,1.0643908977508545,2025-05-24 04:17:54
SVComp_C/termination-restricted-15/b.11.c,ERROR,Unexpected output: ,failed,0.011761665344238281,2025-05-24 04:17:54
SVComp_C/termination-restricted-15/WhilePart.c,ERROR,Unexpected output: ,failed,0.0042607784271240234,2025-05-24 04:17:54
SVComp_C/termination-restricted-15/b.14.c,YES,,success,2.6591334342956543,2025-05-24 04:17:57
SVComp_C/termination-restricted-15/Log.c,ERROR,Unexpected output: ,failed,0.005393266677856445,2025-05-24 04:17:57
SVComp_C/termination-restricted-15/IntPath.c,ERROR,Unexpected output: ,failed,0.005446434020996094,2025-05-24 04:17:57
SVComp_C/termination-restricted-15/DivMinus.c,YES,,success,1.1190550327301025,2025-05-24 04:17:58
SVComp_C/termination-restricted-15/Sunset.c,ERROR,Unexpected output: ,failed,0.0061953067779541016,2025-05-24 04:17:58
SVComp_C/termination-restricted-15/b.18.c,YES,,success,3.153078556060791,2025-05-24 04:18:01
SVComp_C/termination-restricted-15/PastaA7.c,ERROR,Unexpected output: ,failed,0.005569934844970703,2025-05-24 04:18:01
SVComp_C/termination-restricted-15/b.16.c,ERROR,Unexpected output: ,failed,0.003100156784057617,2025-05-24 04:18:01
SVComp_C/termination-restricted-15/PastaB17.c,YES,,success,2.2510414123535156,2025-05-24 04:18:04
SVComp_C/termination-restricted-15/Ex02.c,ERROR,Unexpected output: ,failed,0.011373519897460938,2025-05-24 04:18:04
SVComp_C/termination-restricted-15/c.02.c,ERROR,Unexpected output: ,failed,0.004694938659667969,2025-05-24 04:18:04
SVComp_C/termination-restricted-15/a.10.c,YES,,success,7.106786012649536,2025-05-24 04:18:11
SVComp_C/termination-restricted-15/PastaA10.c,ERROR,Unexpected output: ,failed,0.010751485824584961,2025-05-24 04:18:11
SVComp_C/termination-restricted-15/PastaC9.c,YES,,success,5.419760227203369,2025-05-24 04:18:16
SVComp_C/termination-restricted-15/b.12.c,ERROR,Unexpected output: ,failed,0.004828453063964844,2025-05-24 04:18:16
SVComp_C/termination-restricted-15/GCD-1.c,ERROR,Unexpected output: ,failed,0.0024080276489257812,2025-05-24 04:18:16
SVComp_C/termination-restricted-15/a.01.c,ERROR,Unexpected output: ,failed,0.0028481483459472656,2025-05-24 04:18:16
SVComp_C/termination-restricted-15/b.13.c,YES,,success,8.3094322681427,2025-05-24 04:18:24
SVComp_C/termination-restricted-15/c.08.c,ERROR,Unexpected output: ,failed,0.00532841682434082,2025-05-24 04:18:25
SVComp_C/termination-restricted-15/PastaC7.c,ERROR,Unexpected output: ,failed,0.005474567413330078,2025-05-24 04:18:25
SVComp_C/termination-restricted-15/a.06.c,YES,,success,4.093183755874634,2025-05-24 04:18:29
SVComp_C/termination-restricted-15/Swingers.c,ERROR,Unexpected output: ,failed,0.011513710021972656,2025-05-24 04:18:29
SVComp_C/termination-restricted-15/a.04.c,ERROR,Unexpected output: ,failed,0.002950429916381836,2025-05-24 04:18:29
SVComp_C/termination-restricted-15/TwoFloatInterv.c,ERROR,Unexpected output: ,failed,0.002564668655395508,2025-05-24 04:18:29
SVComp_C/termination-restricted-15/NarrowKonv.c,MAYBE,,success,5.638465166091919,2025-05-24 04:18:34
SVComp_C/termination-restricted-15/NO_13.c,ERROR,Unexpected output: ,failed,0.008192300796508789,2025-05-24 04:18:34
SVComp_C/termination-restricted-15/MinusBuiltIn.c,ERROR,Unexpected output: ,failed,0.0033299922943115234,2025-05-24 04:18:34
SVComp_C/termination-restricted-15/Ex06.c,ERROR,Unexpected output: ,failed,0.0031194686889648438,2025-05-24 04:18:34
SVComp_C/termination-restricted-15/NO_23.c,ERROR,Unexpected output: ,failed,0.008042573928833008,2025-05-24 04:18:34
SVComp_C/termination-restricted-15/b.09_assume.c,YES,,success,1.9518961906433105,2025-05-24 04:18:36
SVComp_C/termination-restricted-15/Nested-2.c,ERROR,Unexpected output: ,failed,0.012000083923339844,2025-05-24 04:18:36
SVComp_C/termination-restricted-15/Ex07.c,ERROR,Unexpected output: ,failed,0.002874612808227539,2025-05-24 04:18:36
SVComp_C/termination-restricted-15/b.04.c,YES,,success,1.4213588237762451,2025-05-24 04:18:38
SVComp_C/termination-restricted-15/b.03-no-inv_assume.c,ERROR,Unexpected output: ,failed,0.008573532104492188,2025-05-24 04:18:38
SVComp_C/ldv-linux-3.0/module_get_put-drivers-bluetooth-btmrvl.ko.cil.out.c,ERROR,Unexpected output: ,failed,0.009637832641601562,2025-05-24 04:18:38
SVComp_C/ldv-linux-3.0/module_get_put-drivers-net-pppox.ko.cil.out.c,ERROR,Unexpected output: ,failed,0.007001161575317383,2025-05-24 04:18:38
SVComp_C/floats-cbmc-regression/float22.c,ERROR,Unexpected output: ,failed,0.0029304027557373047,2025-05-24 04:18:38
SVComp_C/floats-cbmc-regression/float20.c,ERROR,Unexpected output: ,failed,0.006666421890258789,2025-05-24 04:18:38
SVComp_C/floats-cbmc-regression/float1.c,YES,,success,0.5297276973724365,2025-05-24 04:18:38
SVComp_C/floats-cbmc-regression/float12.c,ERROR,Unexpected output: ,failed,0.011319160461425781,2025-05-24 04:18:38
SVComp_C/floats-cbmc-regression/float6.c,ERROR,Unexpected output: ,failed,0.005442380905151367,2025-05-24 04:18:38
SVComp_C/floats-cbmc-regression/float2.c,YES,,success,0.38841843605041504,2025-05-24 04:18:39
SVComp_C/floats-cbmc-regression/float-to-double2.c,ERROR,Unexpected output: ,failed,0.007432699203491211,2025-05-24 04:18:39
SVComp_C/floats-cbmc-regression/float-no-simp1.c,YES,,success,0.5327243804931641,2025-05-24 04:18:39
SVComp_C/floats-cbmc-regression/float11.c,ERROR,Unexpected output: ,failed,0.011172771453857422,2025-05-24 04:18:39
SVComp_C/floats-cbmc-regression/float-no-simp6.c,ERROR,Unexpected output: ,failed,0.0049285888671875,2025-05-24 04:18:39
SVComp_C/floats-cbmc-regression/float-no-simp3.c,ERROR,Unexpected output: ,failed,0.005510807037353516,2025-05-24 04:18:39
SVComp_C/floats-cbmc-regression/float-no-simp7.c,YES,,success,0.39845728874206543,2025-05-24 04:18:40
SVComp_C/floats-cbmc-regression/float13.c,ERROR,Unexpected output: ,failed,0.01055598258972168,2025-05-24 04:18:40
SVComp_C/floats-cbmc-regression/float-zero-sum1.c,ERROR,Unexpected output: ,failed,0.002078533172607422,2025-05-24 04:18:40
SVComp_C/floats-cbmc-regression/float3.c,YES,,success,0.5405116081237793,2025-05-24 04:18:40
SVComp_C/floats-cbmc-regression/float5.c,ERROR,Unexpected output: ,failed,0.005263805389404297,2025-05-24 04:18:40
SVComp_C/locks/test_locks_8.c,ERROR,Unexpected output: ,failed,0.002378702163696289,2025-05-24 04:18:40
SVComp_C/locks/test_locks_7.c,ERROR,Execution timed out,failed,120,2025-05-24 04:20:41
SVComp_C/locks/test_locks_12.c,ERROR,Unexpected output: ,failed,0.007923603057861328,2025-05-24 04:20:41
SVComp_C/locks/test_locks_14-2.c,ERROR,Unexpected output: ,failed,0.0027358531951904297,2025-05-24 04:20:41
SVComp_C/locks/test_locks_6.c,ERROR,Execution timed out,failed,120,2025-05-24 04:22:41
SVComp_C/locks/test_locks_15-1.c,ERROR,Execution timed out,failed,120,2025-05-24 04:24:41
SVComp_C/locks/test_locks_5.c,ERROR,Execution timed out,failed,120,2025-05-24 04:26:41
SVComp_C/locks/test_locks_11.c,ERROR,Execution timed out,failed,120,2025-05-24 04:28:41
SVComp_C/locks/test_locks_14-1.c,ERROR,Execution timed out,failed,120,2025-05-24 04:30:41
SVComp_C/locks/test_locks_10.c,ERROR,Execution timed out,failed,120,2025-05-24 04:32:41
SVComp_C/locks/test_locks_15-2.c,ERROR,Execution timed out,failed,120,2025-05-24 04:34:41
SVComp_C/locks/test_locks_13.c,ERROR,Execution timed out,failed,120,2025-05-24 04:36:42
SVComp_C/locks/test_locks_9.c,ERROR,Execution timed out,failed,120,2025-05-24 04:38:42
SVComp_C/list-ext-properties/simple-ext.c,ERROR,"[679189] Failed to execute script irankfinder
Traceback (most recent call last):
  File ""irankfinder.py"", line 190, in parse_file
  File ""genericparser/__init__.py"", line 109, in parse
  File ""genericparser/Parser_c.py"", line 25, in parse
  File ""genericparser/Parser_koat.py"", line 25, in parse_string
  File ""lark/lark.py"", line 197, in parse
  File ""lark/parser_frontends.py"", line 137, in parse
  File ""lark/parsers/xearley.py"", line 143, in parse
lark.common.ParseError: Unexpected end of input! Expecting a terminal of: ['__LPAR']

The above exception was the direct cause of the following exception:

Traceback (most recent call last):
  File ""irankfinder.py"", line 374, in <module>
  File ""irankfinder.py"", line 205, in launch
  File ""irankfinder.py"", line 197, in parse_file
Exception
",failed,0.46861982345581055,2025-05-24 04:38:42
SVComp_C/list-ext-properties/test-0158_1-1.c,ERROR,Unexpected output: ,failed,0.0046596527099609375,2025-05-24 04:38:42
SVComp_C/list-ext-properties/test-0019_1-2.c,ERROR,Unexpected output: ,failed,0.006350278854370117,2025-05-24 04:38:42
SVComp_C/list-ext-properties/test-0019_1-1.c,ERROR,Unexpected output: ,failed,0.003252267837524414,2025-05-24 04:38:42
SVComp_C/list-ext-properties/test-0158_1-2.c,ERROR,Unexpected output: ,failed,0.00824594497680664,2025-05-24 04:38:42
SVComp_C/list-ext-properties/test-0232_1-1.c,ERROR,"[679242] Failed to execute script irankfinder
Traceback (most recent call last):
  File ""irankfinder.py"", line 190, in parse_file
  File ""genericparser/__init__.py"", line 109, in parse
  File ""genericparser/Parser_c.py"", line 25, in parse
  File ""genericparser/Parser_koat.py"", line 25, in parse_string
  File ""lark/lark.py"", line 197, in parse
  File ""lark/parser_frontends.py"", line 137, in parse
  File ""lark/parsers/xearley.py"", line 143, in parse
lark.common.ParseError: Unexpected end of input! Expecting a terminal of: ['__LPAR']

The above exception was the direct cause of the following exception:

Traceback (most recent call last):
  File ""irankfinder.py"", line 374, in <module>
  File ""irankfinder.py"", line 205, in launch
  File ""irankfinder.py"", line 197, in parse_file
Exception
",failed,0.47014617919921875,2025-05-24 04:38:43
SVComp_C/list-ext-properties/test-0232_1-2.c,ERROR,Unexpected output: ,failed,0.0044078826904296875,2025-05-24 04:38:43
SVComp_C/termination-bwb/not-01.c,YES,,success,2.3281352519989014,2025-05-24 04:38:45
SVComp_C/termination-bwb/parity1.c,ERROR,Unexpected output: ,failed,0.011406183242797852,2025-05-24 04:38:45
SVComp_C/termination-bwb/counting-bits-BK1.c,ERROR,Unexpected output: ,failed,0.005553245544433594,2025-05-24 04:38:45
SVComp_C/termination-bwb/counting-bits-set.c,ERROR,Unexpected output: ,failed,0.007793903350830078,2025-05-24 04:38:45
SVComp_C/termination-bwb/counting-bits-BK.c,ERROR,Unexpected output: ,failed,0.005140781402587891,2025-05-24 04:38:45
SVComp_C/termination-bwb/and-05-false.c,NO,,success,1.9869492053985596,2025-05-24 04:38:47
SVComp_C/termination-bwb/or-05-false.c,ERROR,Unexpected output: ,failed,0.005342721939086914,2025-05-24 04:38:47
SVComp_C/termination-bwb/and-04.c,MAYBE,,success,17.773098707199097,2025-05-24 04:39:05
SVComp_C/termination-bwb/not-05-false.c,ERROR,Unexpected output: ,failed,0.0077702999114990234,2025-05-24 04:39:05
SVComp_C/termination-bwb/consecutive-zero-bits-trailing.c,ERROR,Unexpected output: ,failed,0.003153085708618164,2025-05-24 04:39:05
SVComp_C/termination-bwb/and-02.c,ERROR,Unexpected output: ,failed,0.004941225051879883,2025-05-24 04:39:05
SVComp_C/termination-bwb/not-04.c,YES,,success,11.272506475448608,2025-05-24 04:39:16
SVComp_C/termination-bwb/not-05.c,ERROR,Unexpected output: ,failed,0.007710695266723633,2025-05-24 04:39:16
SVComp_C/termination-bwb/not-02.c,MAYBE,,success,8.516875505447388,2025-05-24 04:39:25
SVComp_C/termination-bwb/not-03-false.c,ERROR,Unexpected output: ,failed,0.004861593246459961,2025-05-24 04:39:25
SVComp_C/termination-bwb/not-03.c,ERROR,Unexpected output: ,failed,0.00806736946105957,2025-05-24 04:39:25
SVComp_C/termination-bwb/not-02-false.c,ERROR,Unexpected output: ,failed,0.006522417068481445,2025-05-24 04:39:25
SVComp_C/termination-bwb/and-06.c,MAYBE,,success,6.706074953079224,2025-05-24 04:39:31
SVComp_C/termination-bwb/and-03-false.c,ERROR,Unexpected output: ,failed,0.005545616149902344,2025-05-24 04:39:31
SVComp_C/termination-bwb/and-01.c,ERROR,Unexpected output: ,failed,0.00439906120300293,2025-05-24 04:39:32
SVComp_C/termination-bwb/or-01.c,ERROR,Unexpected output: ,failed,0.005506992340087891,2025-05-24 04:39:32
SVComp_C/termination-bwb/or-02.c,ERROR,Unexpected output: ,failed,0.006986379623413086,2025-05-24 04:39:32
SVComp_C/termination-bwb/parity0.c,ERROR,"[679659] Failed to execute script irankfinder
Traceback (most recent call last):
  File ""irankfinder.py"", line 190, in parse_file
  File ""genericparser/__init__.py"", line 109, in parse
  File ""genericparser/Parser_c.py"", line 25, in parse
  File ""genericparser/Parser_koat.py"", line 25, in parse_string
  File ""lark/lark.py"", line 197, in parse
  File ""lark/parser_frontends.py"", line 137, in parse
  File ""lark/parsers/xearley.py"", line 143, in parse
lark.common.ParseError: Unexpected end of input! Expecting a terminal of: ['__LPAR']

The above exception was the direct cause of the following exception:

Traceback (most recent call last):
  File ""irankfinder.py"", line 374, in <module>
  File ""irankfinder.py"", line 205, in launch
  File ""irankfinder.py"", line 197, in parse_file
Exception
",failed,0.47403788566589355,2025-05-24 04:39:32
SVComp_C/termination-bwb/xor-01.c,ERROR,Unexpected output: ,failed,0.005465507507324219,2025-05-24 04:39:32
SVComp_C/termination-bwb/or-04.c,NO,,success,14.945147514343262,2025-05-24 04:39:47
SVComp_C/termination-bwb/or-06.c,ERROR,Unexpected output: ,failed,0.008892536163330078,2025-05-24 04:39:47
SVComp_C/termination-bwb/and-assume.c,ERROR,"[679724] Failed to execute script irankfinder
Traceback (most recent call last):
  File ""irankfinder.py"", line 190, in parse_file
  File ""genericparser/__init__.py"", line 109, in parse
  File ""genericparser/Parser_c.py"", line 25, in parse
  File ""genericparser/Parser_koat.py"", line 25, in parse_string
  File ""lark/lark.py"", line 197, in parse
  File ""lark/parser_frontends.py"", line 137, in parse
  File ""lark/parsers/xearley.py"", line 143, in parse
lark.common.ParseError: Unexpected end of input! Expecting a terminal of: ['__LPAR']

The above exception was the direct cause of the following exception:

Traceback (most recent call last):
  File ""irankfinder.py"", line 374, in <module>
  File ""irankfinder.py"", line 205, in launch
  File ""irankfinder.py"", line 197, in parse_file
Exception
",failed,0.46680426597595215,2025-05-24 04:39:47
SVComp_C/termination-bwb/and-05.c,ERROR,Unexpected output: ,failed,0.005257129669189453,2025-05-24 04:39:47
SVComp_C/termination-bwb/not-04-false.c,ERROR,Unexpected output: ,failed,0.0027320384979248047,2025-05-24 04:39:48
SVComp_C/termination-bwb/and-03.c,MAYBE,,success,8.36059021949768,2025-05-24 04:39:56
SVComp_C/termination-bwb/and-04-false.c,ERROR,Unexpected output: ,failed,0.004422664642333984,2025-05-24 04:39:56
SVComp_C/termination-bwb/or-05.c,ERROR,Unexpected output: ,failed,0.0045468807220458984,2025-05-24 04:39:56
SVComp_C/termination-bwb/reverse-bits1.c,ERROR,Unexpected output: ,failed,0.0028617382049560547,2025-05-24 04:39:56
SVComp_C/termination-bwb/or-03.c,YES,,success,1.6242740154266357,2025-05-24 04:39:58
SVComp_C/loop-invgen/sendmail-close-angle.c,ERROR,Unexpected output: ,failed,0.0043909549713134766,2025-05-24 04:39:58
SVComp_C/loop-invgen/NetBSD_loop.c,YES,,success,3.631690263748169,2025-05-24 04:40:01
SVComp_C/loop-invgen/nested6.c,ERROR,Unexpected output: ,failed,0.0052378177642822266,2025-05-24 04:40:01
SVComp_C/loop-invgen/apache-escape-absolute.c,ERROR,"[679924] Failed to execute script irankfinder
Traceback (most recent call last):
  File ""irankfinder.py"", line 190, in parse_file
  File ""genericparser/__init__.py"", line 109, in parse
  File ""genericparser/Parser_c.py"", line 25, in parse
  File ""genericparser/Parser_koat.py"", line 25, in parse_string
  File ""lark/lark.py"", line 197, in parse
  File ""lark/parser_frontends.py"", line 137, in parse
  File ""lark/parsers/xearley.py"", line 143, in parse
lark.common.ParseError: Unexpected end of input! Expecting a terminal of: ['__LPAR']

The above exception was the direct cause of the following exception:

Traceback (most recent call last):
  File ""irankfinder.py"", line 374, in <module>
  File ""irankfinder.py"", line 205, in launch
  File ""irankfinder.py"", line 197, in parse_file
Exception
",failed,0.3433527946472168,2025-05-24 04:40:02
SVComp_C/loop-invgen/id_trans.c,YES,,success,7.225324630737305,2025-05-24 04:40:09
SVComp_C/loop-invgen/seq-3.c,ERROR,Unexpected output: ,failed,0.005509853363037109,2025-05-24 04:40:09
SVComp_C/loop-invgen/up.c,YES,,success,2.59302020072937,2025-05-24 04:40:11
SVComp_C/loop-invgen/SpamAssassin-loop.c,ERROR,Unexpected output: ,failed,0.007182121276855469,2025-05-24 04:40:11
SVComp_C/loop-invgen/nest-if3.c,ERROR,Unexpected output: ,failed,0.006091117858886719,2025-05-24 04:40:11
SVComp_C/loop-invgen/fragtest_simple.c,ERROR,Unexpected output: ,failed,0.0036101341247558594,2025-05-24 04:40:11
SVComp_C/loop-invgen/down.c,YES,,success,2.7020552158355713,2025-05-24 04:40:14
SVComp_C/loop-invgen/string_concat-noarr.c,ERROR,Unexpected output: ,failed,0.006015300750732422,2025-05-24 04:40:14
SVComp_C/loop-invgen/MADWiFi-encode_ie_ok.c,ERROR,"[680057] Failed to execute script irankfinder
Traceback (most recent call last):
  File ""irankfinder.py"", line 190, in parse_file
  File ""genericparser/__init__.py"", line 109, in parse
  File ""genericparser/Parser_c.py"", line 25, in parse
  File ""genericparser/Parser_koat.py"", line 25, in parse_string
  File ""lark/lark.py"", line 197, in parse
  File ""lark/parser_frontends.py"", line 137, in parse
  File ""lark/parsers/xearley.py"", line 143, in parse
lark.common.ParseError: Unexpected end of input! Expecting a terminal of: ['__LPAR']

The above exception was the direct cause of the following exception:

Traceback (most recent call last):
  File ""irankfinder.py"", line 374, in <module>
  File ""irankfinder.py"", line 205, in launch
  File ""irankfinder.py"", line 197, in parse_file
Exception
",failed,0.34798645973205566,2025-05-24 04:40:15
SVComp_C/loop-invgen/large_const.c,ERROR,Unexpected output: ,failed,0.004568338394165039,2025-05-24 04:40:15
SVComp_C/loop-invgen/half_2.c,ERROR,"[680083] Failed to execute script irankfinder
Traceback (most recent call last):
  File ""irankfinder.py"", line 190, in parse_file
  File ""genericparser/__init__.py"", line 109, in parse
  File ""genericparser/Parser_c.py"", line 25, in parse
  File ""genericparser/Parser_koat.py"", line 25, in parse_string
  File ""lark/lark.py"", line 197, in parse
  File ""lark/parser_frontends.py"", line 137, in parse
  File ""lark/parsers/xearley.py"", line 143, in parse
lark.common.ParseError: Unexpected end of input! Expecting a terminal of: ['__LPAR']

The above exception was the direct cause of the following exception:

Traceback (most recent call last):
  File ""irankfinder.py"", line 374, in <module>
  File ""irankfinder.py"", line 205, in launch
  File ""irankfinder.py"", line 197, in parse_file
Exception
",failed,0.3420863151550293,2025-05-24 04:40:15
SVComp_C/loop-invgen/nested9.c,ERROR,"[680103] Failed to execute script irankfinder
Traceback (most recent call last):
  File ""irankfinder.py"", line 190, in parse_file
  File ""genericparser/__init__.py"", line 109, in parse
  File ""genericparser/Parser_c.py"", line 25, in parse
  File ""genericparser/Parser_koat.py"", line 25, in parse_string
  File ""lark/lark.py"", line 197, in parse
  File ""lark/parser_frontends.py"", line 137, in parse
  File ""lark/parsers/xearley.py"", line 143, in parse
lark.common.ParseError: Unexpected end of input! Expecting a terminal of: ['__LPAR']

The above exception was the direct cause of the following exception:

Traceback (most recent call last):
  File ""irankfinder.py"", line 374, in <module>
  File ""irankfinder.py"", line 205, in launch
  File ""irankfinder.py"", line 197, in parse_file
Exception
",failed,0.46368885040283203,2025-05-24 04:40:15
SVComp_C/loop-invgen/apache-get-tag.c,ERROR,Unexpected output: ,failed,0.004664182662963867,2025-05-24 04:40:15
SVComp_C/loop-invgen/id_build.c,YES,,success,17.764042615890503,2025-05-24 04:40:33
SVComp_C/loop-invgen/heapsort.c,ERROR,Unexpected output: ,failed,0.010851144790649414,2025-05-24 04:40:33
SVComp_C/loops/insertion_sort-2-2.c,ERROR,Unexpected output: ,failed,0.00760197639465332,2025-05-24 04:40:33
SVComp_C/loops/sum04-2.c,YES,,success,1.70243239402771,2025-05-24 04:40:35
SVComp_C/loops/trex02-2.c,ERROR,Unexpected output: ,failed,0.006345272064208984,2025-05-24 04:40:35
SVComp_C/loops/terminator_02-2.c,YES,,success,3.5882725715637207,2025-05-24 04:40:39
SVComp_C/loops/while_infinite_loop_2.c,ERROR,Unexpected output: ,failed,0.006001472473144531,2025-05-24 04:40:39
SVComp_C/loops/sum03-1.c,YES,,success,2.5838875770568848,2025-05-24 04:40:41
SVComp_C/loops/trex04.c,ERROR,Unexpected output: ,failed,0.005498647689819336,2025-05-24 04:40:41
SVComp_C/loops/while_infinite_loop_3.c,ERROR,Unexpected output: ,failed,0.007767200469970703,2025-05-24 04:40:41
SVComp_C/loops/trex03-2.c,ERROR,Execution timed out,failed,120,2025-05-24 04:42:41
SVComp_C/loops/eureka_05.c,ERROR,Unexpected output: ,failed,0.004588127136230469,2025-05-24 04:42:41
SVComp_C/loops/veris.c_OpenSER_cases1_stripFullBoth_arr.c,ERROR,Execution timed out,failed,120,2025-05-24 04:44:41
SVComp_C/loops/count_up_down-1.c,YES,,success,1.41090989112854,2025-05-24 04:44:43
SVComp_C/loops/invert_string-1.c,ERROR,Unexpected output: ,failed,0.0057752132415771484,2025-05-24 04:44:43
SVComp_C/loops/terminator_03-2.c,ERROR,Unexpected output: ,failed,0.006761789321899414,2025-05-24 04:44:43
SVComp_C/loops/trex03-1.c,ERROR,Unexpected output: ,failed,0.0050716400146484375,2025-05-24 04:44:43
SVComp_C/loops/while_infinite_loop_4.c,ERROR,Unexpected output: ,failed,0.002961874008178711,2025-05-24 04:44:43
SVComp_C/loops/count_up_down-2.c,ERROR,Unexpected output: ,failed,0.005674839019775391,2025-05-24 04:44:43
SVComp_C/loops/string-2.c,ERROR,Execution timed out,failed,120,2025-05-24 04:46:43
SVComp_C/loops/n.c11.c,ERROR,Unexpected output: ,failed,0.008945226669311523,2025-05-24 04:46:43
SVComp_C/loops/string-1.c,ERROR,Unexpected output: ,failed,0.008556842803955078,2025-05-24 04:46:43
SVComp_C/loops/nec11.c,ERROR,Unexpected output: ,failed,0.005187034606933594,2025-05-24 04:46:43
SVComp_C/loops/trex01-1.c,ERROR,Unexpected output: ,failed,0.0028171539306640625,2025-05-24 04:46:43
SVComp_C/loops/matrix-1.c,ERROR,Unexpected output: ,failed,0.0048980712890625,2025-05-24 04:46:43
SVComp_C/loops/sum03-2.c,ERROR,Unexpected output: ,failed,0.005539894104003906,2025-05-24 04:46:43
SVComp_C/loops/nec40.c,ERROR,Unexpected output: ,failed,0.0031576156616210938,2025-05-24 04:46:43
SVComp_C/loops/verisec_NetBSD-libc_loop.c,NO,,success,1.4754679203033447,2025-05-24 04:46:45
SVComp_C/loops/trex01-2.c,ERROR,Unexpected output: ,failed,0.008588075637817383,2025-05-24 04:46:45
SVComp_C/loops/veris.c_sendmail_tTflag_arr_one_loop.c,MAYBE,,success,11.67840576171875,2025-05-24 04:46:56
SVComp_C/loops/terminator_01.c,ERROR,Unexpected output: ,failed,0.00797128677368164,2025-05-24 04:46:56
SVComp_C/loops/for_infinite_loop_2.c,NO,,success,1.8550848960876465,2025-05-24 04:46:58
SVComp_C/loops/trex02-1.c,ERROR,Unexpected output: ,failed,0.005182743072509766,2025-05-24 04:46:58
SVComp_C/loops/veris.c_NetBSD-libc_loop.c,ERROR,Unexpected output: ,failed,0.0040166378021240234,2025-05-24 04:46:58
SVComp_C/loops/insertion_sort-1-2.c,ERROR,Unexpected output: ,failed,0.0039484500885009766,2025-05-24 04:46:58
SVComp_C/loops/invert_string-3.c,YES,,success,8.353173017501831,2025-05-24 04:47:07
SVComp_C/loops/verisec_OpenSER_cases1_stripFullBoth_arr.c,ERROR,Unexpected output: ,failed,0.006065845489501953,2025-05-24 04:47:07
SVComp_C/loops/nec20.c,YES,,success,4.2670557498931885,2025-05-24 04:47:11
SVComp_C/loops/matrix-2-2.c,ERROR,Unexpected output: ,failed,0.005117654800415039,2025-05-24 04:47:11
SVComp_C/loops/array-1.c,YES,,success,3.4620161056518555,2025-05-24 04:47:14
SVComp_C/loops/for_bounded_loop1.c,ERROR,Unexpected output: ,failed,0.004055976867675781,2025-05-24 04:47:14
SVComp_C/loops/sum01-2.c,YES,,success,1.8120481967926025,2025-05-24 04:47:16
SVComp_C/loops/sum04-1.c,ERROR,Unexpected output: ,failed,0.008361577987670898,2025-05-24 04:47:16
SVComp_C/loops/n.c40.c,ERROR,Unexpected output: ,failed,0.005352497100830078,2025-05-24 04:47:16
SVComp_C/loops/sum01_bug02.c,ERROR,Unexpected output: ,failed,0.00675511360168457,2025-05-24 04:47:16
SVComp_C/loops/array-2.c,ERROR,Unexpected output: ,failed,0.0049610137939453125,2025-05-24 04:47:16
SVComp_C/loops/while_infinite_loop_1.c,NO,,success,0.9577035903930664,2025-05-24 04:47:17
SVComp_C/loops/for_infinite_loop_1.c,ERROR,Unexpected output: ,failed,0.011049032211303711,2025-05-24 04:47:17
SVComp_C/product-lines/minepump_spec1_product49.cil.c,ERROR,Execution timed out,failed,120,2025-05-24 04:49:17
SVComp_C/product-lines/elevator_spec2_product20.cil.c,ERROR,Execution timed out,failed,120,2025-05-24 04:51:17
SVComp_C/product-lines/minepump_spec4_product11.cil.c,ERROR,Execution timed out,failed,120,2025-05-24 04:53:18
SVComp_C/product-lines/minepump_spec2_productSimulator.cil.c,ERROR,Execution timed out,failed,120,2025-05-24 04:55:18
SVComp_C/product-lines/email_spec7_product28.cil.c,ERROR,Execution timed out,failed,120,2025-05-24 04:57:18
SVComp_C/product-lines/email_spec27_product27.cil.c,ERROR,Execution timed out,failed,120,2025-05-24 04:59:18
SVComp_C/product-lines/minepump_spec1_product30.cil.c,ERROR,Execution timed out,failed,120,2025-05-24 05:01:18
SVComp_C/product-lines/email_spec0_product16.cil.c,ERROR,Execution timed out,failed,120,2025-05-24 05:03:18
SVComp_C/product-lines/minepump_spec5_product23.cil.c,ERROR,Execution timed out,failed,120,2025-05-24 05:05:18
SVComp_C/product-lines/minepump_spec2_product32.cil.c,ERROR,Execution timed out,failed,120,2025-05-24 05:07:18
SVComp_C/product-lines/minepump_spec1_product59.cil.c,ERROR,Execution timed out,failed,120,2025-05-24 05:09:18
SVComp_C/product-lines/minepump_spec2_product22.cil.c,ERROR,Execution timed out,failed,120,2025-05-24 05:11:19
SVComp_C/product-lines/email_spec6_productSimulator.cil.c,ERROR,Unexpected output: ,failed,0.012102127075195312,2025-05-24 05:11:19
SVComp_C/product-lines/minepump_spec5_product49.cil.c,ERROR,Execution timed out,failed,120,2025-05-24 05:13:19
SVComp_C/product-lines/minepump_spec5_product14.cil.c,ERROR,Execution timed out,failed,120,2025-05-24 05:15:19
SVComp_C/product-lines/elevator_spec14_product28.cil.c,ERROR,Execution timed out,failed,120,2025-05-24 05:17:19
SVComp_C/product-lines/email_spec9_product29.cil.c,ERROR,Execution timed out,failed,120,2025-05-24 05:19:19
SVComp_C/product-lines/email_spec1_product29.cil.c,ERROR,Unexpected output: ,failed,0.01494145393371582,2025-05-24 05:19:19
SVComp_C/product-lines/email_spec7_product25.cil.c,ERROR,Execution timed out,failed,120,2025-05-24 05:21:19
SVComp_C/product-lines/minepump_spec4_product03.cil.c,ERROR,Execution timed out,failed,120,2025-05-24 05:23:19
SVComp_C/product-lines/email_spec8_product31.cil.c,ERROR,Execution timed out,failed,120,2025-05-24 05:25:19
SVComp_C/product-lines/minepump_spec4_product63.cil.c,ERROR,Execution timed out,failed,120,2025-05-24 05:27:20
SVComp_C/product-lines/email_spec9_product33.cil.c,ERROR,Execution timed out,failed,120,2025-05-24 05:29:20
SVComp_C/product-lines/elevator_spec3_product22.cil.c,ERROR,Execution timed out,failed,120,2025-05-24 05:31:20
SVComp_C/product-lines/minepump_spec1_product02.cil.c,ERROR,Execution timed out,failed,120,2025-05-24 05:33:20
SVComp_C/product-lines/email_spec0_product37.cil.c,ERROR,Execution timed out,failed,120,2025-05-24 05:35:20
SVComp_C/product-lines/email_spec0_product27.cil.c,ERROR,Execution timed out,failed,120,2025-05-24 05:37:20
SVComp_C/product-lines/minepump_spec4_product01.cil.c,ERROR,Execution timed out,failed,120,2025-05-24 05:39:20
SVComp_C/product-lines/minepump_spec4_product52.cil.c,ERROR,Execution timed out,failed,120,2025-05-24 05:41:20
SVComp_C/product-lines/elevator_spec13_product32.cil.c,ERROR,Execution timed out,failed,120,2025-05-24 05:43:20
SVComp_C/product-lines/elevator_spec3_product01.cil.c,ERROR,Execution timed out,failed,120,2025-05-24 05:45:20
SVComp_C/product-lines/elevator_spec1_product26.cil.c,ERROR,Execution timed out,failed,120,2025-05-24 05:47:21
SVComp_C/product-lines/minepump_spec3_product44.cil.c,ERROR,Execution timed out,failed,120,2025-05-24 05:49:21
SVComp_C/product-lines/email_spec6_product31.cil.c,ERROR,Execution timed out,failed,120,2025-05-24 05:51:21
SVComp_C/product-lines/email_spec8_product29.cil.c,ERROR,Execution timed out,failed,120,2025-05-24 05:53:21
SVComp_C/product-lines/email_spec7_product18.cil.c,ERROR,Execution timed out,failed,120,2025-05-24 05:55:21
SVComp_C/product-lines/minepump_spec3_product19.cil.c,ERROR,Execution timed out,failed,120,2025-05-24 05:57:21
SVComp_C/product-lines/minepump_spec2_product05.cil.c,ERROR,Unexpected output: ,failed,0.4834315776824951,2025-05-24 05:57:22
SVComp_C/product-lines/minepump_spec5_product16.cil.c,ERROR,Unexpected output: ,failed,0.005274772644042969,2025-05-24 05:57:22
SVComp_C/product-lines/minepump_spec4_product39.cil.c,ERROR,Unexpected output: ,failed,0.4821736812591553,2025-05-24 05:57:22
SVComp_C/product-lines/email_spec11_product26.cil.c,ERROR,Unexpected output: ,failed,0.005072355270385742,2025-05-24 05:57:22
SVComp_C/product-lines/minepump_spec3_product36.cil.c,ERROR,Unexpected output: ,failed,0.0057370662689208984,2025-05-24 05:57:22
SVComp_C/product-lines/minepump_spec1_product53.cil.c,ERROR,Unexpected output: ,failed,0.48746466636657715,2025-05-24 05:57:23
SVComp_C/product-lines/minepump_spec5_product54.cil.c,ERROR,Unexpected output: ,failed,0.007504463195800781,2025-05-24 05:57:23
SVComp_C/product-lines/minepump_spec4_product15.cil.c,ERROR,Unexpected output: ,failed,0.4780285358428955,2025-05-24 05:57:23
SVComp_C/product-lines/email_spec8_product14.cil.c,ERROR,Unexpected output: ,failed,0.47950172424316406,2025-05-24 05:57:24
SVComp_C/product-lines/email_spec4_product35.cil.c,ERROR,Unexpected output: ,failed,0.0027952194213867188,2025-05-24 05:57:24
SVComp_C/product-lines/email_spec6_product12.cil.c,ERROR,Unexpected output: ,failed,0.005352497100830078,2025-05-24 05:57:24
SVComp_C/product-lines/minepump_spec4_product53.cil.c,ERROR,Unexpected output: ,failed,0.0041141510009765625,2025-05-24 05:57:24
SVComp_C/product-lines/minepump_spec3_product37.cil.c,ERROR,Unexpected output: ,failed,0.48217034339904785,2025-05-24 05:57:24
SVComp_C/product-lines/minepump_spec2_product07.cil.c,ERROR,Unexpected output: ,failed,0.47800183296203613,2025-05-24 05:57:25
SVComp_C/product-lines/minepump_spec1_product36.cil.c,ERROR,Unexpected output: ,failed,0.48349571228027344,2025-05-24 05:57:25
SVComp_C/product-lines/email_spec27_product32.cil.c,ERROR,Unexpected output: ,failed,0.4773886203765869,2025-05-24 05:57:26
SVComp_C/product-lines/minepump_spec5_product36.cil.c,ERROR,Unexpected output: ,failed,0.004936933517456055,2025-05-24 05:57:26
SVComp_C/product-lines/minepump_spec2_product04.cil.c,ERROR,Unexpected output: ,failed,0.004486560821533203,2025-05-24 05:57:26
SVComp_C/product-lines/minepump_spec1_product19.cil.c,ERROR,Unexpected output: ,failed,0.4749476909637451,2025-05-24 05:57:26
SVComp_C/product-lines/minepump_spec1_product57.cil.c,ERROR,Unexpected output: ,failed,0.004832744598388672,2025-05-24 05:57:26
SVComp_C/product-lines/email_spec0_product26.cil.c,ERROR,Unexpected output: ,failed,0.004519224166870117,2025-05-24 05:57:26
SVComp_C/product-lines/minepump_spec3_product16.cil.c,ERROR,Unexpected output: ,failed,0.006584644317626953,2025-05-24 05:57:26
SVComp_C/product-lines/minepump_spec5_product11.cil.c,ERROR,Unexpected output: ,failed,0.003214120864868164,2025-05-24 05:57:26
SVComp_C/product-lines/minepump_spec2_product24.cil.c,ERROR,Unexpected output: ,failed,0.48563599586486816,2025-05-24 05:57:27
SVComp_C/product-lines/minepump_spec1_product22.cil.c,ERROR,Unexpected output: ,failed,0.4834253787994385,2025-05-24 05:57:27
SVComp_C/product-lines/email_spec4_product28.cil.c,ERROR,Unexpected output: ,failed,0.4862029552459717,2025-05-24 05:57:28
SVComp_C/product-lines/elevator_spec1_product30.cil.c,ERROR,Unexpected output: ,failed,0.0060880184173583984,2025-05-24 05:57:28
SVComp_C/product-lines/minepump_spec5_product09.cil.c,ERROR,Unexpected output: ,failed,0.0028858184814453125,2025-05-24 05:57:28
SVComp_C/product-lines/minepump_spec4_product25.cil.c,ERROR,Unexpected output: ,failed,0.006678581237792969,2025-05-24 05:57:28
SVComp_C/product-lines/minepump_spec4_product64.cil.c,ERROR,Unexpected output: ,failed,0.48940229415893555,2025-05-24 05:57:28
SVComp_C/product-lines/email_spec27_product34.cil.c,ERROR,Unexpected output: ,failed,0.00468897819519043,2025-05-24 05:57:28
SVComp_C/product-lines/email_spec9_product31.cil.c,ERROR,Unexpected output: ,failed,0.0041961669921875,2025-05-24 05:57:28
SVComp_C/product-lines/minepump_spec5_product26.cil.c,ERROR,Unexpected output: ,failed,0.006187915802001953,2025-05-24 05:57:28
SVComp_C/product-lines/minepump_spec4_product60.cil.c,ERROR,Unexpected output: ,failed,0.48419713973999023,2025-05-24 05:57:29
SVComp_C/product-lines/minepump_spec3_product28.cil.c,ERROR,Unexpected output: ,failed,0.005349636077880859,2025-05-24 05:57:29
SVComp_C/product-lines/email_spec1_product31.cil.c,ERROR,Unexpected output: ,failed,0.0032813549041748047,2025-05-24 05:57:29
SVComp_C/product-lines/minepump_spec5_product40.cil.c,ERROR,Unexpected output: ,failed,0.006846189498901367,2025-05-24 05:57:29
SVComp_C/product-lines/email_spec9_product16.cil.c,ERROR,Unexpected output: ,failed,0.002862215042114258,2025-05-24 05:57:29
SVComp_C/product-lines/minepump_spec4_product40.cil.c,ERROR,Unexpected output: ,failed,0.007830619812011719,2025-05-24 05:57:29
SVComp_C/product-lines/minepump_spec2_product49.cil.c,ERROR,Unexpected output: ,failed,0.0024933815002441406,2025-05-24 05:57:29
SVComp_C/product-lines/email_spec1_product16.cil.c,ERROR,Unexpected output: ,failed,0.483264684677124,2025-05-24 05:57:29
SVComp_C/product-lines/email_spec1_productSimulator.cil.c,ERROR,Unexpected output: ,failed,0.004890918731689453,2025-05-24 05:57:29
SVComp_C/product-lines/minepump_spec5_product30.cil.c,ERROR,Unexpected output: ,failed,0.005045652389526367,2025-05-24 05:57:29
SVComp_C/product-lines/minepump_spec5_product05.cil.c,ERROR,Unexpected output: ,failed,0.0027756690979003906,2025-05-24 05:57:29
SVComp_C/product-lines/minepump_spec4_product31.cil.c,ERROR,Unexpected output: ,failed,0.006725788116455078,2025-05-24 05:57:29
SVComp_C/product-lines/minepump_spec1_product55.cil.c,ERROR,Unexpected output: ,failed,0.004189252853393555,2025-05-24 05:57:29
SVComp_C/product-lines/minepump_spec2_product53.cil.c,ERROR,Unexpected output: ,failed,0.4882233142852783,2025-05-24 05:57:30
SVComp_C/product-lines/minepump_spec1_product46.cil.c,ERROR,Unexpected output: ,failed,0.4678471088409424,2025-05-24 05:57:30
SVComp_C/product-lines/email_spec1_product33.cil.c,ERROR,Unexpected output: ,failed,0.004248380661010742,2025-05-24 05:57:30
SVComp_C/product-lines/elevator_spec2_product24.cil.c,ERROR,Unexpected output: ,failed,0.005015134811401367,2025-05-24 05:57:30
SVComp_C/product-lines/elevator_spec1_product24.cil.c,ERROR,Unexpected output: ,failed,0.47626566886901855,2025-05-24 05:57:31
SVComp_C/product-lines/minepump_spec2_product54.cil.c,ERROR,Unexpected output: ,failed,0.005539417266845703,2025-05-24 05:57:31
SVComp_C/product-lines/minepump_spec4_product04.cil.c,ERROR,Unexpected output: ,failed,0.49379682540893555,2025-05-24 05:57:31
SVComp_C/product-lines/email_spec27_product29.cil.c,ERROR,Unexpected output: ,failed,0.48526549339294434,2025-05-24 05:57:32
SVComp_C/product-lines/email_spec8_product15.cil.c,ERROR,Unexpected output: ,failed,0.4798586368560791,2025-05-24 05:57:32
SVComp_C/product-lines/minepump_spec1_product39.cil.c,ERROR,Unexpected output: ,failed,0.0051097869873046875,2025-05-24 05:57:32
SVComp_C/product-lines/elevator_spec3_product09.cil.c,ERROR,Unexpected output: ,failed,0.005478382110595703,2025-05-24 05:57:32
SVComp_C/product-lines/minepump_spec4_product28.cil.c,ERROR,Unexpected output: ,failed,0.007137775421142578,2025-05-24 05:57:32
SVComp_C/product-lines/minepump_spec5_product17.cil.c,ERROR,Unexpected output: ,failed,0.004682302474975586,2025-05-24 05:57:32
SVComp_C/product-lines/minepump_spec5_product18.cil.c,ERROR,Unexpected output: ,failed,0.0038137435913085938,2025-05-24 05:57:32
SVComp_C/product-lines/minepump_spec5_product19.cil.c,ERROR,Unexpected output: ,failed,0.47084474563598633,2025-05-24 05:57:33
SVComp_C/product-lines/email_spec4_productSimulator.cil.c,ERROR,Unexpected output: ,failed,0.005156517028808594,2025-05-24 05:57:33
SVComp_C/product-lines/minepump_spec2_product18.cil.c,ERROR,Unexpected output: ,failed,0.47470879554748535,2025-05-24 05:57:33
SVComp_C/product-lines/minepump_spec1_product35.cil.c,ERROR,Unexpected output: ,failed,0.005021810531616211,2025-05-24 05:57:33
SVComp_C/product-lines/minepump_spec2_product36.cil.c,ERROR,Unexpected output: ,failed,0.00796365737915039,2025-05-24 05:57:33
SVComp_C/product-lines/email_spec1_product22.cil.c,ERROR,Unexpected output: ,failed,0.4830307960510254,2025-05-24 05:57:34
SVComp_C/product-lines/minepump_spec5_product56.cil.c,ERROR,Unexpected output: ,failed,0.00845026969909668,2025-05-24 05:57:34
SVComp_C/product-lines/minepump_spec1_product37.cil.c,ERROR,Unexpected output: ,failed,0.4840962886810303,2025-05-24 05:57:34
SVComp_C/product-lines/minepump_spec5_product45.cil.c,ERROR,Unexpected output: ,failed,0.005364894866943359,2025-05-24 05:57:34
SVComp_C/product-lines/minepump_spec3_product42.cil.c,ERROR,Unexpected output: ,failed,0.0032651424407958984,2025-05-24 05:57:34
SVComp_C/product-lines/email_spec9_product12.cil.c,ERROR,Unexpected output: ,failed,0.006443023681640625,2025-05-24 05:57:34
SVComp_C/product-lines/minepump_spec2_product55.cil.c,ERROR,Unexpected output: ,failed,0.4789905548095703,2025-05-24 05:57:35
SVComp_C/product-lines/minepump_spec3_product39.cil.c,ERROR,Unexpected output: ,failed,0.004857778549194336,2025-05-24 05:57:35
SVComp_C/product-lines/email_spec6_product15.cil.c,ERROR,Unexpected output: ,failed,0.4874699115753174,2025-05-24 05:57:35
SVComp_C/product-lines/minepump_spec2_product63.cil.c,ERROR,Unexpected output: ,failed,0.4832451343536377,2025-05-24 05:57:36
SVComp_C/product-lines/email_spec27_productSimulator.cil.c,ERROR,Unexpected output: ,failed,0.4827914237976074,2025-05-24 05:57:36
SVComp_C/product-lines/minepump_spec2_product38.cil.c,ERROR,Unexpected output: ,failed,0.4753124713897705,2025-05-24 05:57:37
SVComp_C/product-lines/minepump_spec3_product34.cil.c,ERROR,Unexpected output: ,failed,0.4732334613800049,2025-05-24 05:57:37
SVComp_C/product-lines/email_spec7_product33.cil.c,ERROR,Unexpected output: ,failed,0.004513740539550781,2025-05-24 05:57:37
SVComp_C/product-lines/elevator_spec3_product31.cil.c,ERROR,Unexpected output: ,failed,0.0053653717041015625,2025-05-24 05:57:37
SVComp_C/product-lines/minepump_spec5_product31.cil.c,ERROR,Unexpected output: ,failed,0.4798927307128906,2025-05-24 05:57:38
SVComp_C/product-lines/elevator_spec1_product20.cil.c,ERROR,Unexpected output: ,failed,0.47575998306274414,2025-05-24 05:57:38
SVComp_C/product-lines/minepump_spec5_product47.cil.c,ERROR,Unexpected output: ,failed,0.006256103515625,2025-05-24 05:57:38
SVComp_C/product-lines/email_spec6_product21.cil.c,ERROR,Unexpected output: ,failed,0.48484253883361816,2025-05-24 05:57:39
SVComp_C/product-lines/minepump_spec4_product33.cil.c,ERROR,Unexpected output: ,failed,0.00574946403503418,2025-05-24 05:57:39
SVComp_C/product-lines/minepump_spec1_product42.cil.c,ERROR,Unexpected output: ,failed,0.005205869674682617,2025-05-24 05:57:39
SVComp_C/product-lines/email_spec11_product32.cil.c,ERROR,Unexpected output: ,failed,0.0032405853271484375,2025-05-24 05:57:39
SVComp_C/product-lines/elevator_spec14_product32.cil.c,ERROR,Unexpected output: ,failed,0.012890100479125977,2025-05-24 05:57:39
SVComp_C/product-lines/minepump_spec1_product07.cil.c,ERROR,Unexpected output: ,failed,0.00531458854675293,2025-05-24 05:57:39
SVComp_C/product-lines/email_spec11_product07.cil.c,ERROR,Unexpected output: ,failed,0.010819435119628906,2025-05-24 05:57:39
SVComp_C/product-lines/minepump_spec3_product30.cil.c,ERROR,Unexpected output: ,failed,0.002856016159057617,2025-05-24 05:57:39
SVComp_C/product-lines/minepump_spec4_product57.cil.c,ERROR,Unexpected output: ,failed,0.006160259246826172,2025-05-24 05:57:39
SVComp_C/product-lines/email_spec11_product20.cil.c,ERROR,Unexpected output: ,failed,0.006067037582397461,2025-05-24 05:57:39
SVComp_C/product-lines/minepump_spec5_product50.cil.c,ERROR,Unexpected output: ,failed,0.004294157028198242,2025-05-24 05:57:39
SVComp_C/product-lines/minepump_spec5_product02.cil.c,ERROR,Unexpected output: ,failed,0.0028908252716064453,2025-05-24 05:57:39
SVComp_C/product-lines/minepump_spec1_product10.cil.c,ERROR,Unexpected output: ,failed,2.466325283050537,2025-05-24 05:57:41
SVComp_C/product-lines/email_spec27_product28.cil.c,ERROR,Unexpected output: ,failed,6.7182886600494385,2025-05-24 05:57:48
SVComp_C/product-lines/email_spec3_product24.cil.c,ERROR,Unexpected output: ,failed,1.9370520114898682,2025-05-24 05:57:50
SVComp_C/product-lines/minepump_spec4_product12.cil.c,ERROR,Unexpected output: ,failed,0.0034198760986328125,2025-05-24 05:57:50
SVComp_C/product-lines/email_spec4_product19.cil.c,ERROR,Unexpected output: ,failed,4.923186779022217,2025-05-24 05:57:55
SVComp_C/product-lines/elevator_spec14_product19.cil.c,ERROR,Unexpected output: ,failed,0.004953145980834961,2025-05-24 05:57:55
SVComp_C/product-lines/minepump_spec3_product04.cil.c,ERROR,Unexpected output: ,failed,0.005419731140136719,2025-05-24 05:57:55
SVComp_C/product-lines/minepump_spec4_product17.cil.c,ERROR,Unexpected output: ,failed,0.009132146835327148,2025-05-24 05:57:55
SVComp_C/product-lines/minepump_spec2_product56.cil.c,ERROR,Unexpected output: ,failed,0.00738072395324707,2025-05-24 05:57:55
SVComp_C/product-lines/email_spec9_productSimulator.cil.c,ERROR,Unexpected output: ,failed,0.002643585205078125,2025-05-24 05:57:55
SVComp_C/product-lines/elevator_spec2_product09.cil.c,ERROR,Unexpected output: ,failed,0.0055124759674072266,2025-05-24 05:57:55
SVComp_C/product-lines/minepump_spec4_product54.cil.c,ERROR,Unexpected output: ,failed,1.2245233058929443,2025-05-24 05:57:56
SVComp_C/product-lines/email_spec7_productSimulator.cil.c,ERROR,Unexpected output: ,failed,0.007330656051635742,2025-05-24 05:57:56
SVComp_C/product-lines/email_spec3_product18.cil.c,ERROR,Unexpected output: ,failed,0.0052242279052734375,2025-05-24 05:57:56
SVComp_C/product-lines/email_spec9_product15.cil.c,ERROR,Unexpected output: ,failed,0.0027458667755126953,2025-05-24 05:57:56
SVComp_C/product-lines/minepump_spec2_product50.cil.c,ERROR,Unexpected output: ,failed,0.007750511169433594,2025-05-24 05:57:56
SVComp_C/product-lines/minepump_spec1_product62.cil.c,ERROR,Unexpected output: ,failed,0.005711078643798828,2025-05-24 05:57:56
SVComp_C/product-lines/email_spec7_product32.cil.c,ERROR,Unexpected output: ,failed,2.3878655433654785,2025-05-24 05:57:59
SVComp_C/product-lines/email_spec1_product14.cil.c,ERROR,Unexpected output: ,failed,12.009012222290039,2025-05-24 05:58:11
SVComp_C/product-lines/minepump_spec4_product58.cil.c,ERROR,Unexpected output: ,failed,1.5073025226593018,2025-05-24 05:58:12
SVComp_C/product-lines/minepump_spec1_product20.cil.c,ERROR,Unexpected output: ,failed,0.0034110546112060547,2025-05-24 05:58:12
SVComp_C/product-lines/email_spec3_product29.cil.c,ERROR,Unexpected output: ,failed,1.4646601676940918,2025-05-24 05:58:14
SVComp_C/product-lines/elevator_spec1_product19.cil.c,ERROR,Unexpected output: ,failed,0.003175020217895508,2025-05-24 05:58:14
SVComp_C/product-lines/minepump_spec2_product57.cil.c,ERROR,Unexpected output: ,failed,0.006903886795043945,2025-05-24 05:58:14
SVComp_C/product-lines/minepump_spec5_product62.cil.c,ERROR,Unexpected output: ,failed,2.696660280227661,2025-05-24 05:58:17
SVComp_C/product-lines/email_spec3_product28.cil.c,ERROR,Unexpected output: ,failed,1.6873533725738525,2025-05-24 05:58:18
SVComp_C/product-lines/elevator_spec3_product27.cil.c,ERROR,Unexpected output: ,failed,1.5571889877319336,2025-05-24 05:58:20
SVComp_C/product-lines/minepump_spec3_product62.cil.c,ERROR,Unexpected output: ,failed,1.2576632499694824,2025-05-24 05:58:21
SVComp_C/product-lines/elevator_spec9_product27.cil.c,ERROR,Unexpected output: ,failed,5.55718994140625,2025-05-24 05:58:27
SVComp_C/product-lines/minepump_spec3_product41.cil.c,ERROR,Unexpected output: ,failed,0.45476388931274414,2025-05-24 05:58:27
SVComp_C/product-lines/minepump_spec1_product60.cil.c,ERROR,Unexpected output: ,failed,16.524258375167847,2025-05-24 05:58:44
SVComp_C/product-lines/minepump_spec3_product64.cil.c,ERROR,Unexpected output: ,failed,1.5547878742218018,2025-05-24 05:58:45
SVComp_C/product-lines/email_spec9_product30.cil.c,ERROR,Unexpected output: ,failed,2.007122039794922,2025-05-24 05:58:47
SVComp_C/product-lines/minepump_spec4_product24.cil.c,ERROR,Unexpected output: ,failed,0.004578113555908203,2025-05-24 05:58:47
SVComp_C/product-lines/minepump_spec4_product34.cil.c,ERROR,Unexpected output: ,failed,0.007123708724975586,2025-05-24 05:58:47
SVComp_C/product-lines/minepump_spec2_product40.cil.c,ERROR,Unexpected output: ,failed,0.0026390552520751953,2025-05-24 05:58:47
SVComp_C/product-lines/minepump_spec4_product49.cil.c,ERROR,Unexpected output: ,failed,0.005094051361083984,2025-05-24 05:58:47
SVComp_C/product-lines/minepump_spec1_product05.cil.c,ERROR,Unexpected output: ,failed,2.310500144958496,2025-05-24 05:58:50
SVComp_C/product-lines/email_spec7_product13.cil.c,ERROR,Unexpected output: ,failed,1.3053112030029297,2025-05-24 05:58:51
SVComp_C/product-lines/minepump_spec1_product52.cil.c,ERROR,Unexpected output: ,failed,1.463618516921997,2025-05-24 05:58:52
SVComp_C/product-lines/elevator_spec2_product03.cil.c,ERROR,Unexpected output: ,failed,0.005587577819824219,2025-05-24 05:58:52
SVComp_C/product-lines/minepump_spec3_product52.cil.c,ERROR,Unexpected output: ,failed,7.207733392715454,2025-05-24 05:59:00
SVComp_C/product-lines/elevator_spec1_product01.cil.c,ERROR,Unexpected output: ,failed,0.004861116409301758,2025-05-24 05:59:00
SVComp_C/product-lines/minepump_spec1_product38.cil.c,ERROR,Unexpected output: ,failed,1.774644136428833,2025-05-24 05:59:01
SVComp_C/product-lines/minepump_spec1_product48.cil.c,ERROR,Unexpected output: ,failed,2.2436420917510986,2025-05-24 05:59:04
SVComp_C/product-lines/elevator_spec9_product25.cil.c,ERROR,Unexpected output: ,failed,0.3419346809387207,2025-05-24 05:59:04
SVComp_C/product-lines/minepump_spec2_product23.cil.c,ERROR,Unexpected output: ,failed,0.005409955978393555,2025-05-24 05:59:04
SVComp_C/product-lines/minepump_spec4_product13.cil.c,ERROR,Unexpected output: ,failed,0.00717473030090332,2025-05-24 05:59:04
SVComp_C/product-lines/minepump_spec3_product11.cil.c,ERROR,Unexpected output: ,failed,0.002569437026977539,2025-05-24 05:59:04
SVComp_C/product-lines/minepump_spec3_product58.cil.c,ERROR,Unexpected output: ,failed,0.004793643951416016,2025-05-24 05:59:04
SVComp_C/product-lines/email_spec0_product35.cil.c,ERROR,Unexpected output: ,failed,0.4883558750152588,2025-05-24 05:59:05
SVComp_C/product-lines/email_spec8_product21.cil.c,ERROR,Unexpected output: ,failed,0.0060138702392578125,2025-05-24 05:59:05
SVComp_C/product-lines/email_spec7_product23.cil.c,ERROR,Execution timed out,failed,120,2025-05-24 06:01:05
SVComp_C/product-lines/elevator_spec1_product11.cil.c,ERROR,Execution timed out,failed,120,2025-05-24 06:03:05
SVComp_C/product-lines/email_spec9_product35.cil.c,ERROR,Execution timed out,failed,120,2025-05-24 06:05:05
SVComp_C/product-lines/elevator_spec9_product30.cil.c,ERROR,Execution timed out,failed,120,2025-05-24 06:07:05
SVComp_C/product-lines/elevator_spec9_product09.cil.c,ERROR,Execution timed out,failed,120,2025-05-24 06:09:05
SVComp_C/product-lines/elevator_spec2_product32.cil.c,ERROR,Execution timed out,failed,120,2025-05-24 06:11:05
SVComp_C/product-lines/minepump_spec4_product41.cil.c,ERROR,Execution timed out,failed,120,2025-05-24 06:13:05
SVComp_C/product-lines/email_spec3_product17.cil.c,ERROR,Execution timed out,failed,120,2025-05-24 06:15:05
SVComp_C/product-lines/minepump_spec3_product57.cil.c,ERROR,Execution timed out,failed,120,2025-05-24 06:17:06
SVComp_C/product-lines/email_spec3_product23.cil.c,ERROR,Execution timed out,failed,120,2025-05-24 06:19:06
SVComp_C/product-lines/minepump_spec3_product63.cil.c,ERROR,Execution timed out,failed,120,2025-05-24 06:21:06
SVComp_C/product-lines/email_spec27_product35.cil.c,ERROR,Execution timed out,failed,120,2025-05-24 06:23:06
SVComp_C/product-lines/email_spec0_product40.cil.c,ERROR,Execution timed out,failed,120,2025-05-24 06:25:06
SVComp_C/product-lines/elevator_spec3_product24.cil.c,ERROR,Execution timed out,failed,120,2025-05-24 06:27:06
SVComp_C/product-lines/minepump_spec2_product37.cil.c,ERROR,Execution timed out,failed,120,2025-05-24 06:29:06
SVComp_C/product-lines/email_spec9_product34.cil.c,ERROR,Execution timed out,failed,120,2025-05-24 06:31:06
SVComp_C/product-lines/elevator_spec3_product28.cil.c,ERROR,Execution timed out,failed,120,2025-05-24 06:33:07
SVComp_C/product-lines/minepump_spec2_product15.cil.c,ERROR,Execution timed out,failed,120,2025-05-24 06:35:07
SVComp_C/product-lines/elevator_spec1_product27.cil.c,ERROR,Execution timed out,failed,120,2025-05-24 06:37:07
SVComp_C/product-lines/email_spec4_product29.cil.c,ERROR,Execution timed out,failed,120,2025-05-24 06:39:07
SVComp_C/product-lines/email_spec11_product22.cil.c,ERROR,Execution timed out,failed,120,2025-05-24 06:41:07
SVComp_C/product-lines/email_spec6_product16.cil.c,ERROR,Execution timed out,failed,120,2025-05-24 06:43:07
SVComp_C/product-lines/minepump_spec4_product18.cil.c,ERROR,Execution timed out,failed,120,2025-05-24 06:45:07
SVComp_C/product-lines/minepump_spec2_product34.cil.c,ERROR,Execution timed out,failed,120,2025-05-24 06:47:07
SVComp_C/product-lines/minepump_spec3_product15.cil.c,ERROR,Execution timed out,failed,120,2025-05-24 06:49:07
SVComp_C/product-lines/email_spec0_product34.cil.c,ERROR,Execution timed out,failed,120,2025-05-24 06:51:08
SVComp_C/product-lines/email_spec11_product08.cil.c,ERROR,Execution timed out,failed,120,2025-05-24 06:53:08
SVComp_C/product-lines/email_spec3_product30.cil.c,ERROR,Execution timed out,failed,120,2025-05-24 06:55:08
SVComp_C/product-lines/minepump_spec3_product43.cil.c,ERROR,Execution timed out,failed,120,2025-05-24 06:57:08
SVComp_C/product-lines/email_spec7_product17.cil.c,ERROR,Execution timed out,failed,120,2025-05-24 06:59:08
SVComp_C/product-lines/elevator_spec3_product17.cil.c,ERROR,Execution timed out,failed,120,2025-05-24 07:01:08
SVComp_C/product-lines/minepump_spec1_product56.cil.c,ERROR,Execution timed out,failed,120,2025-05-24 07:03:08
SVComp_C/product-lines/minepump_spec5_product57.cil.c,ERROR,Execution timed out,failed,120,2025-05-24 07:05:08
SVComp_C/product-lines/elevator_spec3_product25.cil.c,ERROR,Execution timed out,failed,120,2025-05-24 07:07:08
SVComp_C/product-lines/elevator_spec13_product31.cil.c,ERROR,Execution timed out,failed,120,2025-05-24 07:09:09
SVComp_C/product-lines/email_spec4_product27.cil.c,ERROR,Execution timed out,failed,120,2025-05-24 07:11:09
SVComp_C/product-lines/email_spec4_product33.cil.c,ERROR,Execution timed out,failed,120,2025-05-24 07:13:09
SVComp_C/product-lines/elevator_spec2_product18.cil.c,ERROR,Execution timed out,failed,120,2025-05-24 07:15:09
SVComp_C/product-lines/elevator_spec1_product18.cil.c,ERROR,Execution timed out,failed,120,2025-05-24 07:17:09
SVComp_C/product-lines/email_spec6_product30.cil.c,ERROR,Execution timed out,failed,120,2025-05-24 07:19:09
SVComp_C/product-lines/minepump_spec2_product60.cil.c,ERROR,Execution timed out,failed,120,2025-05-24 07:21:09
SVComp_C/product-lines/email_spec4_product18.cil.c,ERROR,Execution timed out,failed,120,2025-05-24 07:23:09
SVComp_C/product-lines/minepump_spec2_product06.cil.c,ERROR,Execution timed out,failed,120,2025-05-24 07:25:09
SVComp_C/product-lines/email_spec11_product35.cil.c,ERROR,Execution timed out,failed,120,2025-05-24 07:27:10
SVComp_C/product-lines/email_spec27_product13.cil.c,ERROR,Execution timed out,failed,120,2025-05-24 07:29:10
SVComp_C/product-lines/minepump_spec3_product47.cil.c,ERROR,Execution timed out,failed,120,2025-05-24 07:31:10
SVComp_C/product-lines/email_spec6_product35.cil.c,ERROR,Execution timed out,failed,120,2025-05-24 07:33:10
SVComp_C/product-lines/minepump_spec2_product13.cil.c,ERROR,Execution timed out,failed,120,2025-05-24 07:35:10
SVComp_C/product-lines/elevator_spec1_product29.cil.c,ERROR,Execution timed out,failed,120,2025-05-24 07:37:10
SVComp_C/product-lines/minepump_spec4_product46.cil.c,ERROR,Execution timed out,failed,120,2025-05-24 07:39:10
SVComp_C/product-lines/elevator_spec13_product24.cil.c,ERROR,Execution timed out,failed,120,2025-05-24 07:41:10
SVComp_C/product-lines/minepump_spec1_product47.cil.c,ERROR,Execution timed out,failed,120,2025-05-24 07:43:11
SVComp_C/product-lines/minepump_spec5_product63.cil.c,ERROR,Execution timed out,failed,120,2025-05-24 07:45:11
SVComp_C/product-lines/minepump_spec1_product41.cil.c,ERROR,Execution timed out,failed,120,2025-05-24 07:47:11
SVComp_C/product-lines/elevator_spec3_product32.cil.c,ERROR,Execution timed out,failed,120,2025-05-24 07:49:11
SVComp_C/product-lines/email_spec3_product25.cil.c,ERROR,Execution timed out,failed,120,2025-05-24 07:51:11
SVComp_C/product-lines/minepump_spec3_product29.cil.c,ERROR,Execution timed out,failed,120,2025-05-24 07:53:11
SVComp_C/product-lines/elevator_spec2_product01.cil.c,ERROR,Execution timed out,failed,120,2025-05-24 07:55:11
SVComp_C/product-lines/minepump_spec1_product08.cil.c,ERROR,Execution timed out,failed,120,2025-05-24 07:57:11
SVComp_C/product-lines/minepump_spec3_product56.cil.c,ERROR,Execution timed out,failed,120,2025-05-24 07:59:11
SVComp_C/product-lines/minepump_spec5_product64.cil.c,ERROR,Execution timed out,failed,120,2025-05-24 08:01:12
SVComp_C/product-lines/minepump_spec4_product44.cil.c,ERROR,Execution timed out,failed,120,2025-05-24 08:03:12
SVComp_C/product-lines/email_spec11_product30.cil.c,ERROR,Execution timed out,failed,120,2025-05-24 08:05:12
SVComp_C/product-lines/email_spec6_product29.cil.c,ERROR,Execution timed out,failed,120,2025-05-24 08:07:12
SVComp_C/product-lines/minepump_spec1_product27.cil.c,ERROR,Execution timed out,failed,120,2025-05-24 08:09:12
SVComp_C/product-lines/email_spec11_product36.cil.c,ERROR,Execution timed out,failed,120,2025-05-24 08:11:12
SVComp_C/product-lines/minepump_spec4_product36.cil.c,ERROR,Execution timed out,failed,120,2025-05-24 08:13:12
SVComp_C/product-lines/minepump_spec2_product09.cil.c,ERROR,Execution timed out,failed,120,2025-05-24 08:15:12
SVComp_C/product-lines/minepump_spec3_product48.cil.c,ERROR,Execution timed out,failed,120,2025-05-24 08:17:12
SVComp_C/product-lines/email_spec0_product36.cil.c,ERROR,Execution timed out,failed,120,2025-05-24 08:19:13
SVComp_C/product-lines/elevator_spec1_product31.cil.c,ERROR,Execution timed out,failed,120,2025-05-24 08:21:13
SVComp_C/product-lines/minepump_spec5_product60.cil.c,ERROR,Execution timed out,failed,120,2025-05-24 08:23:13
SVComp_C/product-lines/minepump_spec2_product47.cil.c,ERROR,Execution timed out,failed,120,2025-05-24 08:25:13
SVComp_C/product-lines/minepump_spec5_product37.cil.c,ERROR,Execution timed out,failed,120,2025-05-24 08:27:13
SVComp_C/product-lines/minepump_spec1_product17.cil.c,ERROR,Execution timed out,failed,120,2025-05-24 08:29:13
SVComp_C/product-lines/minepump_spec4_product22.cil.c,ERROR,Execution timed out,failed,120,2025-05-24 08:31:13
SVComp_C/product-lines/email_spec9_product28.cil.c,ERROR,Execution timed out,failed,120,2025-05-24 08:33:13
SVComp_C/product-lines/email_spec4_product30.cil.c,ERROR,Execution timed out,failed,120,2025-05-24 08:35:14
SVComp_C/product-lines/elevator_spec3_product29.cil.c,ERROR,Execution timed out,failed,120,2025-05-24 08:37:14
SVComp_C/product-lines/minepump_spec1_product29.cil.c,ERROR,Execution timed out,failed,120,2025-05-24 08:39:14
SVComp_C/product-lines/minepump_spec3_product54.cil.c,ERROR,Execution timed out,failed,120,2025-05-24 08:41:14
SVComp_C/product-lines/minepump_spec3_product01.cil.c,ERROR,Execution timed out,failed,120,2025-05-24 08:43:14
SVComp_C/product-lines/minepump_spec3_product45.cil.c,ERROR,Execution timed out,failed,120,2025-05-24 08:45:14
SVComp_C/product-lines/email_spec9_product14.cil.c,ERROR,Execution timed out,failed,120,2025-05-24 08:47:14
SVComp_C/product-lines/minepump_spec5_product07.cil.c,ERROR,Execution timed out,failed,120,2025-05-24 08:49:14
SVComp_C/product-lines/email_spec1_product20.cil.c,ERROR,Execution timed out,failed,120,2025-05-24 08:51:14
SVComp_C/product-lines/minepump_spec2_product25.cil.c,ERROR,Execution timed out,failed,120,2025-05-24 08:53:15
SVComp_C/product-lines/minepump_spec2_product52.cil.c,ERROR,Execution timed out,failed,120,2025-05-24 08:55:15
SVComp_C/product-lines/minepump_spec4_product06.cil.c,ERROR,Execution timed out,failed,120,2025-05-24 08:57:15
SVComp_C/product-lines/email_spec0_product11.cil.c,ERROR,Execution timed out,failed,120,2025-05-24 08:59:15
SVComp_C/product-lines/minepump_spec5_product46.cil.c,ERROR,Execution timed out,failed,120,2025-05-24 09:01:15
SVComp_C/product-lines/minepump_spec3_product35.cil.c,ERROR,Execution timed out,failed,120,2025-05-24 09:03:15
SVComp_C/product-lines/elevator_spec1_product23.cil.c,ERROR,Execution timed out,failed,120,2025-05-24 09:05:15
SVComp_C/product-lines/elevator_spec13_productSimulator.cil.c,ERROR,Execution timed out,failed,120,2025-05-24 09:07:15
SVComp_C/product-lines/minepump_spec1_product33.cil.c,ERROR,Execution timed out,failed,120,2025-05-24 09:09:16
SVComp_C/product-lines/minepump_spec5_product43.cil.c,ERROR,Execution timed out,failed,120,2025-05-24 09:11:16
SVComp_C/product-lines/minepump_spec1_productSimulator.cil.c,ERROR,Execution timed out,failed,120,2025-05-24 09:13:16
SVComp_C/product-lines/minepump_spec5_product10.cil.c,ERROR,Execution timed out,failed,120,2025-05-24 09:15:16
SVComp_C/product-lines/elevator_spec2_product29.cil.c,ERROR,Execution timed out,failed,120,2025-05-24 09:17:16
SVComp_C/product-lines/email_spec1_product26.cil.c,ERROR,Execution timed out,failed,120,2025-05-24 09:19:16
SVComp_C/product-lines/elevator_spec14_product11.cil.c,ERROR,Execution timed out,failed,120,2025-05-24 09:21:16
SVComp_C/product-lines/email_spec6_product34.cil.c,ERROR,Execution timed out,failed,120,2025-05-24 09:23:16
SVComp_C/product-lines/email_spec6_product20.cil.c,ERROR,Execution timed out,failed,120,2025-05-24 09:25:16
SVComp_C/product-lines/minepump_spec2_product35.cil.c,ERROR,Execution timed out,failed,120,2025-05-24 09:27:17
SVComp_C/product-lines/email_spec27_product30.cil.c,ERROR,Execution timed out,failed,120,2025-05-24 09:29:17
SVComp_C/product-lines/email_spec7_product31.cil.c,ERROR,Execution timed out,failed,120,2025-05-24 09:31:17
SVComp_C/product-lines/minepump_spec3_product17.cil.c,ERROR,Execution timed out,failed,120,2025-05-24 09:33:17
SVComp_C/product-lines/email_spec3_product13.cil.c,ERROR,Execution timed out,failed,120,2025-05-24 09:35:17
SVComp_C/product-lines/minepump_spec5_product59.cil.c,ERROR,Execution timed out,failed,120,2025-05-24 09:37:17
SVComp_C/product-lines/elevator_spec14_product20.cil.c,ERROR,Execution timed out,failed,120,2025-05-24 09:39:17
SVComp_C/product-lines/elevator_spec2_product23.cil.c,ERROR,Execution timed out,failed,120,2025-05-24 09:41:17
SVComp_C/product-lines/email_spec0_product25.cil.c,ERROR,Execution timed out,failed,120,2025-05-24 09:43:17
SVComp_C/product-lines/elevator_spec1_product32.cil.c,ERROR,Execution timed out,failed,120,2025-05-24 09:45:18
SVComp_C/product-lines/minepump_spec2_product41.cil.c,ERROR,Execution timed out,failed,120,2025-05-24 09:47:18
SVComp_C/product-lines/email_spec1_product30.cil.c,ERROR,Execution timed out,failed,120,2025-05-24 09:49:18
SVComp_C/product-lines/minepump_spec5_product12.cil.c,ERROR,Execution timed out,failed,120,2025-05-24 09:51:18
SVComp_C/product-lines/minepump_spec4_product23.cil.c,ERROR,Execution timed out,failed,120,2025-05-24 09:53:18
SVComp_C/product-lines/minepump_spec3_product49.cil.c,ERROR,Execution timed out,failed,120,2025-05-24 09:55:18
SVComp_C/product-lines/email_spec1_product28.cil.c,ERROR,Execution timed out,failed,120,2025-05-24 09:57:18
SVComp_C/product-lines/minepump_spec2_product46.cil.c,ERROR,Execution timed out,failed,120,2025-05-24 09:59:18
SVComp_C/product-lines/minepump_spec1_product12.cil.c,ERROR,Execution timed out,failed,120,2025-05-24 10:01:18
SVComp_C/product-lines/email_spec8_product30.cil.c,ERROR,Execution timed out,failed,120,2025-05-24 10:03:19
SVComp_C/product-lines/minepump_spec5_product44.cil.c,ERROR,Execution timed out,failed,120,2025-05-24 10:05:19
SVComp_C/product-lines/minepump_spec5_product53.cil.c,ERROR,Execution timed out,failed,120,2025-05-24 10:07:19
SVComp_C/product-lines/elevator_spec2_product31.cil.c,ERROR,Execution timed out,failed,120,2025-05-24 10:09:19
SVComp_C/product-lines/email_spec8_product12.cil.c,ERROR,Execution timed out,failed,120,2025-05-24 10:11:19
SVComp_C/product-lines/minepump_spec1_product31.cil.c,ERROR,Execution timed out,failed,120,2025-05-24 10:13:19
SVComp_C/product-lines/email_spec11_product40.cil.c,ERROR,Execution timed out,failed,120,2025-05-24 10:15:19
