file,path,result
960521-1_1_true-valid-memsafety.c,TPDB_Y2024_filtered_VBS\SV-COMP_Mixed_Categories,YES
Addition01_true-unreach-call_true-termination.c,TPDB_Y2024_filtered_VBS\SV-COMP_Mixed_Categories,YES
afterrec_2calls_false-unreach-call.c,TPDB_Y2024_filtered_VBS\SV-COMP_Mixed_Categories,YES
BallRajamani-SPIN2000-Fig1_false-unreach-call.c,TPDB_Y2024_filtered_VBS\SV-COMP_Mixed_Categories,YES
bist_cell_true-unreach-call_false-termination.cil.c,TPDB_Y2024_filtered_VBS\SV-COMP_Mixed_Categories,NO
cdaudio_simpl1_false-unreach-call_true-termination.cil.c,TPDB_Y2024_filtered_VBS\SV-COMP_Mixed_Categories,YES
data_structures_set_multi_proc_false-unreach-call_ground.c,TPDB_Y2024_filtered_VBS\SV-COMP_Mixed_Categories,YES
diskperf_simpl1_true-unreach-call_true-termination.cil.c,TPDB_Y2024_filtered_VBS\SV-COMP_Mixed_Categories,YES
email_spec0_product05_true-unreach-call.cil.c,TPDB_Y2024_filtered_VBS\SV-COMP_Mixed_Categories,YES
EvenOdd01_true-unreach-call_true-termination.c,TPDB_Y2024_filtered_VBS\SV-COMP_Mixed_Categories,YES
Fibonacci01_true-unreach-call.c,TPDB_Y2024_filtered_VBS\SV-COMP_Mixed_Categories,YES
fibo_2calls_2_false-unreach-call.c,TPDB_Y2024_filtered_VBS\SV-COMP_Mixed_Categories,YES
fibo_5_false-unreach-call.c,TPDB_Y2024_filtered_VBS\SV-COMP_Mixed_Categories,YES
floppy_simpl3_false-unreach-call_true-termination.cil.c,TPDB_Y2024_filtered_VBS\SV-COMP_Mixed_Categories,YES
gcd01_true-unreach-call_true-termination.c,TPDB_Y2024_filtered_VBS\SV-COMP_Mixed_Categories,YES
id2_b2_o3_true-unreach-call.c,TPDB_Y2024_filtered_VBS\SV-COMP_Mixed_Categories,NO
id_i10_o10_false-unreach-call.c,TPDB_Y2024_filtered_VBS\SV-COMP_Mixed_Categories,YES
kbfiltr_simpl1_true-unreach-call_true-termination.cil.c,TPDB_Y2024_filtered_VBS\SV-COMP_Mixed_Categories,YES
McCarthy91_false-unreach-call_false-termination.c,TPDB_Y2024_filtered_VBS\SV-COMP_Mixed_Categories,YES
mem_slave_tlm.1_true-unreach-call_false-termination.cil.c,TPDB_Y2024_filtered_VBS\SV-COMP_Mixed_Categories,NO
minepump_spec1_product01_true-unreach-call.cil.c,TPDB_Y2024_filtered_VBS\SV-COMP_Mixed_Categories,NO
pals_floodmax.3_false-unreach-call.1.ufo.BOUNDED-6.pals.c,TPDB_Y2024_filtered_VBS\SV-COMP_Mixed_Categories,NO
pals_lcr-var-start-time.3_false-unreach-call.1.ufo.BOUNDED-6.pals.c,TPDB_Y2024_filtered_VBS\SV-COMP_Mixed_Categories,NO
pals_lcr-var-start-time.6_false-unreach-call.1.ufo.BOUNDED-12.pals.c,TPDB_Y2024_filtered_VBS\SV-COMP_Mixed_Categories,NO
pals_lcr.3_false-unreach-call.1.ufo.BOUNDED-6.pals.c,TPDB_Y2024_filtered_VBS\SV-COMP_Mixed_Categories,NO
pals_lcr.8_false-unreach-call.1.ufo.BOUNDED-16.pals.c,TPDB_Y2024_filtered_VBS\SV-COMP_Mixed_Categories,NO
pals_opt-floodmax.3_false-unreach-call.1.ufo.BOUNDED-6.pals.c,TPDB_Y2024_filtered_VBS\SV-COMP_Mixed_Categories,NO
pals_STARTPALS_ActiveStandby_false-unreach-call.1.ufo.BOUNDED-10.pals.c,TPDB_Y2024_filtered_VBS\SV-COMP_Mixed_Categories,NO
pals_STARTPALS_Triplicated_false-unreach-call.1.ufo.BOUNDED-10.pals.c,TPDB_Y2024_filtered_VBS\SV-COMP_Mixed_Categories,NO
pc_sfifo_1_false-unreach-call_false-termination.cil.c,TPDB_Y2024_filtered_VBS\SV-COMP_Mixed_Categories,NO
Primes_true-unreach-call.c,TPDB_Y2024_filtered_VBS\SV-COMP_Mixed_Categories,NO
Problem02_label00_true-unreach-call.c,TPDB_Y2024_filtered_VBS\SV-COMP_Mixed_Categories,NO
recHanoi01_true-unreach-call_true-termination.c,TPDB_Y2024_filtered_VBS\SV-COMP_Mixed_Categories,YES
s3_clnt_1_false-unreach-call.cil.c,TPDB_Y2024_filtered_VBS\SV-COMP_Mixed_Categories,YES
s3_srvr_14_false-unreach-call.cil.c,TPDB_Y2024_filtered_VBS\SV-COMP_Mixed_Categories,NO
s3_srvr_1_false-unreach-call.cil.c,TPDB_Y2024_filtered_VBS\SV-COMP_Mixed_Categories,NO
standard_compare_true-unreach-call_ground.c,TPDB_Y2024_filtered_VBS\SV-COMP_Mixed_Categories,YES
standard_copy7_true-unreach-call_ground.c,TPDB_Y2024_filtered_VBS\SV-COMP_Mixed_Categories,YES
standard_password_true-unreach-call_ground.c,TPDB_Y2024_filtered_VBS\SV-COMP_Mixed_Categories,YES
stateful_check_false-unreach-call.c,TPDB_Y2024_filtered_VBS\SV-COMP_Mixed_Categories,NO
sum_2x3_false-unreach-call.c,TPDB_Y2024_filtered_VBS\SV-COMP_Mixed_Categories,YES
sum_non_eq_false-unreach-call.c,TPDB_Y2024_filtered_VBS\SV-COMP_Mixed_Categories,NO
test_locks_15_true-unreach-call_false-termination.c,TPDB_Y2024_filtered_VBS\SV-COMP_Mixed_Categories,NO
token_ring.01_false-unreach-call_false-termination.cil.c,TPDB_Y2024_filtered_VBS\SV-COMP_Mixed_Categories,NO
token_ring.05_false-unreach-call_false-termination.cil.c,TPDB_Y2024_filtered_VBS\SV-COMP_Mixed_Categories,NO
transmitter.01_false-unreach-call_false-termination.cil.c,TPDB_Y2024_filtered_VBS\SV-COMP_Mixed_Categories,NO
transmitter.06_false-unreach-call_false-termination.cil.c,TPDB_Y2024_filtered_VBS\SV-COMP_Mixed_Categories,NO
2Nested_true-termination.c,TPDB_Y2024_filtered_VBS\Stroeder_15,YES
4NestedWith3Variables_true-termination.c,TPDB_Y2024_filtered_VBS\Stroeder_15,YES
aaron2_true-termination.c,TPDB_Y2024_filtered_VBS\Stroeder_15,YES
aaron3_true-termination.c,TPDB_Y2024_filtered_VBS\Stroeder_15,YES
AliasDarteFeautrierGonnord-SAS2010-complex_true-termination.c,TPDB_Y2024_filtered_VBS\Stroeder_15,YES
AliasDarteFeautrierGonnord-SAS2010-counterex1a_true-termination.c,TPDB_Y2024_filtered_VBS\Stroeder_15,YES
AliasDarteFeautrierGonnord-SAS2010-counterex1b_true-termination.c,TPDB_Y2024_filtered_VBS\Stroeder_15,YES
AliasDarteFeautrierGonnord-SAS2010-cousot9_true-termination.c,TPDB_Y2024_filtered_VBS\Stroeder_15,YES
AliasDarteFeautrierGonnord-SAS2010-exmini_true-termination.c,TPDB_Y2024_filtered_VBS\Stroeder_15,YES
AliasDarteFeautrierGonnord-SAS2010-Fig1_true-termination.c,TPDB_Y2024_filtered_VBS\Stroeder_15,YES
AliasDarteFeautrierGonnord-SAS2010-Fig2a_true-termination.c,TPDB_Y2024_filtered_VBS\Stroeder_15,YES
AliasDarteFeautrierGonnord-SAS2010-Fig2b_true-termination.c,TPDB_Y2024_filtered_VBS\Stroeder_15,YES
AliasDarteFeautrierGonnord-SAS2010-loops_true-termination.c,TPDB_Y2024_filtered_VBS\Stroeder_15,YES
AliasDarteFeautrierGonnord-SAS2010-ndecr_true-termination.c,TPDB_Y2024_filtered_VBS\Stroeder_15,YES
AliasDarteFeautrierGonnord-SAS2010-nestedLoop_true-termination.c,TPDB_Y2024_filtered_VBS\Stroeder_15,YES
AliasDarteFeautrierGonnord-SAS2010-random1d_true-termination.c,TPDB_Y2024_filtered_VBS\Stroeder_15,YES
AliasDarteFeautrierGonnord-SAS2010-random2d_true-termination.c,TPDB_Y2024_filtered_VBS\Stroeder_15,YES
AliasDarteFeautrierGonnord-SAS2010-rsd_true-termination.c,TPDB_Y2024_filtered_VBS\Stroeder_15,YES
AliasDarteFeautrierGonnord-SAS2010-speedFails4_true-termination.c,TPDB_Y2024_filtered_VBS\Stroeder_15,YES
AliasDarteFeautrierGonnord-SAS2010-speedpldi2_true-termination.c,TPDB_Y2024_filtered_VBS\Stroeder_15,YES
AliasDarteFeautrierGonnord-SAS2010-speedpldi3_true-termination.c,TPDB_Y2024_filtered_VBS\Stroeder_15,YES
AliasDarteFeautrierGonnord-SAS2010-speedpldi4_true-termination.c,TPDB_Y2024_filtered_VBS\Stroeder_15,YES
AliasDarteFeautrierGonnord-SAS2010-terminate_true-termination.c,TPDB_Y2024_filtered_VBS\Stroeder_15,YES
AliasDarteFeautrierGonnord-SAS2010-wcet2_true-termination.c,TPDB_Y2024_filtered_VBS\Stroeder_15,YES
AliasDarteFeautrierGonnord-SAS2010-while2_true-termination.c,TPDB_Y2024_filtered_VBS\Stroeder_15,YES
AliasDarteFeautrierGonnord-SAS2010-wise_true-termination.c,TPDB_Y2024_filtered_VBS\Stroeder_15,YES
AlternDiv.c,TPDB_Y2024_filtered_VBS\Stroeder_15,NO
AlternDivWide.c,TPDB_Y2024_filtered_VBS\Stroeder_15,NO
AlternDivWidening.c,TPDB_Y2024_filtered_VBS\Stroeder_15,NO
AlternKonv.c,TPDB_Y2024_filtered_VBS\Stroeder_15,NO
Avery-FLOPS2006-Table1_true-termination.c,TPDB_Y2024_filtered_VBS\Stroeder_15,YES
Bangalore_true-termination.c,TPDB_Y2024_filtered_VBS\Stroeder_15,YES
Ben-Amram-LMCS2010-Ex2.3_true-termination.c,TPDB_Y2024_filtered_VBS\Stroeder_15,YES
Benghazi_true-termination.c,TPDB_Y2024_filtered_VBS\Stroeder_15,YES
BradleyMannaSipma-CAV2005-Fig1-modified_false-termination.c,TPDB_Y2024_filtered_VBS\Stroeder_15,NO
BradleyMannaSipma-CAV2005-Fig1_true-termination.c,TPDB_Y2024_filtered_VBS\Stroeder_15,YES
BradleyMannaSipma-ICALP2005-Fig1_true-termination.c,TPDB_Y2024_filtered_VBS\Stroeder_15,YES
BrockschmidtCookFuhs-CAV2013-Fig1_true-termination.c,TPDB_Y2024_filtered_VBS\Stroeder_15,YES
BrockschmidtCookFuhs-CAV2013-Fig9a_true-termination.c,TPDB_Y2024_filtered_VBS\Stroeder_15,YES
BrockschmidtCookFuhs-CAV2013-Introduction_true-termination.c,TPDB_Y2024_filtered_VBS\Stroeder_15,YES
Cairo_true-termination.c,TPDB_Y2024_filtered_VBS\Stroeder_15,YES
ChawdharyCookGulwaniSagivYang-ESOP2008-aaron12_true-termination.c,TPDB_Y2024_filtered_VBS\Stroeder_15,YES
ChawdharyCookGulwaniSagivYang-ESOP2008-aaron1_true-termination.c,TPDB_Y2024_filtered_VBS\Stroeder_15,YES
ChawdharyCookGulwaniSagivYang-ESOP2008-aaron4_true-termination.c,TPDB_Y2024_filtered_VBS\Stroeder_15,YES
ChawdharyCookGulwaniSagivYang-ESOP2008-aaron6_true-termination.c,TPDB_Y2024_filtered_VBS\Stroeder_15,YES
ChawdharyCookGulwaniSagivYang-ESOP2008-random1d_true-termination.c,TPDB_Y2024_filtered_VBS\Stroeder_15,YES
ChawdharyCookGulwaniSagivYang-ESOP2008-random2d_true-termination.c,TPDB_Y2024_filtered_VBS\Stroeder_15,YES
ChenCookFuhsNimkarOHearn-TACAS2014-Introduction_false-termination.c,TPDB_Y2024_filtered_VBS\Stroeder_15,NO
ChenFlurMukhopadhyay-SAS2012-Ex1.01_true-termination.c,TPDB_Y2024_filtered_VBS\Stroeder_15,YES
ChenFlurMukhopadhyay-SAS2012-Ex1.02_true-termination.c,TPDB_Y2024_filtered_VBS\Stroeder_15,YES
ChenFlurMukhopadhyay-SAS2012-Ex1.03_true-termination.c,TPDB_Y2024_filtered_VBS\Stroeder_15,YES
ChenFlurMukhopadhyay-SAS2012-Ex1.04_true-termination.c,TPDB_Y2024_filtered_VBS\Stroeder_15,YES
ChenFlurMukhopadhyay-SAS2012-Ex1.05_true-termination.c,TPDB_Y2024_filtered_VBS\Stroeder_15,YES
ChenFlurMukhopadhyay-SAS2012-Ex2.01_true-termination.c,TPDB_Y2024_filtered_VBS\Stroeder_15,YES
ChenFlurMukhopadhyay-SAS2012-Ex2.02_false-termination.c,TPDB_Y2024_filtered_VBS\Stroeder_15,NO
ChenFlurMukhopadhyay-SAS2012-Ex2.03_false-termination.c,TPDB_Y2024_filtered_VBS\Stroeder_15,NO
ChenFlurMukhopadhyay-SAS2012-Ex2.04_false-termination.c,TPDB_Y2024_filtered_VBS\Stroeder_15,NO
ChenFlurMukhopadhyay-SAS2012-Ex2.07_true-termination.c,TPDB_Y2024_filtered_VBS\Stroeder_15,YES
ChenFlurMukhopadhyay-SAS2012-Ex2.08_true-termination.c,TPDB_Y2024_filtered_VBS\Stroeder_15,YES
ChenFlurMukhopadhyay-SAS2012-Ex2.09_true-termination.c,TPDB_Y2024_filtered_VBS\Stroeder_15,YES
ChenFlurMukhopadhyay-SAS2012-Ex2.10_true-termination.c,TPDB_Y2024_filtered_VBS\Stroeder_15,YES
ChenFlurMukhopadhyay-SAS2012-Ex2.12_false-termination.c,TPDB_Y2024_filtered_VBS\Stroeder_15,NO
ChenFlurMukhopadhyay-SAS2012-Ex2.13_true-termination.c,TPDB_Y2024_filtered_VBS\Stroeder_15,YES
ChenFlurMukhopadhyay-SAS2012-Ex2.14_false-termination.c,TPDB_Y2024_filtered_VBS\Stroeder_15,NO
ChenFlurMukhopadhyay-SAS2012-Ex2.15_false-termination.c,TPDB_Y2024_filtered_VBS\Stroeder_15,NO
ChenFlurMukhopadhyay-SAS2012-Ex2.16_true-termination.c,TPDB_Y2024_filtered_VBS\Stroeder_15,YES
ChenFlurMukhopadhyay-SAS2012-Ex2.17_false-termination.c,TPDB_Y2024_filtered_VBS\Stroeder_15,NO
ChenFlurMukhopadhyay-SAS2012-Ex2.18_true-termination.c,TPDB_Y2024_filtered_VBS\Stroeder_15,YES
ChenFlurMukhopadhyay-SAS2012-Ex2.19_true-termination.c,TPDB_Y2024_filtered_VBS\Stroeder_15,YES
ChenFlurMukhopadhyay-SAS2012-Ex2.20_true-termination.c,TPDB_Y2024_filtered_VBS\Stroeder_15,YES
ChenFlurMukhopadhyay-SAS2012-Ex2.21_true-termination.c,TPDB_Y2024_filtered_VBS\Stroeder_15,YES
ChenFlurMukhopadhyay-SAS2012-Ex2.22_true-termination.c,TPDB_Y2024_filtered_VBS\Stroeder_15,YES
ChenFlurMukhopadhyay-SAS2012-Ex3.01_true-termination.c,TPDB_Y2024_filtered_VBS\Stroeder_15,YES
ChenFlurMukhopadhyay-SAS2012-Ex3.02_false-termination.c,TPDB_Y2024_filtered_VBS\Stroeder_15,NO
ChenFlurMukhopadhyay-SAS2012-Ex3.03_true-termination.c,TPDB_Y2024_filtered_VBS\Stroeder_15,YES
ChenFlurMukhopadhyay-SAS2012-Ex3.04_true-termination.c,TPDB_Y2024_filtered_VBS\Stroeder_15,YES
ChenFlurMukhopadhyay-SAS2012-Ex3.05_true-termination.c,TPDB_Y2024_filtered_VBS\Stroeder_15,YES
ChenFlurMukhopadhyay-SAS2012-Ex3.06_false-termination.c,TPDB_Y2024_filtered_VBS\Stroeder_15,NO
ChenFlurMukhopadhyay-SAS2012-Ex3.07_true-termination.c,TPDB_Y2024_filtered_VBS\Stroeder_15,YES
ChenFlurMukhopadhyay-SAS2012-Ex3.08_true-termination.c,TPDB_Y2024_filtered_VBS\Stroeder_15,YES
ChenFlurMukhopadhyay-SAS2012-Ex3.09_true-termination.c,TPDB_Y2024_filtered_VBS\Stroeder_15,YES
ChenFlurMukhopadhyay-SAS2012-Ex3.10_true-termination.c,TPDB_Y2024_filtered_VBS\Stroeder_15,YES
ChenFlurMukhopadhyay-SAS2012-Ex4.01_true-termination.c,TPDB_Y2024_filtered_VBS\Stroeder_15,YES
ChenFlurMukhopadhyay-SAS2012-Fig1_true-termination.c,TPDB_Y2024_filtered_VBS\Stroeder_15,YES
Choose.c,TPDB_Y2024_filtered_VBS\Stroeder_15,NO
ChooseLife.c,TPDB_Y2024_filtered_VBS\Stroeder_15,NO
ColonSipma-TACAS2001-Fig1_true-termination.c,TPDB_Y2024_filtered_VBS\Stroeder_15,YES
ComplInterv2.c,TPDB_Y2024_filtered_VBS\Stroeder_15,NO
ComplInterv3.c,TPDB_Y2024_filtered_VBS\Stroeder_15,NO
ComplxStruc.c,TPDB_Y2024_filtered_VBS\Stroeder_15,NO
ConvLower.c,TPDB_Y2024_filtered_VBS\Stroeder_15,NO
CookSeeZuleger-TACAS2013-Fig1_true-termination.c,TPDB_Y2024_filtered_VBS\Stroeder_15,YES
CookSeeZuleger-TACAS2013-Fig7a_true-termination.c,TPDB_Y2024_filtered_VBS\Stroeder_15,YES
CookSeeZuleger-TACAS2013-Fig7b_true-termination.c,TPDB_Y2024_filtered_VBS\Stroeder_15,YES
CookSeeZuleger-TACAS2013-Fig8a-modified_true-termination.c,TPDB_Y2024_filtered_VBS\Stroeder_15,YES
CookSeeZuleger-TACAS2013-Fig8a_true-termination.c,TPDB_Y2024_filtered_VBS\Stroeder_15,YES
CookSeeZuleger-TACAS2013-Fig8b_true-termination.c,TPDB_Y2024_filtered_VBS\Stroeder_15,YES
Copenhagen_true-termination.c,TPDB_Y2024_filtered_VBS\Stroeder_15,YES
Cousot.c,TPDB_Y2024_filtered_VBS\Stroeder_15,NO
DivMinus.c,TPDB_Y2024_filtered_VBS\Stroeder_15,YES
DivMinus2.c,TPDB_Y2024_filtered_VBS\Stroeder_15,YES
DivWithoutMinus.c,TPDB_Y2024_filtered_VBS\Stroeder_15,NO
easy1_true-termination.c,TPDB_Y2024_filtered_VBS\Stroeder_15,YES
easy2_true-termination.c,TPDB_Y2024_filtered_VBS\Stroeder_15,YES
Et1.c,TPDB_Y2024_filtered_VBS\Stroeder_15,YES
Et2.c,TPDB_Y2024_filtered_VBS\Stroeder_15,NO
Et4.c,TPDB_Y2024_filtered_VBS\Stroeder_15,NO
Even.c,TPDB_Y2024_filtered_VBS\Stroeder_15,NO
Ex01.c,TPDB_Y2024_filtered_VBS\Stroeder_15,NO
Ex02.c,TPDB_Y2024_filtered_VBS\Stroeder_15,NO
Ex03.c,TPDB_Y2024_filtered_VBS\Stroeder_15,NO
Ex04.c,TPDB_Y2024_filtered_VBS\Stroeder_15,NO
Ex05.c,TPDB_Y2024_filtered_VBS\Stroeder_15,NO
Ex06.c,TPDB_Y2024_filtered_VBS\Stroeder_15,NO
Ex07.c,TPDB_Y2024_filtered_VBS\Stroeder_15,NO
Ex08.c,TPDB_Y2024_filtered_VBS\Stroeder_15,NO
Fibonacci.c,TPDB_Y2024_filtered_VBS\Stroeder_15,NO
Flip.c,TPDB_Y2024_filtered_VBS\Stroeder_15,NO
Flip2.c,TPDB_Y2024_filtered_VBS\Stroeder_15,NO
Gauss.c,TPDB_Y2024_filtered_VBS\Stroeder_15,NO
GCD.c,TPDB_Y2024_filtered_VBS\Stroeder_15,NO
gcd1_true-termination.c,TPDB_Y2024_filtered_VBS\Stroeder_15,YES
GCD2.c,TPDB_Y2024_filtered_VBS\Stroeder_15,NO
GCD3.c,TPDB_Y2024_filtered_VBS\Stroeder_15,YES
GCD4.c,TPDB_Y2024_filtered_VBS\Stroeder_15,YES
genady_true-termination.c,TPDB_Y2024_filtered_VBS\Stroeder_15,YES
GopanReps-CAV2006-Fig1a_true-termination.c.c,TPDB_Y2024_filtered_VBS\Stroeder_15,YES
Gothenburg_true-termination.c,TPDB_Y2024_filtered_VBS\Stroeder_15,YES
GulavaniGulwani-CAV2008-Fig1a_true-termination.c,TPDB_Y2024_filtered_VBS\Stroeder_15,YES
GulavaniGulwani-CAV2008-Fig1b_true-termination.c,TPDB_Y2024_filtered_VBS\Stroeder_15,YES
GulavaniGulwani-CAV2008-Fig1c_true-termination.c,TPDB_Y2024_filtered_VBS\Stroeder_15,YES
GulwaniJainKoskinen-PLDI2009-Fig1_true-termination.c,TPDB_Y2024_filtered_VBS\Stroeder_15,YES
HeizmannHoenickeLeikePodelski-ATVA2013-Fig1_true-termination.c,TPDB_Y2024_filtered_VBS\Stroeder_15,YES
HeizmannHoenickeLeikePodelski-ATVA2013-Fig4_true-termination.c,TPDB_Y2024_filtered_VBS\Stroeder_15,YES
HeizmannHoenickeLeikePodelski-ATVA2013-Fig6_true-termination.c,TPDB_Y2024_filtered_VBS\Stroeder_15,YES
HeizmannHoenickeLeikePodelski-ATVA2013-Fig8_true-termination.c,TPDB_Y2024_filtered_VBS\Stroeder_15,YES
HeizmannHoenickeLeikePodelski-ATVA2013-Fig9_true-termination.c,TPDB_Y2024_filtered_VBS\Stroeder_15,YES
IntPath.c,TPDB_Y2024_filtered_VBS\Stroeder_15,YES
KroeningSharyginaTsitovichWintersteiger-CAV2010-Ex_true-termination.c,TPDB_Y2024_filtered_VBS\Stroeder_15,YES
LarrazOliverasRodriguez-CarbonellRubio-FMCAD2013-Fig1_true-termination.c,TPDB_Y2024_filtered_VBS\Stroeder_15,YES
Lcm.c,TPDB_Y2024_filtered_VBS\Stroeder_15,NO
LeikeHeizmann-TACAS2014-Ex1_true-termination.c,TPDB_Y2024_filtered_VBS\Stroeder_15,YES
LeikeHeizmann-TACAS2014-Ex7_true-termination.c,TPDB_Y2024_filtered_VBS\Stroeder_15,YES
LeikeHeizmann-TACAS2014-Ex8_true-termination.c,TPDB_Y2024_filtered_VBS\Stroeder_15,YES
LeikeHeizmann-TACAS2014-Ex9_true-termination.c,TPDB_Y2024_filtered_VBS\Stroeder_15,YES
LeikeHeizmann-TACAS2014-Fig1_true-termination.c,TPDB_Y2024_filtered_VBS\Stroeder_15,YES
LeikeHeizmann-WST2014-Ex5_false-termination.c,TPDB_Y2024_filtered_VBS\Stroeder_15,NO
LeikeHeizmann-WST2014-Ex6_false-termination.c,TPDB_Y2024_filtered_VBS\Stroeder_15,NO
Lobnya-Boolean-Reordered_true-termination.c,TPDB_Y2024_filtered_VBS\Stroeder_15,YES
Log.c,TPDB_Y2024_filtered_VBS\Stroeder_15,YES
LogAG.c,TPDB_Y2024_filtered_VBS\Stroeder_15,YES
Loop.c,TPDB_Y2024_filtered_VBS\Stroeder_15,NO
Madrid_false-termination.c,TPDB_Y2024_filtered_VBS\Stroeder_15,NO
Marbie1.c,TPDB_Y2024_filtered_VBS\Stroeder_15,NO
Marbie2.c,TPDB_Y2024_filtered_VBS\Stroeder_15,NO
Masse-VMCAI2014-Ex6_true-termination.c,TPDB_Y2024_filtered_VBS\Stroeder_15,YES
Masse-VMCAI2014-Fig1a_true-termination.c,TPDB_Y2024_filtered_VBS\Stroeder_15,YES
McCarthyIterative.c,TPDB_Y2024_filtered_VBS\Stroeder_15,YES
MenloPark_true-termination.c,TPDB_Y2024_filtered_VBS\Stroeder_15,YES
Middle.c,TPDB_Y2024_filtered_VBS\Stroeder_15,NO
MinusBuiltIn.c,TPDB_Y2024_filtered_VBS\Stroeder_15,YES
MinusMin.c,TPDB_Y2024_filtered_VBS\Stroeder_15,YES
MinusUserDefined.c,TPDB_Y2024_filtered_VBS\Stroeder_15,YES
min_rf_true-termination.c,TPDB_Y2024_filtered_VBS\Stroeder_15,YES
MirrorInterv.c,TPDB_Y2024_filtered_VBS\Stroeder_15,NO
MirrorIntervSim.c,TPDB_Y2024_filtered_VBS\Stroeder_15,NO
Mysore_true-termination.c,TPDB_Y2024_filtered_VBS\Stroeder_15,YES
Narrowing.c,TPDB_Y2024_filtered_VBS\Stroeder_15,NO
NarrowKonv.c,TPDB_Y2024_filtered_VBS\Stroeder_15,NO
Nested.c,TPDB_Y2024_filtered_VBS\Stroeder_15,YES
NonTermination1_false-termination.c,TPDB_Y2024_filtered_VBS\Stroeder_15,NO
NonTermination2_false-termination.c,TPDB_Y2024_filtered_VBS\Stroeder_15,NO
NonTermination4_false-termination.c,TPDB_Y2024_filtered_VBS\Stroeder_15,NO
NonTerminationSimple2_false-termination.c,TPDB_Y2024_filtered_VBS\Stroeder_15,NO
NonTerminationSimple3_false-termination.c,TPDB_Y2024_filtered_VBS\Stroeder_15,NO
NonTerminationSimple4_false-termination.c,TPDB_Y2024_filtered_VBS\Stroeder_15,NO
NonTerminationSimple5_false-termination.c,TPDB_Y2024_filtered_VBS\Stroeder_15,NO
NonTerminationSimple6_false-termination.c,TPDB_Y2024_filtered_VBS\Stroeder_15,NO
NonTerminationSimple7_false-termination.c,TPDB_Y2024_filtered_VBS\Stroeder_15,NO
NonTerminationSimple8_false-termination.c,TPDB_Y2024_filtered_VBS\Stroeder_15,NO
NonTerminationSimple9_false-termination.c,TPDB_Y2024_filtered_VBS\Stroeder_15,NO
NoriSharma-FSE2013-Fig7_true-termination.c,TPDB_Y2024_filtered_VBS\Stroeder_15,YES
NoriSharma-FSE2013-Fig8_true-termination.c,TPDB_Y2024_filtered_VBS\Stroeder_15,YES
NO_00.c,TPDB_Y2024_filtered_VBS\Stroeder_15,NO
NO_01.c,TPDB_Y2024_filtered_VBS\Stroeder_15,NO
NO_02.c,TPDB_Y2024_filtered_VBS\Stroeder_15,NO
NO_03.c,TPDB_Y2024_filtered_VBS\Stroeder_15,NO
NO_04.c,TPDB_Y2024_filtered_VBS\Stroeder_15,NO
NO_10.c,TPDB_Y2024_filtered_VBS\Stroeder_15,NO
NO_12.c,TPDB_Y2024_filtered_VBS\Stroeder_15,NO
NO_13.c,TPDB_Y2024_filtered_VBS\Stroeder_15,NO
NO_21.c,TPDB_Y2024_filtered_VBS\Stroeder_15,NO
NO_22.c,TPDB_Y2024_filtered_VBS\Stroeder_15,NO
NO_23.c,TPDB_Y2024_filtered_VBS\Stroeder_15,NO
NO_24.c,TPDB_Y2024_filtered_VBS\Stroeder_15,NO
Nyala-2lex_true-termination.c,TPDB_Y2024_filtered_VBS\Stroeder_15,YES
Overflow.c,TPDB_Y2024_filtered_VBS\Stroeder_15,YES
Parallel_true-termination.c,TPDB_Y2024_filtered_VBS\Stroeder_15,YES
PastaA1.c,TPDB_Y2024_filtered_VBS\Stroeder_15,YES
PastaA10.c,TPDB_Y2024_filtered_VBS\Stroeder_15,YES
PastaA4.c,TPDB_Y2024_filtered_VBS\Stroeder_15,YES
PastaA5.c,TPDB_Y2024_filtered_VBS\Stroeder_15,YES
PastaA6.c,TPDB_Y2024_filtered_VBS\Stroeder_15,YES
PastaA7.c,TPDB_Y2024_filtered_VBS\Stroeder_15,YES
PastaA8.c,TPDB_Y2024_filtered_VBS\Stroeder_15,YES
PastaA9.c,TPDB_Y2024_filtered_VBS\Stroeder_15,YES
PastaB1.c,TPDB_Y2024_filtered_VBS\Stroeder_15,YES
PastaB11.c,TPDB_Y2024_filtered_VBS\Stroeder_15,YES
PastaB14.c,TPDB_Y2024_filtered_VBS\Stroeder_15,YES
PastaB15.c,TPDB_Y2024_filtered_VBS\Stroeder_15,YES
PastaB16.c,TPDB_Y2024_filtered_VBS\Stroeder_15,YES
PastaB17.c,TPDB_Y2024_filtered_VBS\Stroeder_15,YES
PastaB2.c,TPDB_Y2024_filtered_VBS\Stroeder_15,YES
PastaB3.c,TPDB_Y2024_filtered_VBS\Stroeder_15,YES
PastaB4.c,TPDB_Y2024_filtered_VBS\Stroeder_15,YES
PastaB6.c,TPDB_Y2024_filtered_VBS\Stroeder_15,YES
PastaB7.c,TPDB_Y2024_filtered_VBS\Stroeder_15,YES
PastaC1.c,TPDB_Y2024_filtered_VBS\Stroeder_15,YES
PastaC10.c,TPDB_Y2024_filtered_VBS\Stroeder_15,NO
PastaC2.c,TPDB_Y2024_filtered_VBS\Stroeder_15,YES
PastaC3.c,TPDB_Y2024_filtered_VBS\Stroeder_15,YES
PastaC7.c,TPDB_Y2024_filtered_VBS\Stroeder_15,YES
PastaC9.c,TPDB_Y2024_filtered_VBS\Stroeder_15,YES
Piecewise_true-termination.c,TPDB_Y2024_filtered_VBS\Stroeder_15,YES
PlusSwap.c,TPDB_Y2024_filtered_VBS\Stroeder_15,YES
PodelskiRybalchenko-LICS2004-Fig1_true-termination.c,TPDB_Y2024_filtered_VBS\Stroeder_15,YES
PodelskiRybalchenko-LICS2004-Fig2-TACAS2011-Fig3_true-termination.c,TPDB_Y2024_filtered_VBS\Stroeder_15,YES
PodelskiRybalchenko-TACAS2011-Fig1_true-termination.c,TPDB_Y2024_filtered_VBS\Stroeder_15,YES
PodelskiRybalchenko-TACAS2011-Fig2_true-termination.c,TPDB_Y2024_filtered_VBS\Stroeder_15,YES
PodelskiRybalchenko-TACAS2011-Fig4_true-termination.c,TPDB_Y2024_filtered_VBS\Stroeder_15,YES
PodelskiRybalchenko-VMCAI2004-Ex1_true-termination.c,TPDB_Y2024_filtered_VBS\Stroeder_15,YES
PodelskiRybalchenko-VMCAI2004-Ex2_true-termination.c,TPDB_Y2024_filtered_VBS\Stroeder_15,YES
Pure2Phase_true-termination.c,TPDB_Y2024_filtered_VBS\Stroeder_15,YES
Pure3Phase_true-termination.c,TPDB_Y2024_filtered_VBS\Stroeder_15,YES
Rotation180_false-termination.c,TPDB_Y2024_filtered_VBS\Stroeder_15,NO
Sequence.c,TPDB_Y2024_filtered_VBS\Stroeder_15,YES
Stockholm_true-termination.c,TPDB_Y2024_filtered_VBS\Stroeder_15,YES
Sunset.c,TPDB_Y2024_filtered_VBS\Stroeder_15,NO
svcomp_a.01.c,TPDB_Y2024_filtered_VBS\Stroeder_15,YES
svcomp_a.04.c,TPDB_Y2024_filtered_VBS\Stroeder_15,YES
svcomp_a.05.c,TPDB_Y2024_filtered_VBS\Stroeder_15,YES
svcomp_a.06.c,TPDB_Y2024_filtered_VBS\Stroeder_15,YES
svcomp_a.07.c,TPDB_Y2024_filtered_VBS\Stroeder_15,YES
svcomp_a.08.c,TPDB_Y2024_filtered_VBS\Stroeder_15,YES
svcomp_a.09_assume.c,TPDB_Y2024_filtered_VBS\Stroeder_15,YES
svcomp_a.10.c,TPDB_Y2024_filtered_VBS\Stroeder_15,YES
svcomp_b.01.c,TPDB_Y2024_filtered_VBS\Stroeder_15,YES
svcomp_b.02.c,TPDB_Y2024_filtered_VBS\Stroeder_15,YES
svcomp_b.03-no-inv_assume.c,TPDB_Y2024_filtered_VBS\Stroeder_15,YES
svcomp_b.03_assume.c,TPDB_Y2024_filtered_VBS\Stroeder_15,YES
svcomp_b.04.c,TPDB_Y2024_filtered_VBS\Stroeder_15,YES
svcomp_b.05.c,TPDB_Y2024_filtered_VBS\Stroeder_15,YES
svcomp_b.06.c,TPDB_Y2024_filtered_VBS\Stroeder_15,YES
svcomp_b.07.c,TPDB_Y2024_filtered_VBS\Stroeder_15,YES
svcomp_b.09-no-inv_assume.c,TPDB_Y2024_filtered_VBS\Stroeder_15,YES
svcomp_b.09_assume.c,TPDB_Y2024_filtered_VBS\Stroeder_15,YES
svcomp_b.10.c,TPDB_Y2024_filtered_VBS\Stroeder_15,YES
svcomp_b.11.c,TPDB_Y2024_filtered_VBS\Stroeder_15,YES
svcomp_b.12.c,TPDB_Y2024_filtered_VBS\Stroeder_15,YES
svcomp_b.13.c,TPDB_Y2024_filtered_VBS\Stroeder_15,YES
svcomp_b.14.c,TPDB_Y2024_filtered_VBS\Stroeder_15,YES
svcomp_b.15.c,TPDB_Y2024_filtered_VBS\Stroeder_15,YES
svcomp_b.16.c,TPDB_Y2024_filtered_VBS\Stroeder_15,YES
svcomp_b.17.c,TPDB_Y2024_filtered_VBS\Stroeder_15,YES
svcomp_b.18.c,TPDB_Y2024_filtered_VBS\Stroeder_15,YES
svcomp_c.01-no-inv.c,TPDB_Y2024_filtered_VBS\Stroeder_15,YES
svcomp_c.01_assume.c,TPDB_Y2024_filtered_VBS\Stroeder_15,YES
svcomp_c.02.c,TPDB_Y2024_filtered_VBS\Stroeder_15,YES
svcomp_c.03.c,TPDB_Y2024_filtered_VBS\Stroeder_15,YES
svcomp_c.07.c,TPDB_Y2024_filtered_VBS\Stroeder_15,YES
svcomp_c.08.c,TPDB_Y2024_filtered_VBS\Stroeder_15,YES
svcomp_easySum.c,TPDB_Y2024_filtered_VBS\Stroeder_15,YES
svcomp_ex1.c,TPDB_Y2024_filtered_VBS\Stroeder_15,YES
svcomp_ex2.c,TPDB_Y2024_filtered_VBS\Stroeder_15,YES
svcomp_ex3a.c,TPDB_Y2024_filtered_VBS\Stroeder_15,YES
svcomp_ex3b.c,TPDB_Y2024_filtered_VBS\Stroeder_15,YES
svcomp_fermat.c,TPDB_Y2024_filtered_VBS\Stroeder_15,YES
svcomp_flag.c,TPDB_Y2024_filtered_VBS\Stroeder_15,YES
svcomp_java_AG313.c,TPDB_Y2024_filtered_VBS\Stroeder_15,YES
svcomp_java_Break.c,TPDB_Y2024_filtered_VBS\Stroeder_15,YES
svcomp_java_Continue1.c,TPDB_Y2024_filtered_VBS\Stroeder_15,YES
svcomp_java_Nested.c,TPDB_Y2024_filtered_VBS\Stroeder_15,YES
svcomp_java_Sequence.c,TPDB_Y2024_filtered_VBS\Stroeder_15,YES
Swingers.c,TPDB_Y2024_filtered_VBS\Stroeder_15,NO
TelAviv-Amir-Minimum_true-termination.c,TPDB_Y2024_filtered_VBS\Stroeder_15,YES
Thun_true-termination.c,TPDB_Y2024_filtered_VBS\Stroeder_15,YES
Toulouse-BranchesToLoop_true-termination.c,TPDB_Y2024_filtered_VBS\Stroeder_15,YES
Toulouse-MultiBranchesToLoop_true-termination.c,TPDB_Y2024_filtered_VBS\Stroeder_15,YES
TrueDiv.c,TPDB_Y2024_filtered_VBS\Stroeder_15,NO
TwoFloatInterv.c,TPDB_Y2024_filtered_VBS\Stroeder_15,NO
UpAndDown.c,TPDB_Y2024_filtered_VBS\Stroeder_15,NO
UpAndDownIneq.c,TPDB_Y2024_filtered_VBS\Stroeder_15,NO
Urban-WST2013-Fig1_false-termination.c,TPDB_Y2024_filtered_VBS\Stroeder_15,NO
Urban-WST2013-Fig2-modified1000_true-termination.c,TPDB_Y2024_filtered_VBS\Stroeder_15,YES
Urban-WST2013-Fig2_true-termination.c,TPDB_Y2024_filtered_VBS\Stroeder_15,YES
UrbanMine-ESOP2014-Fig3_true-termination.c,TPDB_Y2024_filtered_VBS\Stroeder_15,YES
Velroyen_false-termination.c,TPDB_Y2024_filtered_VBS\Stroeder_15,NO
Waldkirch_true-termination.c,TPDB_Y2024_filtered_VBS\Stroeder_15,YES
WhileDecr.c,TPDB_Y2024_filtered_VBS\Stroeder_15,YES
WhileFalse_true-termination.c,TPDB_Y2024_filtered_VBS\Stroeder_15,YES
WhileIncr.c,TPDB_Y2024_filtered_VBS\Stroeder_15,NO
WhileIncrPart.c,TPDB_Y2024_filtered_VBS\Stroeder_15,NO
WhileNested.c,TPDB_Y2024_filtered_VBS\Stroeder_15,NO
WhileNestedOffset.c,TPDB_Y2024_filtered_VBS\Stroeder_15,NO
WhilePart.c,TPDB_Y2024_filtered_VBS\Stroeder_15,NO
WhileSingle.c,TPDB_Y2024_filtered_VBS\Stroeder_15,NO
WhileTrue.c,TPDB_Y2024_filtered_VBS\Stroeder_15,NO
WhileTrue_false-termination.c,TPDB_Y2024_filtered_VBS\Stroeder_15,NO
asc_ll_search_last.c,TPDB_Y2024_filtered_VBS\Hensel_22,YES
desc_ll_search-ptrdiff_existing.c,TPDB_Y2024_filtered_VBS\Hensel_22,YES
desc_ll_search_existing.c,TPDB_Y2024_filtered_VBS\Hensel_22,YES
desc_ll_search_last.c,TPDB_Y2024_filtered_VBS\Hensel_22,YES
desc_ll_search_mod.c,TPDB_Y2024_filtered_VBS\Hensel_22,YES
desc_ll_with_offset_search.c,TPDB_Y2024_filtered_VBS\Hensel_22,YES
nondet_ll_delete.c,TPDB_Y2024_filtered_VBS\Hensel_22,YES
nondet_ll_init.c,TPDB_Y2024_filtered_VBS\Hensel_22,YES
nondet_ll_init_rec.c,TPDB_Y2024_filtered_VBS\Hensel_22,YES
nondet_ll_insert.c,TPDB_Y2024_filtered_VBS\Hensel_22,YES
nondet_ll_search_last_n.c,TPDB_Y2024_filtered_VBS\Hensel_22,YES
nondet_ll_search_last_zero.c,TPDB_Y2024_filtered_VBS\Hensel_22,YES
nondet_ll_search_zero.c,TPDB_Y2024_filtered_VBS\Hensel_22,YES
nondet_ll_skip.c,TPDB_Y2024_filtered_VBS\Hensel_22,YES
nondet_ll_traverse-ptrdiff.c,TPDB_Y2024_filtered_VBS\Hensel_22,YES
nondet_ll_traverse.c,TPDB_Y2024_filtered_VBS\Hensel_22,YES
nondet_ll_traverse_rec.c,TPDB_Y2024_filtered_VBS\Hensel_22,YES
svcomp_a.01-alloca.c,TPDB_Y2024_filtered_VBS\AProVE_memory_alloca,YES
svcomp_a.04-alloca.c,TPDB_Y2024_filtered_VBS\AProVE_memory_alloca,YES
svcomp_a.05-alloca.c,TPDB_Y2024_filtered_VBS\AProVE_memory_alloca,YES
svcomp_a.06-alloca.c,TPDB_Y2024_filtered_VBS\AProVE_memory_alloca,YES
svcomp_a.07-alloca.c,TPDB_Y2024_filtered_VBS\AProVE_memory_alloca,YES
svcomp_a.08-alloca.c,TPDB_Y2024_filtered_VBS\AProVE_memory_alloca,YES
svcomp_a.09_assume-alloca.c,TPDB_Y2024_filtered_VBS\AProVE_memory_alloca,YES
svcomp_a.10-alloca.c,TPDB_Y2024_filtered_VBS\AProVE_memory_alloca,YES
svcomp_array01_alloca.c,TPDB_Y2024_filtered_VBS\AProVE_memory_alloca,YES
svcomp_array02_alloca.c,TPDB_Y2024_filtered_VBS\AProVE_memory_alloca,YES
svcomp_array03_alloca.c,TPDB_Y2024_filtered_VBS\AProVE_memory_alloca,YES
svcomp_Avery-2006FLOPS-Tabel1_true-alloca.c,TPDB_Y2024_filtered_VBS\AProVE_memory_alloca,YES
svcomp_aviad_true-alloca.c,TPDB_Y2024_filtered_VBS\AProVE_memory_alloca,YES
svcomp_b.01-alloca.c,TPDB_Y2024_filtered_VBS\AProVE_memory_alloca,YES
svcomp_b.02-alloca.c,TPDB_Y2024_filtered_VBS\AProVE_memory_alloca,YES
svcomp_b.03-no-inv_assume-alloca.c,TPDB_Y2024_filtered_VBS\AProVE_memory_alloca,YES
svcomp_b.03_assume-alloca.c,TPDB_Y2024_filtered_VBS\AProVE_memory_alloca,YES
svcomp_b.04-alloca.c,TPDB_Y2024_filtered_VBS\AProVE_memory_alloca,YES
svcomp_b.05-alloca.c,TPDB_Y2024_filtered_VBS\AProVE_memory_alloca,YES
svcomp_b.06-alloca.c,TPDB_Y2024_filtered_VBS\AProVE_memory_alloca,YES
svcomp_b.07-alloca.c,TPDB_Y2024_filtered_VBS\AProVE_memory_alloca,YES
svcomp_b.09-no-inv_assume-alloca.c,TPDB_Y2024_filtered_VBS\AProVE_memory_alloca,YES
svcomp_b.09_assume-alloca.c,TPDB_Y2024_filtered_VBS\AProVE_memory_alloca,YES
svcomp_b.10-alloca.c,TPDB_Y2024_filtered_VBS\AProVE_memory_alloca,YES
svcomp_b.11-alloca.c,TPDB_Y2024_filtered_VBS\AProVE_memory_alloca,YES
svcomp_b.12-alloca.c,TPDB_Y2024_filtered_VBS\AProVE_memory_alloca,YES
svcomp_b.13-alloca.c,TPDB_Y2024_filtered_VBS\AProVE_memory_alloca,YES
svcomp_b.14-alloca.c,TPDB_Y2024_filtered_VBS\AProVE_memory_alloca,YES
svcomp_b.15-alloca.c,TPDB_Y2024_filtered_VBS\AProVE_memory_alloca,YES
svcomp_b.16-alloca.c,TPDB_Y2024_filtered_VBS\AProVE_memory_alloca,YES
svcomp_b.17-alloca.c,TPDB_Y2024_filtered_VBS\AProVE_memory_alloca,YES
svcomp_b.18-alloca.c,TPDB_Y2024_filtered_VBS\AProVE_memory_alloca,YES
svcomp_Ben-Amram-2010LMCS-Ex2.3_true-alloca.c,TPDB_Y2024_filtered_VBS\AProVE_memory_alloca,YES
svcomp_BradleyMannaSipma-2005CAV-Fig1-modified_false-termination.c,TPDB_Y2024_filtered_VBS\AProVE_memory_alloca,NO
svcomp_BradleyMannaSipma-2005ICALP-Fig1_true-alloca.c,TPDB_Y2024_filtered_VBS\AProVE_memory_alloca,NO
svcomp_BrockschmidtCookFuhs-2013CAV-Fig1_true-alloca.c,TPDB_Y2024_filtered_VBS\AProVE_memory_alloca,YES
svcomp_BrockschmidtCookFuhs-2013CAV-Introduction_true-alloca.c,TPDB_Y2024_filtered_VBS\AProVE_memory_alloca,YES
svcomp_bubblesort_alloca.c,TPDB_Y2024_filtered_VBS\AProVE_memory_alloca,YES
svcomp_c.01-no-inv-alloca.c,TPDB_Y2024_filtered_VBS\AProVE_memory_alloca,YES
svcomp_c.01_assume-alloca.c,TPDB_Y2024_filtered_VBS\AProVE_memory_alloca,YES
svcomp_c.02-alloca.c,TPDB_Y2024_filtered_VBS\AProVE_memory_alloca,YES
svcomp_c.03-alloca.c,TPDB_Y2024_filtered_VBS\AProVE_memory_alloca,YES
svcomp_c.07-alloca.c,TPDB_Y2024_filtered_VBS\AProVE_memory_alloca,YES
svcomp_c.08-alloca.c,TPDB_Y2024_filtered_VBS\AProVE_memory_alloca,YES
svcomp_ChenFlurMukhopadhyay-2012SAS-Fig1_true-alloca.c,TPDB_Y2024_filtered_VBS\AProVE_memory_alloca,YES
svcomp_CookSeeZuleger-2013TACAS-Fig3_true-alloca.c,TPDB_Y2024_filtered_VBS\AProVE_memory_alloca,YES
svcomp_CookSeeZuleger-2013TACAS-Fig7a_true-alloca.c,TPDB_Y2024_filtered_VBS\AProVE_memory_alloca,YES
svcomp_CookSeeZuleger-2013TACAS-Fig7b_true-alloca.c,TPDB_Y2024_filtered_VBS\AProVE_memory_alloca,YES
svcomp_count_down_alloca.c,TPDB_Y2024_filtered_VBS\AProVE_memory_alloca,YES
svcomp_cstrchr_true_alloca.c,TPDB_Y2024_filtered_VBS\AProVE_memory_alloca,YES
svcomp_cstrcmp_true_alloca.c,TPDB_Y2024_filtered_VBS\AProVE_memory_alloca,YES
svcomp_cstrcpy_alloca.c,TPDB_Y2024_filtered_VBS\AProVE_memory_alloca,YES
svcomp_cstrcspn_true_alloca.c,TPDB_Y2024_filtered_VBS\AProVE_memory_alloca,YES
svcomp_cstrlen_true_alloca.c,TPDB_Y2024_filtered_VBS\AProVE_memory_alloca,YES
svcomp_cstrncmp_true_alloca.c,TPDB_Y2024_filtered_VBS\AProVE_memory_alloca,YES
svcomp_cstrncpy_alloca.c,TPDB_Y2024_filtered_VBS\AProVE_memory_alloca,YES
svcomp_cstrpbrk_true_alloca.c,TPDB_Y2024_filtered_VBS\AProVE_memory_alloca,YES
svcomp_cstrspn_true_alloca.c,TPDB_Y2024_filtered_VBS\AProVE_memory_alloca,YES
svcomp_diff_alloca.c,TPDB_Y2024_filtered_VBS\AProVE_memory_alloca,YES
svcomp_easySum-alloca.c,TPDB_Y2024_filtered_VBS\AProVE_memory_alloca,YES
svcomp_ex1-alloca.c,TPDB_Y2024_filtered_VBS\AProVE_memory_alloca,YES
svcomp_ex3a-alloca.c,TPDB_Y2024_filtered_VBS\AProVE_memory_alloca,YES
svcomp_ex3b-alloca.c,TPDB_Y2024_filtered_VBS\AProVE_memory_alloca,YES
svcomp_fermat-alloca.c,TPDB_Y2024_filtered_VBS\AProVE_memory_alloca,YES
svcomp_flag-alloca.c,TPDB_Y2024_filtered_VBS\AProVE_memory_alloca,YES
svcomp_gcd1_true-alloca.c,TPDB_Y2024_filtered_VBS\AProVE_memory_alloca,YES
svcomp_genady_true-alloca.c,TPDB_Y2024_filtered_VBS\AProVE_memory_alloca,YES
svcomp_GulwaniJainKoskinen-2009PLDI-Fig1_true-alloca.c,TPDB_Y2024_filtered_VBS\AProVE_memory_alloca,YES
svcomp_HarrisLalNoriRajamani-2010SAS-Fig1_true-alloca.c,TPDB_Y2024_filtered_VBS\AProVE_memory_alloca,YES
svcomp_HarrisLalNoriRajamani-2010SAS-Fig2_false-unreach-label-termination-alloca.c,TPDB_Y2024_filtered_VBS\AProVE_memory_alloca,NO
svcomp_HarrisLalNoriRajamani-2010SAS-Fig3_true-alloca.c,TPDB_Y2024_filtered_VBS\AProVE_memory_alloca,YES
svcomp_insertionsort_alloca.c,TPDB_Y2024_filtered_VBS\AProVE_memory_alloca,YES
svcomp_java_AG313-alloca.c,TPDB_Y2024_filtered_VBS\AProVE_memory_alloca,YES
svcomp_java_Break-alloca.c,TPDB_Y2024_filtered_VBS\AProVE_memory_alloca,YES
svcomp_java_BubbleSort_alloca.c,TPDB_Y2024_filtered_VBS\AProVE_memory_alloca,YES
svcomp_java_Continue1-alloca.c,TPDB_Y2024_filtered_VBS\AProVE_memory_alloca,YES
svcomp_java_LogBuiltIn-alloca.c,TPDB_Y2024_filtered_VBS\AProVE_memory_alloca,YES
svcomp_java_Nested-alloca.c,TPDB_Y2024_filtered_VBS\AProVE_memory_alloca,YES
svcomp_java_Sequence-alloca.c,TPDB_Y2024_filtered_VBS\AProVE_memory_alloca,YES
svcomp_KroeningSharyginaTsitovichWintersteiger-2010CAV-Fig1_true-alloca.c,TPDB_Y2024_filtered_VBS\AProVE_memory_alloca,YES
svcomp_LarrazOliverasRodriguez-CarbonellRubio-2013FMCAD-Fig1_true-alloca.c,TPDB_Y2024_filtered_VBS\AProVE_memory_alloca,YES
svcomp_lis_alloca.c,TPDB_Y2024_filtered_VBS\AProVE_memory_alloca,YES
svcomp_min_rf_true-alloca.c,TPDB_Y2024_filtered_VBS\AProVE_memory_alloca,YES
svcomp_mult_array_alloca.c,TPDB_Y2024_filtered_VBS\AProVE_memory_alloca,YES
svcomp_NoriSharma-2013FSE-Fig7_true-alloca.c,TPDB_Y2024_filtered_VBS\AProVE_memory_alloca,YES
svcomp_NoriSharma-2013FSE-Fig8_true-alloca.c,TPDB_Y2024_filtered_VBS\AProVE_memory_alloca,YES
svcomp_openbsd_cbzero_alloca.c,TPDB_Y2024_filtered_VBS\AProVE_memory_alloca,YES
svcomp_openbsd_cmemchr_alloca.c,TPDB_Y2024_filtered_VBS\AProVE_memory_alloca,YES
svcomp_openbsd_cmemset_alloca.c,TPDB_Y2024_filtered_VBS\AProVE_memory_alloca,YES
svcomp_openbsd_cstpcpy_alloca.c,TPDB_Y2024_filtered_VBS\AProVE_memory_alloca,YES
svcomp_openbsd_cstpncpy_alloca.c,TPDB_Y2024_filtered_VBS\AProVE_memory_alloca,YES
svcomp_openbsd_cstrcmp_alloca.c,TPDB_Y2024_filtered_VBS\AProVE_memory_alloca,YES
svcomp_openbsd_cstrcpy_alloca.c,TPDB_Y2024_filtered_VBS\AProVE_memory_alloca,YES
svcomp_openbsd_cstrlcpy_alloca.c,TPDB_Y2024_filtered_VBS\AProVE_memory_alloca,YES
svcomp_openbsd_cstrlen_alloca.c,TPDB_Y2024_filtered_VBS\AProVE_memory_alloca,YES
svcomp_openbsd_cstrncmp_alloca.c,TPDB_Y2024_filtered_VBS\AProVE_memory_alloca,YES
svcomp_openbsd_cstrncpy_alloca.c,TPDB_Y2024_filtered_VBS\AProVE_memory_alloca,YES
svcomp_openbsd_cstrnlen_alloca.c,TPDB_Y2024_filtered_VBS\AProVE_memory_alloca,YES
svcomp_openbsd_cstrpbrk_alloca.c,TPDB_Y2024_filtered_VBS\AProVE_memory_alloca,YES
svcomp_openbsd_cstrspn_alloca.c,TPDB_Y2024_filtered_VBS\AProVE_memory_alloca,YES
svcomp_openbsd_cstrstr_alloca.c,TPDB_Y2024_filtered_VBS\AProVE_memory_alloca,YES
svcomp_PodelskiRybalchenko-2004VMCAI-Ex2_true-alloca.c,TPDB_Y2024_filtered_VBS\AProVE_memory_alloca,NO
svcomp_selectionsort_alloca.c,TPDB_Y2024_filtered_VBS\AProVE_memory_alloca,YES
svcomp_stroeder1_alloca.c,TPDB_Y2024_filtered_VBS\AProVE_memory_alloca,YES
svcomp_stroeder2_alloca.c,TPDB_Y2024_filtered_VBS\AProVE_memory_alloca,YES
svcomp_strreplace_alloca.c,TPDB_Y2024_filtered_VBS\AProVE_memory_alloca,YES
svcomp_subseq_alloca.c,TPDB_Y2024_filtered_VBS\AProVE_memory_alloca,YES
svcomp_substring_alloca.c,TPDB_Y2024_filtered_VBS\AProVE_memory_alloca,YES
svcomp_Toulouse-BranchesToLoop_true-alloca.c,TPDB_Y2024_filtered_VBS\AProVE_memory_alloca,YES
svcomp_Toulouse-MultiBranchesToLoop_true-alloca.c,TPDB_Y2024_filtered_VBS\AProVE_memory_alloca,YES
svcomp_twisted-alloca.c,TPDB_Y2024_filtered_VBS\AProVE_memory_alloca,YES
svcomp_Urban-2013WST-Fig1_false-unreach-label-termination-alloca.c,TPDB_Y2024_filtered_VBS\AProVE_memory_alloca,NO
svcomp_Urban-2013WST-Fig2-modified1000_true-alloca.c,TPDB_Y2024_filtered_VBS\AProVE_memory_alloca,YES
svcomp_Urban-2013WST-Fig2_true-alloca.c,TPDB_Y2024_filtered_VBS\AProVE_memory_alloca,YES
svcomp_Urban_true-alloca.c,TPDB_Y2024_filtered_VBS\AProVE_memory_alloca,YES
svcomp_Velroyen_false-unreach-label-termination-alloca.c,TPDB_Y2024_filtered_VBS\AProVE_memory_alloca,NO
aaron2_true-termination.c,TPDB_Y2024_filtered_VBS\SV-COMP_Termination_Category,YES
aaron3_true-termination.c,TPDB_Y2024_filtered_VBS\SV-COMP_Termination_Category,YES
AliasDarteFeautrierGonnord-SAS2010-counterex1a_true-termination.c,TPDB_Y2024_filtered_VBS\SV-COMP_Termination_Category,YES
AliasDarteFeautrierGonnord-SAS2010-counterex1b_true-termination.c,TPDB_Y2024_filtered_VBS\SV-COMP_Termination_Category,YES
AliasDarteFeautrierGonnord-SAS2010-cousot9_true-termination.c,TPDB_Y2024_filtered_VBS\SV-COMP_Termination_Category,YES
AliasDarteFeautrierGonnord-SAS2010-Fig1_true-termination.c,TPDB_Y2024_filtered_VBS\SV-COMP_Termination_Category,YES
AliasDarteFeautrierGonnord-SAS2010-Fig2a_true-termination.c,TPDB_Y2024_filtered_VBS\SV-COMP_Termination_Category,YES
AliasDarteFeautrierGonnord-SAS2010-Fig2b_true-termination.c,TPDB_Y2024_filtered_VBS\SV-COMP_Termination_Category,YES
AliasDarteFeautrierGonnord-SAS2010-ndecr_true-termination.c,TPDB_Y2024_filtered_VBS\SV-COMP_Termination_Category,YES
AliasDarteFeautrierGonnord-SAS2010-nestedLoop_true-termination.c,TPDB_Y2024_filtered_VBS\SV-COMP_Termination_Category,YES
AliasDarteFeautrierGonnord-SAS2010-random1d_true-termination.c,TPDB_Y2024_filtered_VBS\SV-COMP_Termination_Category,YES
AliasDarteFeautrierGonnord-SAS2010-rsd_true-termination.c,TPDB_Y2024_filtered_VBS\SV-COMP_Termination_Category,YES
AliasDarteFeautrierGonnord-SAS2010-speedpldi2_true-termination.c,TPDB_Y2024_filtered_VBS\SV-COMP_Termination_Category,YES
AliasDarteFeautrierGonnord-SAS2010-speedpldi3_true-termination.c,TPDB_Y2024_filtered_VBS\SV-COMP_Termination_Category,YES
AliasDarteFeautrierGonnord-SAS2010-speedpldi4_true-termination.c,TPDB_Y2024_filtered_VBS\SV-COMP_Termination_Category,YES
AliasDarteFeautrierGonnord-SAS2010-terminate_true-termination.c,TPDB_Y2024_filtered_VBS\SV-COMP_Termination_Category,YES
AliasDarteFeautrierGonnord-SAS2010-wcet2_true-termination.c,TPDB_Y2024_filtered_VBS\SV-COMP_Termination_Category,YES
AliasDarteFeautrierGonnord-SAS2010-while2_true-termination.c,TPDB_Y2024_filtered_VBS\SV-COMP_Termination_Category,YES
AliasDarteFeautrierGonnord-SAS2010-wise_true-termination.c,TPDB_Y2024_filtered_VBS\SV-COMP_Termination_Category,YES
Avery-FLOPS2006-Table1_true-termination.c,TPDB_Y2024_filtered_VBS\SV-COMP_Termination_Category,YES
aviad_true-termination.c,TPDB_Y2024_filtered_VBS\SV-COMP_Termination_Category,YES
BradleyMannaSipma-CAV2005-Fig1-modified_false-termination.c,TPDB_Y2024_filtered_VBS\SV-COMP_Termination_Category,NO
BradleyMannaSipma-CAV2005-Fig1_true-termination.c,TPDB_Y2024_filtered_VBS\SV-COMP_Termination_Category,YES
BradleyMannaSipma-ICALP2005-Fig1_true-termination.c,TPDB_Y2024_filtered_VBS\SV-COMP_Termination_Category,YES
ChawdharyCookGulwaniSagivYang-ESOP2008-aaron12_true-termination.c,TPDB_Y2024_filtered_VBS\SV-COMP_Termination_Category,MAYBE
ChawdharyCookGulwaniSagivYang-ESOP2008-aaron1_true-termination.c,TPDB_Y2024_filtered_VBS\SV-COMP_Termination_Category,YES
ChawdharyCookGulwaniSagivYang-ESOP2008-aaron4_true-termination.c,TPDB_Y2024_filtered_VBS\SV-COMP_Termination_Category,YES
ChawdharyCookGulwaniSagivYang-ESOP2008-aaron6_true-termination.c,TPDB_Y2024_filtered_VBS\SV-COMP_Termination_Category,YES
ChawdharyCookGulwaniSagivYang-ESOP2008-random1d_true-termination.c,TPDB_Y2024_filtered_VBS\SV-COMP_Termination_Category,YES
ChenFlurMukhopadhyay-SAS2012-Ex1.02_true-termination.c,TPDB_Y2024_filtered_VBS\SV-COMP_Termination_Category,YES
ChenFlurMukhopadhyay-SAS2012-Ex1.03_true-termination.c,TPDB_Y2024_filtered_VBS\SV-COMP_Termination_Category,YES
ChenFlurMukhopadhyay-SAS2012-Ex1.04_true-termination.c,TPDB_Y2024_filtered_VBS\SV-COMP_Termination_Category,YES
ChenFlurMukhopadhyay-SAS2012-Ex1.05_true-termination.c,TPDB_Y2024_filtered_VBS\SV-COMP_Termination_Category,YES
ChenFlurMukhopadhyay-SAS2012-Ex2.01_true-termination.c,TPDB_Y2024_filtered_VBS\SV-COMP_Termination_Category,YES
ChenFlurMukhopadhyay-SAS2012-Ex2.02_false-termination.c,TPDB_Y2024_filtered_VBS\SV-COMP_Termination_Category,NO
ChenFlurMukhopadhyay-SAS2012-Ex2.05_false-termination.c,TPDB_Y2024_filtered_VBS\SV-COMP_Termination_Category,NO
ChenFlurMukhopadhyay-SAS2012-Ex2.07_true-termination.c,TPDB_Y2024_filtered_VBS\SV-COMP_Termination_Category,YES
ChenFlurMukhopadhyay-SAS2012-Ex2.08_true-termination.c,TPDB_Y2024_filtered_VBS\SV-COMP_Termination_Category,YES
ChenFlurMukhopadhyay-SAS2012-Ex2.10_true-termination.c,TPDB_Y2024_filtered_VBS\SV-COMP_Termination_Category,YES
ChenFlurMukhopadhyay-SAS2012-Ex2.13_true-termination.c,TPDB_Y2024_filtered_VBS\SV-COMP_Termination_Category,YES
ChenFlurMukhopadhyay-SAS2012-Ex2.16_true-termination.c,TPDB_Y2024_filtered_VBS\SV-COMP_Termination_Category,YES
ChenFlurMukhopadhyay-SAS2012-Ex2.17_false-termination.c,TPDB_Y2024_filtered_VBS\SV-COMP_Termination_Category,NO
ChenFlurMukhopadhyay-SAS2012-Ex2.20_true-termination.c,TPDB_Y2024_filtered_VBS\SV-COMP_Termination_Category,YES
ChenFlurMukhopadhyay-SAS2012-Ex2.22_true-termination.c,TPDB_Y2024_filtered_VBS\SV-COMP_Termination_Category,YES
ChenFlurMukhopadhyay-SAS2012-Ex3.01_true-termination.c,TPDB_Y2024_filtered_VBS\SV-COMP_Termination_Category,YES
ChenFlurMukhopadhyay-SAS2012-Ex3.03_true-termination.c,TPDB_Y2024_filtered_VBS\SV-COMP_Termination_Category,YES
ChenFlurMukhopadhyay-SAS2012-Ex3.04_true-termination.c,TPDB_Y2024_filtered_VBS\SV-COMP_Termination_Category,YES
ChenFlurMukhopadhyay-SAS2012-Ex3.05_true-termination.c,TPDB_Y2024_filtered_VBS\SV-COMP_Termination_Category,YES
ChenFlurMukhopadhyay-SAS2012-Ex3.08_true-termination.c,TPDB_Y2024_filtered_VBS\SV-COMP_Termination_Category,YES
ChenFlurMukhopadhyay-SAS2012-Ex3.09_true-termination.c,TPDB_Y2024_filtered_VBS\SV-COMP_Termination_Category,YES
ChenFlurMukhopadhyay-SAS2012-Ex4.01_true-termination.c,TPDB_Y2024_filtered_VBS\SV-COMP_Termination_Category,YES
CookSeeZuleger-TACAS2013-Fig1_true-termination.c,TPDB_Y2024_filtered_VBS\SV-COMP_Termination_Category,YES
CookSeeZuleger-TACAS2013-Fig7a_true-termination.c,TPDB_Y2024_filtered_VBS\SV-COMP_Termination_Category,YES
CookSeeZuleger-TACAS2013-Fig7b_true-termination.c,TPDB_Y2024_filtered_VBS\SV-COMP_Termination_Category,YES
gcd1_true-termination.c,TPDB_Y2024_filtered_VBS\SV-COMP_Termination_Category,YES
genady_true-termination.c,TPDB_Y2024_filtered_VBS\SV-COMP_Termination_Category,YES
GopanReps-CAV2006-Fig1a_true-termination.c.c,TPDB_Y2024_filtered_VBS\SV-COMP_Termination_Category,YES
GulwaniJainKoskinen-PLDI2009-Fig1_true-termination.c,TPDB_Y2024_filtered_VBS\SV-COMP_Termination_Category,YES
HarrisLalNoriRajamani-SAS2010-Fig1_true-termination.c,TPDB_Y2024_filtered_VBS\SV-COMP_Termination_Category,YES
HarrisLalNoriRajamani-SAS2010-Fig2_false-termination.c,TPDB_Y2024_filtered_VBS\SV-COMP_Termination_Category,NO
HarrisLalNoriRajamani-SAS2010-Fig3_true-termination.c,TPDB_Y2024_filtered_VBS\SV-COMP_Termination_Category,YES
HeizmannHoenickeLeikePodelski-ATVA2013-Fig2_true-termination.c,TPDB_Y2024_filtered_VBS\SV-COMP_Termination_Category,YES
HeizmannHoenickeLeikePodelski-ATVA2013-Fig5_true-termination.c,TPDB_Y2024_filtered_VBS\SV-COMP_Termination_Category,YES
HeizmannHoenickeLeikePodelski-ATVA2013-Fig6_true-termination.c,TPDB_Y2024_filtered_VBS\SV-COMP_Termination_Category,YES
HeizmannHoenickeLeikePodelski-ATVA2013-Fig7_true-termination.c,TPDB_Y2024_filtered_VBS\SV-COMP_Termination_Category,YES
HeizmannHoenickeLeikePodelski-ATVA2013-Fig8_true-termination.c,TPDB_Y2024_filtered_VBS\SV-COMP_Termination_Category,YES
HeizmannHoenickeLeikePodelski-ATVA2013-Fig9_true-termination.c,TPDB_Y2024_filtered_VBS\SV-COMP_Termination_Category,YES
HenzingerJhalaMajumdarSutre-POPL2002-LockingExample_false-termination.c,TPDB_Y2024_filtered_VBS\SV-COMP_Termination_Category,NO
joey_false-termination.c,TPDB_Y2024_filtered_VBS\SV-COMP_Termination_Category,NO
KroeningSharyginaTsitovichWintersteiger-CAV2010-Ex_true-termination.c,TPDB_Y2024_filtered_VBS\SV-COMP_Termination_Category,YES
KroeningSharyginaTsitovichWintersteiger-CAV2010-Fig1_true-termination.c,TPDB_Y2024_filtered_VBS\SV-COMP_Termination_Category,YES
LarrazOliverasRodriguez-CarbonellRubio-FMCAD2013-Fig1_true-termination.c,TPDB_Y2024_filtered_VBS\SV-COMP_Termination_Category,YES
LeeJonesBen-Amram-POPL2001-Ex1_true-termination.c,TPDB_Y2024_filtered_VBS\SV-COMP_Termination_Category,YES
LeeJonesBen-Amram-POPL2001-Ex2_true-termination.c,TPDB_Y2024_filtered_VBS\SV-COMP_Termination_Category,YES
LeeJonesBen-Amram-POPL2001-Ex3_true-termination.c,TPDB_Y2024_filtered_VBS\SV-COMP_Termination_Category,YES
LeeJonesBen-Amram-POPL2001-Ex4_true-termination.c,TPDB_Y2024_filtered_VBS\SV-COMP_Termination_Category,YES
LeeJonesBen-Amram-POPL2001-Ex5_true-termination.c,TPDB_Y2024_filtered_VBS\SV-COMP_Termination_Category,YES
LeeJonesBen-Amram-POPL2001-Ex6_true-termination.c,TPDB_Y2024_filtered_VBS\SV-COMP_Termination_Category,YES
LeikeHeizmann-TACAS2014-Ex9_true-termination.c,TPDB_Y2024_filtered_VBS\SV-COMP_Termination_Category,YES
LeikeHeizmann-WST2014-Ex9_true-termination.c,TPDB_Y2024_filtered_VBS\SV-COMP_Termination_Category,YES
min_rf_true-termination.c,TPDB_Y2024_filtered_VBS\SV-COMP_Termination_Category,YES
PodelskiRybalchenko-LICS2004-Fig2_true-termination.c,TPDB_Y2024_filtered_VBS\SV-COMP_Termination_Category,YES
PodelskiRybalchenko-TACAS2011-Fig4_true-termination.c,TPDB_Y2024_filtered_VBS\SV-COMP_Termination_Category,YES
PodelskiRybalchenko-VMCAI2004-Ex1_true-termination.c,TPDB_Y2024_filtered_VBS\SV-COMP_Termination_Category,YES
svcomp_cstrcmp_true-termination.c,TPDB_Y2024_filtered_VBS\SV-COMP_Termination_Category,YES
svcomp_cstrcspn_true-termination.c,TPDB_Y2024_filtered_VBS\SV-COMP_Termination_Category,YES
svcomp_cstrlen_true-termination.c,TPDB_Y2024_filtered_VBS\SV-COMP_Termination_Category,YES
svcomp_cstrncmp_true-termination.c,TPDB_Y2024_filtered_VBS\SV-COMP_Termination_Category,YES
svcomp_cstrpbrk_true-termination.c,TPDB_Y2024_filtered_VBS\SV-COMP_Termination_Category,YES
svcomp_cstrspn_true-termination.c,TPDB_Y2024_filtered_VBS\SV-COMP_Termination_Category,YES
svcomp_strchr_true-termination.c,TPDB_Y2024_filtered_VBS\SV-COMP_Termination_Category,YES
TelAviv-Amir-Minimum_true-termination.c,TPDB_Y2024_filtered_VBS\SV-COMP_Termination_Category,YES
Toulouse-BranchesToLoop_true-termination.c,TPDB_Y2024_filtered_VBS\SV-COMP_Termination_Category,YES
Toulouse-MultiBranchesToLoop_true-termination.c,TPDB_Y2024_filtered_VBS\SV-COMP_Termination_Category,YES
UrbanMine-ESOP2014-Fig3_true-termination.c,TPDB_Y2024_filtered_VBS\SV-COMP_Termination_Category,YES
majority-noarray_true-termination.c,TPDB_Y2024_filtered_VBS\Di_Stefano_20,YES
Avg_true.c,TPDB_Y2024_filtered_VBS\AProVE_numeric,YES
Binomial_true.c,TPDB_Y2024_filtered_VBS\AProVE_numeric,YES
Et1_true.c,TPDB_Y2024_filtered_VBS\AProVE_numeric,YES
Et2_true.c,TPDB_Y2024_filtered_VBS\AProVE_numeric,YES
Et3_true.c,TPDB_Y2024_filtered_VBS\AProVE_numeric,YES
Et4_true.c,TPDB_Y2024_filtered_VBS\AProVE_numeric,YES
ex2.c,TPDB_Y2024_filtered_VBS\AProVE_numeric,YES
ex3.c,TPDB_Y2024_filtered_VBS\AProVE_numeric,YES
LeUserDefRec_true.c,TPDB_Y2024_filtered_VBS\AProVE_numeric,YES
rec_counter1.c,TPDB_Y2024_filtered_VBS\AProVE_numeric,YES
rec_counter3.c,TPDB_Y2024_filtered_VBS\AProVE_numeric,YES
rec_strlen.c,TPDB_Y2024_filtered_VBS\AProVE_numeric,YES
svcomp_a.01.c,TPDB_Y2024_filtered_VBS\AProVE_numeric,YES
svcomp_a.04.c,TPDB_Y2024_filtered_VBS\AProVE_numeric,YES
svcomp_a.05.c,TPDB_Y2024_filtered_VBS\AProVE_numeric,YES
svcomp_a.06.c,TPDB_Y2024_filtered_VBS\AProVE_numeric,YES
svcomp_a.07.c,TPDB_Y2024_filtered_VBS\AProVE_numeric,YES
svcomp_a.08.c,TPDB_Y2024_filtered_VBS\AProVE_numeric,YES
svcomp_a.09_assume.c,TPDB_Y2024_filtered_VBS\AProVE_numeric,YES
svcomp_a.10.c,TPDB_Y2024_filtered_VBS\AProVE_numeric,YES
svcomp_Ackermann01_true-unreach-call_modified_modified.c,TPDB_Y2024_filtered_VBS\AProVE_numeric,YES
svcomp_Addition01_true-unreach-call_true-termination_modified.c,TPDB_Y2024_filtered_VBS\AProVE_numeric,YES
svcomp_b.01.c,TPDB_Y2024_filtered_VBS\AProVE_numeric,YES
svcomp_b.02.c,TPDB_Y2024_filtered_VBS\AProVE_numeric,YES
svcomp_b.03-no-inv_assume.c,TPDB_Y2024_filtered_VBS\AProVE_numeric,YES
svcomp_b.03_assume.c,TPDB_Y2024_filtered_VBS\AProVE_numeric,YES
svcomp_b.04.c,TPDB_Y2024_filtered_VBS\AProVE_numeric,YES
svcomp_b.05.c,TPDB_Y2024_filtered_VBS\AProVE_numeric,YES
svcomp_b.06.c,TPDB_Y2024_filtered_VBS\AProVE_numeric,YES
svcomp_b.07.c,TPDB_Y2024_filtered_VBS\AProVE_numeric,YES
svcomp_b.09-no-inv_assume.c,TPDB_Y2024_filtered_VBS\AProVE_numeric,YES
svcomp_b.09_assume.c,TPDB_Y2024_filtered_VBS\AProVE_numeric,YES
svcomp_b.10.c,TPDB_Y2024_filtered_VBS\AProVE_numeric,YES
svcomp_b.11.c,TPDB_Y2024_filtered_VBS\AProVE_numeric,YES
svcomp_b.12.c,TPDB_Y2024_filtered_VBS\AProVE_numeric,YES
svcomp_b.13.c,TPDB_Y2024_filtered_VBS\AProVE_numeric,YES
svcomp_b.14.c,TPDB_Y2024_filtered_VBS\AProVE_numeric,YES
svcomp_b.15.c,TPDB_Y2024_filtered_VBS\AProVE_numeric,YES
svcomp_b.16.c,TPDB_Y2024_filtered_VBS\AProVE_numeric,YES
svcomp_b.17.c,TPDB_Y2024_filtered_VBS\AProVE_numeric,YES
svcomp_b.18.c,TPDB_Y2024_filtered_VBS\AProVE_numeric,YES
svcomp_c.01-no-inv.c,TPDB_Y2024_filtered_VBS\AProVE_numeric,YES
svcomp_c.01_assume.c,TPDB_Y2024_filtered_VBS\AProVE_numeric,YES
svcomp_c.02.c,TPDB_Y2024_filtered_VBS\AProVE_numeric,YES
svcomp_c.03.c,TPDB_Y2024_filtered_VBS\AProVE_numeric,YES
svcomp_c.07.c,TPDB_Y2024_filtered_VBS\AProVE_numeric,YES
svcomp_c.08.c,TPDB_Y2024_filtered_VBS\AProVE_numeric,YES
svcomp_easySum.c,TPDB_Y2024_filtered_VBS\AProVE_numeric,YES
svcomp_EvenOdd01_true-unreach-call_true-termination_modified.c,TPDB_Y2024_filtered_VBS\AProVE_numeric,YES
svcomp_ex1.c,TPDB_Y2024_filtered_VBS\AProVE_numeric,YES
svcomp_ex2.c,TPDB_Y2024_filtered_VBS\AProVE_numeric,MAYBE
svcomp_ex3a.c,TPDB_Y2024_filtered_VBS\AProVE_numeric,YES
svcomp_ex3b.c,TPDB_Y2024_filtered_VBS\AProVE_numeric,YES
svcomp_fermat.c,TPDB_Y2024_filtered_VBS\AProVE_numeric,YES
svcomp_Fibonacci01_true-unreach-call_modified.c,TPDB_Y2024_filtered_VBS\AProVE_numeric,YES
svcomp_flag.c,TPDB_Y2024_filtered_VBS\AProVE_numeric,YES
svcomp_gcd01_true-unreach-call_true-termination_modified.c,TPDB_Y2024_filtered_VBS\AProVE_numeric,YES
svcomp_java_AG313.c,TPDB_Y2024_filtered_VBS\AProVE_numeric,YES
svcomp_java_Break.c,TPDB_Y2024_filtered_VBS\AProVE_numeric,YES
svcomp_java_Continue1.c,TPDB_Y2024_filtered_VBS\AProVE_numeric,YES
svcomp_java_LogBuiltIn.c,TPDB_Y2024_filtered_VBS\AProVE_numeric,YES
svcomp_java_Nested.c,TPDB_Y2024_filtered_VBS\AProVE_numeric,YES
svcomp_java_Sequence.c,TPDB_Y2024_filtered_VBS\AProVE_numeric,YES
svcomp_MultCommutative_true-unreach-call_true-termination_modified.c,TPDB_Y2024_filtered_VBS\AProVE_numeric,YES
svcomp_recHanoi02_true-unreach-call_true-termination_modified.c,TPDB_Y2024_filtered_VBS\AProVE_numeric,YES
svcomp_twisted.c,TPDB_Y2024_filtered_VBS\AProVE_numeric,YES
TerminatorRec02_true.c,TPDB_Y2024_filtered_VBS\AProVE_numeric,YES
TwoWay_true.c,TPDB_Y2024_filtered_VBS\AProVE_numeric,YES
4BitCounterPointer_true-termination.c,TPDB_Y2024_filtered_VBS\Ultimate,YES
Arrays01-EquivalentConstantIndices_true-termination.c,TPDB_Y2024_filtered_VBS\Ultimate,YES
Arrays02-EquivalentConstantIndices_false-termination.c,TPDB_Y2024_filtered_VBS\Ultimate,NO
Arrays03-ValueRestictsIndex_true-termination.c,TPDB_Y2024_filtered_VBS\Ultimate,YES
Bangalore_true-termination.c,TPDB_Y2024_filtered_VBS\Ultimate,YES
Cairo_true-termination.c,TPDB_Y2024_filtered_VBS\Ultimate,YES
Division_false-termination.c,TPDB_Y2024_filtered_VBS\Ultimate,NO
Gothenburg_true-termination.c,TPDB_Y2024_filtered_VBS\Ultimate,YES
Lobnya-Boolean-Reordered_true-termination.c,TPDB_Y2024_filtered_VBS\Ultimate,YES
Madrid_false-termination.c,TPDB_Y2024_filtered_VBS\Ultimate,NO
Mysore_true-termination.c,TPDB_Y2024_filtered_VBS\Ultimate,YES
NonTermination2_false-termination.c,TPDB_Y2024_filtered_VBS\Ultimate,NO
NonTerminationSimple2_false-termination.c,TPDB_Y2024_filtered_VBS\Ultimate,NO
NonTerminationSimple3_false-termination.c,TPDB_Y2024_filtered_VBS\Ultimate,NO
NonTerminationSimple4_false-termination.c,TPDB_Y2024_filtered_VBS\Ultimate,NO
NonTerminationSimple5_false-termination.c,TPDB_Y2024_filtered_VBS\Ultimate,NO
NonTerminationSimple6_false-termination.c,TPDB_Y2024_filtered_VBS\Ultimate,NO
NonTerminationSimple7_false-termination.c,TPDB_Y2024_filtered_VBS\Ultimate,NO
NonTerminationSimple8_false-termination.c,TPDB_Y2024_filtered_VBS\Ultimate,NO
NonTerminationSimple9_false-termination.c,TPDB_Y2024_filtered_VBS\Ultimate,NO
Nyala-2lex_true-termination.c,TPDB_Y2024_filtered_VBS\Ultimate,YES
Parallel_true-termination.c,TPDB_Y2024_filtered_VBS\Ultimate,YES
Pure3Phase_true-termination.c,TPDB_Y2024_filtered_VBS\Ultimate,YES
RecursiveMultiplication_true-termination.c,TPDB_Y2024_filtered_VBS\Ultimate,YES
RecursiveNonterminating_false-termination.c,TPDB_Y2024_filtered_VBS\Ultimate,NO
Rotation180_false-termination.c,TPDB_Y2024_filtered_VBS\Ultimate,NO
Stockholm_true-termination.c,TPDB_Y2024_filtered_VBS\Ultimate,YES
SyntaxSupportPointer01_true-termination.c,TPDB_Y2024_filtered_VBS\Ultimate,YES
WhileFalse_true-termination.c,TPDB_Y2024_filtered_VBS\Ultimate,YES
WhileTrue_false-termination.c,TPDB_Y2024_filtered_VBS\Ultimate,NO
2Nested_false-termination.c,TPDB_Y2024_filtered_VBS\Ton_Chanh_15,NO
Ackermann_false-termination.c,TPDB_Y2024_filtered_VBS\Ton_Chanh_15,NO
Ackermann_true-termination.c,TPDB_Y2024_filtered_VBS\Ton_Chanh_15,YES
Bangalore_false-termination.c,TPDB_Y2024_filtered_VBS\Ton_Chanh_15,NO
Bangalore_v2_false-termination.c,TPDB_Y2024_filtered_VBS\Ton_Chanh_15,NO
Bangalore_v3_false-termination.c,TPDB_Y2024_filtered_VBS\Ton_Chanh_15,NO
Bangalore_v4_true-termination.c,TPDB_Y2024_filtered_VBS\Ton_Chanh_15,YES
Benghazi_nondet_true-termination.c,TPDB_Y2024_filtered_VBS\Ton_Chanh_15,YES
Binary_Search_true-termination.c,TPDB_Y2024_filtered_VBS\Ton_Chanh_15,NO
Cairo_nondet_false-termination.c,TPDB_Y2024_filtered_VBS\Ton_Chanh_15,NO
Cairo_step2_false-termination.c,TPDB_Y2024_filtered_VBS\Ton_Chanh_15,NO
Copenhagen_disj_true-termination.c,TPDB_Y2024_filtered_VBS\Ton_Chanh_15,YES
Gothenburg_v2_true-termination.c,TPDB_Y2024_filtered_VBS\Ton_Chanh_15,YES
Hanoi_2vars_false-termination.c,TPDB_Y2024_filtered_VBS\Ton_Chanh_15,NO
Hanoi_3vars_false-termination.c,TPDB_Y2024_filtered_VBS\Ton_Chanh_15,NO
Hanoi_plus_false-termination.c,TPDB_Y2024_filtered_VBS\Ton_Chanh_15,NO
McCarthy91_Iteration_true-termination.c,TPDB_Y2024_filtered_VBS\Ton_Chanh_15,YES
McCarthy91_Recursion_true-termination.c,TPDB_Y2024_filtered_VBS\Ton_Chanh_15,YES
MutualRecursion_1a_false-termination.c,TPDB_Y2024_filtered_VBS\Ton_Chanh_15,NO
MutualRecursion_1b_true-termination.c,TPDB_Y2024_filtered_VBS\Ton_Chanh_15,YES
Mysore_false-termination.c,TPDB_Y2024_filtered_VBS\Ton_Chanh_15,NO
NestedRecursion_1a_false-termination.c,TPDB_Y2024_filtered_VBS\Ton_Chanh_15,NO
NestedRecursion_1b_true-termination.c,TPDB_Y2024_filtered_VBS\Ton_Chanh_15,YES
NestedRecursion_1c_true-termination.c,TPDB_Y2024_filtered_VBS\Ton_Chanh_15,YES
NestedRecursion_1d_true-termination.c,TPDB_Y2024_filtered_VBS\Ton_Chanh_15,YES
NestedRecursion_2a_false-termination.c,TPDB_Y2024_filtered_VBS\Ton_Chanh_15,NO
NestedRecursion_2b_false-termination.c,TPDB_Y2024_filtered_VBS\Ton_Chanh_15,NO
NestedRecursion_2c_true-termination.c,TPDB_Y2024_filtered_VBS\Ton_Chanh_15,YES
Singapore_plus_false-termination.c,TPDB_Y2024_filtered_VBS\Ton_Chanh_15,NO
Singapore_true-termination.c,TPDB_Y2024_filtered_VBS\Ton_Chanh_15,YES
Singapore_v1_false-termination.c,TPDB_Y2024_filtered_VBS\Ton_Chanh_15,NO
Singapore_v2_false-termination.c,TPDB_Y2024_filtered_VBS\Ton_Chanh_15,NO
